Time_UTCG_,Azimuth_deg_,Elevation_deg_,Range_km_,x_km_,y_km_,z_km_,vx_km_sec_,vy_km_sec_,vz_km_sec_,eci_x_m,eci_y_m,eci_z_m,obs_vector_x,obs_vector_y,obs_vector_z
1 Jan 2025 11:41:06.000,170.237,5.016,4070.777235,7452.359299,-2515.498181,-130.280047,1.552833,4.309001,5.45181,-1543217.691,-5900142.481,1852683.337,0.168923704428594,-0.981743393191095,0.0874339293853122
1 Jan 2025 11:41:07.000,170.17,5.057,4066.901193,7453.909074,-2511.188152,-124.828187,1.546724,4.311061,5.451915,-1542906.76,-5900289.803,1852473.118,0.170060885311286,-0.981483288442675,0.0881467514710199
1 Jan 2025 11:41:08.000,170.102,5.097,4063.029271,7455.452738,-2506.876065,-119.376225,1.540613,4.313117,5.452015,-1542595.816,-5900437.1,1852262.903,0.17121499329403,-0.981219903738719,0.0888421441563815
1 Jan 2025 11:41:09.000,170.035,5.137,4059.161481,7456.990292,-2502.561923,-113.924165,1.534501,4.31517,5.452111,-1542284.856,-5900584.373,1852052.692,0.172351510717824,-0.980957692259789,0.0895374935411613
1 Jan 2025 11:41:10.000,169.967,5.177,4055.297841,7458.521733,-2498.24573,-108.472011,1.528388,4.31722,5.452202,-1541973.906,-5900731.608,1851842.502,0.173504680782084,-0.98069065850534,0.0902327992864544
1 Jan 2025 11:41:11.000,169.899,5.217,4051.438366,7460.047061,-2493.927488,-103.019769,1.522274,4.319266,5.452289,-1541662.942,-5900878.818,1851632.317,0.17465737465238,-0.980421791471717,0.0909280610533773
1 Jan 2025 11:41:12.000,169.831,5.257,4047.583069,7461.566274,-2489.607203,-97.567441,1.516159,4.321308,5.452372,-1541351.938,-5901026.015,1851422.119,0.175809589040023,-0.98015109204547,0.0916232785030679
1 Jan 2025 11:41:13.000,169.763,5.297,4043.731967,7463.07937,-2485.284877,-92.115034,1.510042,4.323347,5.45245,-1541040.919,-5901173.187,1851211.925,0.176961320657992,-0.979878561119265,0.0923184512966856
1 Jan 2025 11:41:14.000,169.695,5.337,4039.885075,7464.586349,-2480.960513,-86.662551,1.503924,4.325383,5.452523,-1540729.911,-5901320.322,1851001.753,0.17811256622095,-0.979604199591881,0.0930135790954116
1 Jan 2025 11:41:15.000,169.627,5.377,4036.042408,7466.08721,-2476.634116,-81.209997,1.497805,4.327415,5.452592,-1540418.887,-5901467.432,1850791.585,0.179263322445253,-0.979328008368207,0.0937086615604491
1 Jan 2025 11:41:16.000,169.558,5.417,4032.203982,7467.581951,-2472.305689,-75.757376,1.491684,4.329443,5.452656,-1540107.824,-5901614.528,1850581.404,0.180430673667318,-0.97904683939903,0.0944036983530233
1 Jan 2025 11:41:17.000,169.489,5.457,4028.369811,7469.07057,-2467.975236,-70.304693,1.485563,4.331468,5.452716,-1539796.746,-5901761.6,1850371.228,0.181597519164365,-0.97876380212913,0.0950986891343818
1 Jan 2025 11:41:18.000,169.42,5.497,4024.539912,7470.553068,-2463.642759,-64.851952,1.47944,4.333489,5.452772,-1539485.654,-5901908.647,1850161.056,0.182763855561183,-0.978478897508103,0.0957936335657945
1 Jan 2025 11:41:19.000,169.351,5.537,4020.714299,7472.029442,-2459.308263,-59.399158,1.473316,4.335506,5.452823,-1539174.571,-5902055.657,1849950.905,0.183929679484364,-0.978192126491876,0.0964885313085539
1 Jan 2025 11:41:20.000,169.282,5.577,4016.892989,7473.499691,-2454.971751,-53.946315,1.46719,4.337521,5.452869,-1538863.474,-5902202.641,1849740.759,0.185094987562319,-0.977903490042697,0.0971833820239753
1 Jan 2025 11:41:21.000,169.213,5.617,4013.075996,7474.963814,-2450.633227,-48.493428,1.461064,4.339531,5.452911,-1538552.337,-5902349.613,1849530.6,0.186259776425287,-0.977612989129141,0.0978781853733969
1 Jan 2025 11:41:22.000,169.144,5.657,4009.263338,7476.421811,-2446.292695,-43.040501,1.454936,4.341538,5.452949,-1538241.185,-5902496.559,1849320.445,0.187424042705345,-0.977320624726099,0.09857294101818
1 Jan 2025 11:41:23.000,169.074,5.697,4005.455027,7477.873679,-2441.950157,-37.587539,1.448807,4.343541,5.452982,-1537930.044,-5902643.469,1849110.312,0.188604835335221,-0.977023106188225,0.099267648619709
1 Jan 2025 11:41:24.000,169.004,5.738,4001.651082,7479.319417,-2437.605617,-32.134546,1.442677,4.345541,5.453011,-1537618.863,-5902790.365,1848900.166,0.18978475544998,-0.976721972439558,0.0999796736970637
1 Jan 2025 11:41:25.000,168.935,5.778,3997.851516,7480.759025,-2433.25908,-26.681526,1.436546,4.347537,5.453035,-1537307.692,-5902937.225,1848690.042,0.190947419002128,-0.976423971399771,0.100674282973984
1 Jan 2025 11:41:26.000,168.865,5.818,3994.056348,7482.192502,-2428.910547,-21.228485,1.430414,4.34953,5.453054,-1536996.481,-5903084.071,1848479.904,0.192126582975796,-0.976120757768058,0.101368843183482
1 Jan 2025 11:41:27.000,168.795,5.858,3990.26559,7483.619845,-2424.560024,-15.775426,1.42428,4.351519,5.453069,-1536685.255,-5903230.892,1848269.772,0.193305196870904,-0.975815644799579,0.102063353987038
1 Jan 2025 11:41:28.000,168.724,5.898,3986.47926,7485.041054,-2420.207514,-10.322354,1.418145,4.353505,5.45308,-1536374.04,-5903377.676,1848059.66,0.194500283040467,-0.975505239014183,0.102757815046154
1 Jan 2025 11:41:29.000,168.654,5.938,3982.697374,7486.456128,-2415.85302,-4.869274,1.41201,4.355487,5.453086,-1536062.81,-5903524.436,1847849.553,0.195677781024106,-0.975196309952258,0.10345222602236
1 Jan 2025 11:41:30.000,168.583,5.978,3978.919948,7487.865065,-2411.496546,0.58381,1.405873,4.357465,5.453088,-1535751.54,-5903671.182,1847639.433,0.196871733468953,-0.974882048796287,0.104146586577207
1 Jan 2025 11:41:31.000,168.513,6.018,3975.146996,7489.267865,-2407.138095,6.036894,1.399734,4.35944,5.453085,-1535440.256,-5903817.902,1847429.317,0.19804810160487,-0.974569307898913,0.104840896372274
1 Jan 2025 11:41:32.000,168.442,6.058,3971.378536,7490.664526,-2402.777671,11.489972,1.393595,4.361411,5.453078,-1535128.956,-5903964.598,1847219.206,0.199240906263166,-0.974251195696449,0.105535155069161
1 Jan 2025 11:41:33.000,168.371,6.098,3967.614584,7492.055047,-2398.415277,16.943041,1.387455,4.363379,5.453066,-1534817.667,-5904111.257,1847009.116,0.200433128967322,-0.973931149204828,0.106229362329495
1 Jan 2025 11:41:34.000,168.3,6.138,3963.855154,7493.439428,-2394.050918,22.396097,1.381313,4.365343,5.45305,-1534506.364,-5904257.891,1846799.031,0.201624766174507,-0.973609169535269,0.106923517814929
1 Jan 2025 11:41:35.000,168.229,6.178,3960.100264,7494.817666,-2389.684596,27.849134,1.37517,4.367304,5.45303,-1534195.02,-5904404.512,1846588.933,0.202815814344041,-0.973285257805739,0.107617621187139
1 Jan 2025 11:41:36.000,168.157,6.218,3956.349929,7496.189761,-2385.316315,33.302147,1.369027,4.369261,5.453004,-1533883.662,-5904551.108,1846378.839,0.204023251251613,-0.972955854411662,0.108311672107828
1 Jan 2025 11:41:37.000,168.086,6.258,3952.604167,7497.555711,-2380.94608,38.755134,1.362882,4.371214,5.452975,-1533572.314,-5904697.666,1846168.766,0.205213105011569,-0.972628061176171,0.109005670238724
1 Jan 2025 11:41:38.000,168.014,6.298,3948.862993,7498.915516,-2376.573892,44.208089,1.356736,4.373164,5.452941,-1533260.951,-5904844.2,1845958.698,0.206419328867085,-0.972294736736712,0.10969961524158
1 Jan 2025 11:41:39.000,167.942,6.339,3945.126422,7500.269174,-2372.199757,49.661007,1.350588,4.37511,5.452902,-1532949.549,-5904990.72,1845748.618,0.207624535341044,-0.971957558631352,0.11041085337863
1 Jan 2025 11:41:40.000,167.87,6.379,3941.394472,7501.616685,-2367.823677,55.113885,1.34444,4.377053,5.452859,-1532638.132,-5905137.216,1845538.541,0.208829520947362,-0.971620285447939,0.111104689761329
1 Jan 2025 11:41:41.000,167.798,6.419,3937.667159,7502.958047,-2363.445657,60.566717,1.338291,4.378992,5.452812,-1532326.7,-5905283.686,1845328.469,0.2100338844111,-0.971281045351564,0.111798471992951
1 Jan 2025 11:41:42.000,167.726,6.459,3933.944499,7504.293259,-2359.065699,66.019499,1.33214,4.380927,5.45276,-1532015.278,-5905430.119,1845118.419,0.211237622105231,-0.970939839540035,0.112492199735356
1 Jan 2025 11:41:43.000,167.653,6.499,3930.226508,7505.62232,-2354.683808,71.472227,1.325989,4.382859,5.452703,-1531703.842,-5905576.528,1844908.372,0.212457670480295,-0.970592961280086,0.113185872650429
1 Jan 2025 11:41:44.000,167.581,6.539,3926.513204,7506.945229,-2350.299987,76.924897,1.319836,4.384787,5.452642,-1531392.366,-5905722.923,1844698.314,0.213660139739593,-0.970247806672437,0.113879490400083
1 Jan 2025 11:41:45.000,167.508,6.579,3922.804602,7508.261985,-2345.914239,82.377503,1.313683,4.386712,5.452577,-1531080.875,-5905869.293,1844488.259,0.214878900255763,-0.969896939799375,0.114573052646257
1 Jan 2025 11:41:46.000,167.435,6.619,3919.100719,7509.572587,-2341.526568,87.830042,1.307528,4.388633,5.452507,-1530769.369,-5906015.638,1844278.209,0.216097008232205,-0.969544069858432,0.115266559050917
1 Jan 2025 11:41:47.000,167.362,6.659,3915.401572,7510.877033,-2337.136978,93.282508,1.301372,4.39055,5.452432,-1530457.874,-5906161.946,1844068.18,0.217314459950023,-0.969189198116305,0.115960009276056
1 Jan 2025 11:41:48.000,167.289,6.699,3911.707177,7512.175323,-2332.745473,98.734898,1.295215,4.392464,5.452353,-1530146.364,-5906308.229,1843858.156,0.218531251692812,-0.968832325846891,0.116653402983695
1 Jan 2025 11:41:49.000,167.215,6.739,3908.01755,7513.467456,-2328.352055,104.187206,1.289057,4.394374,5.45227,-1529834.814,-5906454.498,1843648.119,0.219764282763699,-0.968469618868473,0.117346739835883
1 Jan 2025 11:41:50.000,167.142,6.779,3904.33271,7514.75343,-2323.956729,109.639429,1.282898,4.396281,5.452182,-1529523.25,-5906600.743,1843438.086,0.220979737118709,-0.968108728181209,0.118040019494696
1 Jan 2025 11:41:51.000,167.068,6.819,3900.652671,7516.033245,-2319.559498,115.091562,1.276738,4.398184,5.45209,-1529211.696,-5906746.951,1843228.075,0.222211410647121,-0.967741962669849,0.118733241622237
1 Jan 2025 11:41:52.000,166.994,6.859,3896.977452,7517.306899,-2315.160366,120.543601,1.270577,4.400084,5.451993,-1528900.127,-5906893.134,1843018.068,0.223442396520021,-0.967373159135513,0.119426405880638
1 Jan 2025 11:41:53.000,166.921,6.899,3893.307068,7518.574392,-2310.759336,125.99554,1.264415,4.401979,5.451892,-1528588.518,-5907039.303,1842808.048,0.224655813519619,-0.967006240054862,0.12011951193206
1 Jan 2025 11:41:54.000,166.846,6.939,3889.641537,7519.835722,-2306.356413,131.447376,1.258252,4.403872,5.451786,-1528276.895,-5907185.447,1842598.033,0.225902290065022,-0.96662944338834,0.120812559438691
1 Jan 2025 11:41:55.000,166.772,6.979,3885.980875,7521.090889,-2301.951598,136.899104,1.252088,4.40576,5.451676,-1527965.257,-5907331.566,1842388.022,0.227131190126678,-0.966254533889291,0.121505548062748
1 Jan 2025 11:41:56.000,166.698,7.019,3882.3251,7522.33989,-2297.544898,142.350719,1.245923,4.407645,5.451561,-1527653.629,-5907477.649,1842178.033,0.228359387311962,-0.96587759179483,0.122198477466478
1 Jan 2025 11:41:57.000,166.623,7.059,3878.674228,7523.582727,-2293.136313,147.802217,1.239757,4.409527,5.451442,-1527341.987,-5907623.706,1841968.047,0.229603728917255,-0.96549461128641,0.122891347312153
1 Jan 2025 11:41:58.000,166.548,7.099,3875.028276,7524.819396,-2288.72585,153.253594,1.23359,4.411404,5.451318,-1527030.305,-5907769.75,1841758.05,0.23084734668176,-0.965109557824299,0.123584157262079
1 Jan 2025 11:41:59.000,166.474,7.139,3871.387262,7526.049898,-2284.31351,158.704845,1.227421,4.413278,5.45119,-1526718.608,-5907915.769,1841548.056,0.232073399086978,-0.964726483428361,0.124276906978588
1 Jan 2025 11:42:00.000,166.399,7.179,3867.751202,7527.274231,-2279.899298,164.155966,1.221252,4.415149,5.451057,-1526406.922,-5908061.751,1841338.084,0.233315564264317,-0.964337310030374,0.124969596124043
1 Jan 2025 11:42:01.000,166.323,7.219,3864.120114,7528.492394,-2275.483217,169.606952,1.215082,4.417016,5.45092,-1526095.195,-5908207.72,1841128.1,0.234573817941535,-0.963941974034236,0.125662224360834
1 Jan 2025 11:42:02.000,166.248,7.259,3860.494014,7529.704387,-2271.065272,175.057798,1.208911,4.418879,5.450779,-1525783.48,-5908353.652,1840918.137,0.235814501368216,-0.963548643114092,0.126354791351384
1 Jan 2025 11:42:03.000,166.173,7.299,3856.87292,7530.910208,-2266.645465,180.508501,1.202739,4.420739,5.450633,-1525471.724,-5908499.57,1840708.161,0.237054441481167,-0.963153246456918,0.127047296758143
1 Jan 2025 11:42:04.000,166.097,7.339,3853.25685,7532.109857,-2262.2238,185.959055,1.196566,4.422595,5.450482,-1525159.954,-5908645.464,1840498.19,0.238310437616546,-0.962751626373859,0.127739740243593
1 Jan 2025 11:42:05.000,166.021,7.379,3849.64582,7533.303332,-2257.80028,191.409457,1.190391,4.424447,5.450327,-1524848.194,-5908791.32,1840288.239,0.239565668649977,-0.962347899971181,0.128432121470246
1 Jan 2025 11:42:06.000,165.945,7.419,3846.039847,7534.490632,-2253.37491,196.859701,1.184216,4.426296,5.450168,-1524536.419,-5908937.152,1840078.294,0.240820130592375,-0.961942068770343,0.129124440100643
1 Jan 2025 11:42:07.000,165.869,7.459,3842.43895,7535.671757,-2248.947694,202.309784,1.17804,4.428141,5.450004,-1524224.605,-5909082.97,1839868.336,0.242073819457728,-0.961534134300704,0.129816695797356
1 Jan 2025 11:42:08.000,165.793,7.499,3838.843144,7536.846705,-2244.518634,207.7597,1.171863,4.429983,5.449835,-1523912.776,-5909228.763,1839658.382,0.243326731263103,-0.961124098099518,0.130508888222989
1 Jan 2025 11:42:09.000,165.716,7.538,3835.25245,7538.015476,-2240.087734,213.209446,1.165685,4.431821,5.449662,-1523600.932,-5909374.531,1839448.432,0.244596194521896,-0.960709911809887,0.13118371459768
1 Jan 2025 11:42:10.000,165.64,7.578,3831.666881,7539.178068,-2235.654998,218.659016,1.159507,4.433655,5.449485,-1523289.098,-5909520.263,1839238.504,0.24584753897953,-0.960295665898998,0.13187578107184
1 Jan 2025 11:42:11.000,165.563,7.618,3828.086458,7540.334481,-2231.22043,224.108407,1.153327,4.435485,5.449303,-1522977.25,-5909665.969,1839028.58,0.24711484745719,-0.959875010094924,0.132567783271347
1 Jan 2025 11:42:12.000,165.486,7.658,3824.511196,7541.484714,-2226.784033,229.557614,1.147146,4.437312,5.449117,-1522665.363,-5909811.661,1838818.644,0.248381348285174,-0.959452214870882,0.133259720858926
1 Jan 2025 11:42:13.000,165.409,7.698,3820.941115,7542.628766,-2222.345811,235.006632,1.140964,4.439136,5.448926,-1522353.46,-5909957.329,1838608.712,0.249647037385428,-0.959027281845622,0.133951593497336
1 Jan 2025 11:42:14.000,165.332,7.738,3817.376232,7543.766635,-2217.905767,240.455458,1.134782,4.440955,5.448731,-1522041.568,-5910102.96,1838398.802,0.25091191068319,-0.958600212646037,0.134643400849367
1 Jan 2025 11:42:15.000,165.255,7.778,3813.816563,7544.898321,-2213.463905,245.904085,1.128598,4.442771,5.448531,-1521729.661,-5910248.566,1838188.896,0.252175964107004,-0.958171008907146,0.13533514257784
1 Jan 2025 11:42:16.000,165.177,7.818,3810.262127,7546.023823,-2209.02023,251.352511,1.122414,4.444584,5.448326,-1521417.715,-5910394.158,1837978.977,0.253455909260796,-0.957735248777842,0.136026818345608
1 Jan 2025 11:42:17.000,165.099,7.857,3806.712941,7547.143141,-2204.574743,256.80073,1.116228,4.446393,5.448118,-1521105.754,-5910539.725,1837769.063,0.254735624767162,-0.957299618843282,0.136701138389518
1 Jan 2025 11:42:18.000,165.022,7.897,3803.169024,7548.256272,-2200.12745,262.248738,1.110042,4.448198,5.447905,-1520793.778,-5910685.268,1837559.153,0.255997185185349,-0.956863988173981,0.137392682894547
1 Jan 2025 11:42:19.000,164.944,7.937,3799.630394,7549.363217,-2195.678354,267.696531,1.103855,4.449999,5.447687,-1520481.812,-5910830.773,1837349.264,0.257274602180389,-0.956421739458903,0.138084160436052
1 Jan 2025 11:42:20.000,164.865,7.977,3796.097067,7550.463974,-2191.227457,273.144104,1.097667,4.451797,5.447465,-1520169.832,-5910976.253,1837139.38,0.258567848428487,-0.955972807532898,0.138775570677014
1 Jan 2025 11:42:21.000,164.787,8.017,3792.569061,7551.558543,-2186.774765,278.591453,1.091478,4.453591,5.447238,-1519857.812,-5911121.72,1836929.483,0.259843542146525,-0.955526197288578,0.139466913280449
1 Jan 2025 11:42:22.000,164.709,8.056,3789.046395,7552.646922,-2182.320281,284.038572,1.085288,4.455382,5.447007,-1519545.778,-5911267.162,1836719.591,0.261119016925262,-0.955079779505506,0.140140906874823
1 Jan 2025 11:42:23.000,164.63,8.096,3785.529087,7553.729111,-2177.864008,289.485459,1.079097,4.457168,5.446771,-1519233.754,-5911412.567,1836509.72,0.262409646230372,-0.954624267959306,0.140832114904272
1 Jan 2025 11:42:24.000,164.551,8.136,3782.017155,7554.805108,-2173.40595,294.932107,1.072905,4.458952,5.446531,-1518921.69,-5911557.958,1836299.837,0.263699387338583,-0.954166548151491,0.141523254293858
1 Jan 2025 11:42:25.000,164.472,8.176,3778.510617,7555.874914,-2168.94611,300.378513,1.066713,4.460731,5.446287,-1518609.636,-5911703.313,1836089.975,0.264988235986183,-0.95370662189016,0.14221432470673
1 Jan 2025 11:42:26.000,164.393,8.215,3775.00949,7556.938527,-2164.484493,305.824673,1.06052,4.462507,5.446038,-1518297.543,-5911848.655,1835880.1,0.266276858897466,-0.953246893054581,0.142888051626045
1 Jan 2025 11:42:27.000,164.314,8.255,3771.513792,7557.995946,-2160.021102,311.270581,1.054325,4.464279,5.445784,-1517985.435,-5911993.971,1835670.23,0.267563916419372,-0.952782570027529,0.143578984820425
1 Jan 2025 11:42:28.000,164.234,8.295,3768.023543,7559.04717,-2155.55594,316.716234,1.04813,4.466048,5.445527,-1517673.338,-5912139.25,1835460.381,0.268866689751991,-0.952311353544329,0.144269848036152
1 Jan 2025 11:42:29.000,164.155,8.334,3764.53876,7560.092199,-2151.089012,322.161626,1.041934,4.467813,5.445264,-1517361.226,-5912284.505,1835250.537,0.270152615197227,-0.951845041707421,0.144943371973669
1 Jan 2025 11:42:30.000,164.075,8.374,3761.059461,7561.131031,-2146.62032,327.606754,1.035738,4.469574,5.444997,-1517049.074,-5912429.746,1835040.68,0.271453547392847,-0.95136937184898,0.145634095992373
1 Jan 2025 11:42:31.000,163.995,8.414,3757.585665,7562.163666,-2142.149869,333.051613,1.02954,4.471331,5.444726,-1516736.908,-5912574.962,1834830.827,0.272753545048214,-0.950891461463772,0.146324749030789
1 Jan 2025 11:42:32.000,163.915,8.453,3754.11739,7563.190104,-2137.677663,338.496198,1.023342,4.473085,5.44445,-1516424.727,-5912720.152,1834620.979,0.274053314685014,-0.95041377777501,0.146998067081137
1 Jan 2025 11:42:33.000,163.834,8.493,3750.654654,7564.210342,-2133.203704,343.940505,1.017142,4.474836,5.44417,-1516112.556,-5912865.306,1834411.152,0.275368016389596,-0.949926596742603,0.1476885789446
1 Jan 2025 11:42:34.000,163.754,8.533,3747.197475,7565.224381,-2128.727997,349.384529,1.010942,4.476582,5.443885,-1515800.371,-5913010.435,1834201.33,0.276665182689812,-0.949441964239687,0.148379018826444
1 Jan 2025 11:42:35.000,163.673,8.572,3743.745872,7566.232219,-2124.250545,354.828267,1.004741,4.478325,5.443596,-1515488.146,-5913155.55,1833991.495,0.277978690760385,-0.948952744132411,0.149052128085141
1 Jan 2025 11:42:36.000,163.592,8.612,3740.299864,7567.233856,-2119.771352,360.271713,0.998539,4.480064,5.443302,-1515175.906,-5913300.641,1833781.664,0.27929050097072,-0.948458761506337,0.149742424814711
1 Jan 2025 11:42:37.000,163.512,8.651,3736.859469,7568.22929,-2115.290422,365.714863,0.992337,4.4818,5.443004,-1514863.677,-5913445.694,1833571.855,0.280585533343403,-0.947969919231774,0.150415393860144
1 Jan 2025 11:42:38.000,163.43,8.691,3733.424705,7569.218522,-2110.807758,371.157713,0.986134,4.483532,5.442701,-1514551.408,-5913590.734,1833362.034,0.28191193554767,-0.947466503115545,0.151105546125106
1 Jan 2025 11:42:39.000,163.349,8.73,3729.995591,7570.20155,-2106.323364,376.600258,0.979929,4.48526,5.442394,-1514239.15,-5913735.738,1833152.233,0.28322156498693,-0.946968252060253,0.151778373677883
1 Jan 2025 11:42:40.000,163.268,8.77,3726.572145,7571.178373,-2101.837244,382.042493,0.973724,4.486984,5.442083,-1513926.852,-5913880.727,1832942.421,0.284529451230409,-0.946465205082588,0.152468380166177
1 Jan 2025 11:42:41.000,163.186,8.809,3723.154386,7572.148991,-2097.349401,387.484415,0.967519,4.488705,5.441767,-1513614.539,-5914025.692,1832732.612,0.285853625189182,-0.945957461619204,0.153141064947174
1 Jan 2025 11:42:42.000,163.104,8.849,3719.742333,7573.113403,-2092.859839,392.926018,0.961312,4.490422,5.441446,-1513302.236,-5914170.62,1832522.825,0.287176015322128,-0.945444859808465,0.153830924347015
1 Jan 2025 11:42:43.000,163.022,8.888,3716.336004,7574.071608,-2088.368562,398.367299,0.955105,4.492136,5.441121,-1512989.919,-5914315.523,1832313.043,0.288498170613695,-0.944932529248324,0.15450346507738
1 Jan 2025 11:42:44.000,162.94,8.928,3712.935419,7575.023606,-2083.875573,403.808253,0.948897,4.493846,5.440792,-1512677.563,-5914460.412,1832103.248,0.289818518822165,-0.944415324021575,0.155193176077266
1 Jan 2025 11:42:45.000,162.858,8.967,3709.540595,7575.969395,-2079.380877,409.248874,0.942688,4.495552,5.440458,-1512365.191,-5914605.277,1831893.457,0.291138637529652,-0.943898414748687,0.155865571478419
1 Jan 2025 11:42:46.000,162.775,9.007,3706.151552,7576.908974,-2074.884476,414.68916,0.936478,4.497254,5.440119,-1512052.805,-5914750.116,1831683.671,0.292473390775738,-0.943371510112749,0.156555132767129
1 Jan 2025 11:42:47.000,162.693,9.046,3702.768309,7577.842344,-2070.386374,420.129105,0.930268,4.498953,5.439776,-1511740.43,-5914894.918,1831473.906,0.293791445915928,-0.942850007580301,0.157227381560768
1 Jan 2025 11:42:48.000,162.61,9.085,3699.390883,7578.769503,-2065.886576,425.568705,0.924057,4.500648,5.439429,-1511428.04,-5915039.695,1831264.145,0.295124917366898,-0.942321077387198,0.157899557507333
1 Jan 2025 11:42:49.000,162.527,9.125,3696.019295,7579.69045,-2061.385084,431.007955,0.917845,4.502339,5.439077,-1511115.61,-5915184.459,1831054.373,0.296456504564121,-0.941787186153306,0.158588892735467
1 Jan 2025 11:42:50.000,162.444,9.164,3692.653563,7580.605185,-2056.881903,436.446851,0.911632,4.504027,5.438721,-1510803.166,-5915329.198,1830844.604,0.29778785767124,-0.941253606171873,0.159260920165675
1 Jan 2025 11:42:51.000,162.36,9.203,3689.293706,7581.513708,-2052.377036,441.885389,0.905419,4.505711,5.43836,-1510490.732,-5915473.9,1830634.857,0.299134567023476,-0.940712488854928,0.159932873806624
1 Jan 2025 11:42:52.000,162.277,9.243,3685.939744,7582.416016,-2047.870487,447.323564,0.899205,4.507391,5.437995,-1510178.283,-5915618.576,1830425.114,0.300462928195006,-0.940171584502095,0.160621980050372
1 Jan 2025 11:42:53.000,162.193,9.282,3682.591694,7583.31211,-2043.362259,452.761371,0.89299,4.509068,5.437625,-1509865.795,-5915763.24,1830215.359,0.301807463437301,-0.939625760871338,0.16129378326675
1 Jan 2025 11:42:54.000,162.11,9.321,3679.249577,7584.201989,-2038.852357,458.198807,0.886775,4.51074,5.437251,-1509553.292,-5915907.878,1830005.609,0.303134513608401,-0.939082871562628,0.161965511751997
1 Jan 2025 11:42:55.000,162.026,9.36,3675.913411,7585.085652,-2034.340784,463.635866,0.880558,4.51241,5.436873,-1509240.774,-5916052.491,1829795.862,0.304476863759323,-0.938532360620911,0.162637165194884
1 Jan 2025 11:42:56.000,161.941,9.4,3672.583215,7585.963098,-2029.827543,469.072544,0.874341,4.514075,5.43649,-1508928.267,-5916197.067,1829586.137,0.305833596807448,-0.937971450056806,0.163325962241622
1 Jan 2025 11:42:57.000,161.857,9.439,3669.259008,7586.834327,-2025.312639,474.508837,0.868124,4.515737,5.436102,-1508615.746,-5916341.618,1829376.417,0.307173716483341,-0.937416204320443,0.163997462722036
1 Jan 2025 11:42:58.000,161.772,9.478,3665.940811,7587.699338,-2020.796075,479.94474,0.861905,4.517395,5.43571,-1508303.184,-5916486.156,1829166.684,0.30852907378463,-0.936853226611177,0.16466888721864
1 Jan 2025 11:42:59.000,161.688,9.517,3662.628641,7588.55813,-2016.277855,485.380249,0.855686,4.519049,5.435314,-1507990.609,-5916630.668,1828956.955,0.309866951876053,-0.936293265321388,0.165340235420349
1 Jan 2025 11:43:00.000,161.603,9.556,3659.322519,7589.410703,-2011.757982,490.81536,0.849466,4.5207,5.434913,-1507678.043,-5916775.144,1828747.248,0.31122003863236,-0.935725529785264,0.166011507016111
1 Jan 2025 11:43:01.000,161.518,9.595,3656.022465,7590.257056,-2007.236461,496.250067,0.843246,4.522347,5.434507,-1507365.438,-5916919.606,1828537.529,0.312571978097848,-0.935155407118883,0.166682701694911
1 Jan 2025 11:43:02.000,161.433,9.634,3652.728495,7591.097188,-2002.713294,501.684366,0.837025,4.52399,5.434097,-1507052.843,-5917064.032,1828327.831,0.313922765542394,-0.934582899742736,0.167353819145768
1 Jan 2025 11:43:03.000,161.347,9.673,3649.44063,7591.931098,-1998.188486,507.118254,0.830803,4.52563,5.433683,-1506740.209,-5917208.444,1828118.12,0.315288697708062,-0.934002507403583,0.168024859057739
1 Jan 2025 11:43:04.000,161.262,9.712,3646.15889,7592.758787,-1993.662041,512.551725,0.824581,4.527265,5.433264,-1506427.56,-5917352.831,1827908.414,0.31663715686569,-0.933425214373755,0.168695821119915
1 Jan 2025 11:43:05.000,161.176,9.751,3642.883294,7593.580252,-1989.133961,517.984775,0.818357,4.528898,5.432841,-1506114.922,-5917497.181,1827698.729,0.318000730979483,-0.932839993957538,0.169366705021424
1 Jan 2025 11:43:06.000,161.09,9.79,3639.613862,7594.395494,-1984.604251,523.417399,0.812134,4.530526,5.432413,-1505802.269,-5917641.506,1827489.048,0.319363113747641,-0.932252351360345,0.17003751045143
1 Jan 2025 11:43:07.000,161.004,9.829,3636.350613,7595.204512,-1980.072915,528.849594,0.805909,4.532151,5.431981,-1505489.576,-5917785.817,1827279.355,0.320724300340812,-0.931662289114142,0.170708237099133
1 Jan 2025 11:43:08.000,160.918,9.868,3633.093566,7596.007305,-1975.539956,534.281354,0.799684,4.533772,5.431545,-1505176.869,-5917930.104,1827069.667,0.322084285935121,-0.931069809761058,0.171378884653771
1 Jan 2025 11:43:09.000,160.831,9.907,3629.842741,7596.803873,-1971.005377,539.712676,0.793458,4.535389,5.431104,-1504864.147,-5918074.365,1826859.983,0.323459305513816,-0.930469270565209,0.172049452804616
1 Jan 2025 11:43:10.000,160.745,9.946,3626.598158,7597.594214,-1966.469184,545.143554,0.787232,4.537002,5.430658,-1504551.436,-5918218.589,1826650.321,0.324816864235623,-0.929871940971363,0.172719941240979
1 Jan 2025 11:43:11.000,160.658,9.985,3623.359836,7598.378329,-1961.931379,550.573984,0.781005,4.538612,5.430208,-1504238.71,-5918362.789,1826440.662,0.326189426287853,-0.929266509041129,0.173390349652208
1 Jan 2025 11:43:12.000,160.571,10.024,3620.127797,7599.156216,-1957.391965,556.003962,0.774777,4.540218,5.429754,-1503925.944,-5918506.974,1826230.992,0.327560746939859,-0.928658622709756,0.174060677727686
1 Jan 2025 11:43:13.000,160.484,10.063,3616.902057,7599.927876,-1952.850948,561.433483,0.768549,4.54182,5.429295,-1503613.164,-5918651.135,1826021.326,0.328930821268389,-0.92804828463477,0.174730925156835
1 Jan 2025 11:43:14.000,160.396,10.101,3613.682637,7600.693307,-1948.30833,566.862544,0.76232,4.543419,5.428831,-1503300.394,-5918795.259,1825811.681,0.330316858186529,-0.927432616259103,0.175383908887263
1 Jan 2025 11:43:15.000,160.309,10.14,3610.469557,7601.452508,-1943.764115,572.291138,0.75609,4.545014,5.428363,-1502987.585,-5918939.369,1825602.024,0.331684422701724,-0.926817368291152,0.176053996179826
1 Jan 2025 11:43:16.000,160.221,10.179,3607.262837,7602.20548,-1939.218308,577.719263,0.74986,4.546605,5.427891,-1502674.786,-5919083.443,1825392.388,0.333066891329599,-0.926193863643891,0.17672400190251
1 Jan 2025 11:43:17.000,160.133,10.217,3604.062497,7602.952221,-1934.670911,583.146913,0.743629,4.548193,5.427414,-1502361.948,-5919227.503,1825182.74,0.334449124362045,-0.92557078175793,0.177376749235848
1 Jan 2025 11:43:18.000,160.045,10.256,3600.868556,7603.692732,-1930.121928,588.574084,0.737398,4.549776,5.426933,-1502049.095,-5919371.538,1824973.096,0.335829020988769,-0.924942311381216,0.178046592998854
1 Jan 2025 11:43:19.000,159.957,10.295,3597.681034,7604.42701,-1925.571364,594.000772,0.731166,4.551356,5.426448,-1501736.252,-5919515.536,1824763.474,0.337207619886922,-0.924311357610128,0.178716354268765
1 Jan 2025 11:43:20.000,159.869,10.333,3594.499952,7605.155057,-1921.019221,599.426972,0.724934,4.552933,5.425957,-1501423.395,-5919659.509,1824553.856,0.338585993540947,-0.923680862707885,0.179368862529447
1 Jan 2025 11:43:21.000,159.78,10.372,3591.325328,7605.87687,-1916.465504,604.85268,0.7187,4.554505,5.425463,-1501110.498,-5919803.469,1824344.225,0.339978100629976,-0.923039026264139,0.180038460017254
1 Jan 2025 11:43:22.000,159.691,10.41,3588.157184,7606.59245,-1911.910217,610.27789,0.712467,4.556074,5.424964,-1500797.587,-5919947.403,1824134.599,0.341369967249072,-0.922397624306517,0.180690808106168
1 Jan 2025 11:43:23.000,159.603,10.449,3584.995538,7607.301796,-1907.353362,615.7026,0.706232,4.557639,5.42446,-1500484.661,-5920091.312,1823924.978,0.34274332004266,-0.921756735638383,0.181360240602527
1 Jan 2025 11:43:24.000,159.513,10.487,3581.840412,7608.004908,-1902.794945,621.126803,0.699998,4.5592,5.423952,-1500171.746,-5920235.185,1823715.378,0.34414861468954,-0.921104341158227,0.182012427341484
1 Jan 2025 11:43:25.000,159.424,10.526,3578.691825,7608.701784,-1898.234968,626.550497,0.693762,4.560758,5.42344,-1499858.816,-5920379.032,1823505.782,0.345535368119371,-0.920452447543272,0.182681693637347
1 Jan 2025 11:43:26.000,159.335,10.564,3575.549797,7609.392425,-1893.673435,631.973676,0.687526,4.562312,5.422923,-1499545.846,-5920522.866,1823296.174,0.346921895321827,-0.919801036336759,0.183333717848448
1 Jan 2025 11:43:27.000,159.245,10.602,3572.414348,7610.076829,-1889.11035,637.396336,0.68129,4.563862,5.422402,-1499232.862,-5920666.674,1823086.571,0.348323121494461,-0.919141055238697,0.183985661416997
1 Jan 2025 11:43:28.000,159.155,10.641,3569.285498,7610.754997,-1884.545717,642.818472,0.675053,4.565408,5.421876,-1498919.889,-5920810.446,1822876.989,0.349721829764323,-0.918475526053593,0.184654677240709
1 Jan 2025 11:43:29.000,159.065,10.679,3566.163269,7611.426927,-1879.97954,648.240081,0.668815,4.566951,5.421346,-1498606.901,-5920954.193,1822667.411,0.351120299737586,-0.917810466427122,0.185306456522749
1 Jan 2025 11:43:30.000,158.975,10.717,3563.047678,7612.09262,-1875.411822,653.661157,0.662577,4.568489,5.420811,-1498293.873,-5921097.926,1822457.821,0.352517388296897,-0.917142876437319,0.185958154294494
1 Jan 2025 11:43:31.000,158.885,10.756,3559.938747,7612.752074,-1870.842567,659.081696,0.656338,4.570025,5.420272,-1497980.831,-5921241.634,1822248.235,0.353911916987495,-0.916469720658378,0.186626916950881
1 Jan 2025 11:43:32.000,158.794,10.794,3556.836496,7613.405289,-1866.271778,664.501694,0.650099,4.571556,5.419729,-1497667.774,-5921385.317,1822038.654,0.355322202125082,-0.915790868778291,0.187278448678126
1 Jan 2025 11:43:33.000,158.703,10.832,3553.740945,7614.052265,-1861.699461,669.921146,0.643859,4.573084,5.419181,-1497354.727,-5921528.963,1821829.094,0.356731066825604,-0.915109446672243,0.187929898027661
1 Jan 2025 11:43:34.000,158.612,10.87,3550.652115,7614.693,-1857.125617,675.340048,0.637619,4.574607,5.418628,-1497041.667,-5921672.584,1821619.539,0.358138505863862,-0.914425457441377,0.188581264712934
1 Jan 2025 11:43:35.000,158.521,10.908,3547.570025,7615.327495,-1852.550252,680.758395,0.631378,4.576128,5.418071,-1496728.566,-5921816.191,1821409.971,0.359544514021554,-0.913738904198073,0.189232548447431
1 Jan 2025 11:43:36.000,158.43,10.946,3544.494696,7615.955749,-1847.973368,686.176183,0.625137,4.577644,5.41751,-1496415.451,-5921959.773,1821200.408,0.360949086087303,-0.91304979006594,0.189883748944672
1 Jan 2025 11:43:37.000,158.339,10.984,3541.426149,7616.577762,-1843.39497,691.593408,0.618895,4.579156,5.416944,-1496102.347,-5922103.319,1820990.867,0.362352216856684,-0.912358118179794,0.190534865918217
1 Jan 2025 11:43:38.000,158.247,11.022,3538.364404,7617.193532,-1838.815061,697.010064,0.612653,4.580665,5.416374,-1495789.202,-5922246.851,1820781.312,0.36376981261342,-0.911657542843548,0.191185899081658
1 Jan 2025 11:43:39.000,158.155,11.06,3535.309481,7617.80306,-1834.233645,702.426148,0.60641,4.58217,5.415799,-1495476.069,-5922390.346,1820571.78,0.365185932252076,-0.910954366901867,0.19183684814863
1 Jan 2025 11:43:40.000,158.063,11.098,3532.2614,7618.406345,-1829.650726,707.841655,0.600167,4.583672,5.41522,-1495162.896,-5922533.828,1820362.234,0.36660057045451,-0.910248593600027,0.192487712832799
1 Jan 2025 11:43:41.000,157.971,11.136,3529.220183,7619.003387,-1825.066307,713.256581,0.593923,4.585169,5.414637,-1494849.708,-5922677.284,1820152.694,0.368013721909851,-0.909540226194813,0.193138492847871
1 Jan 2025 11:43:42.000,157.878,11.174,3526.185849,7619.594184,-1820.480393,718.670921,0.587679,4.586663,5.414049,-1494536.531,-5922820.704,1819943.174,0.369441243321327,-0.908822820126843,0.193789187907591
1 Jan 2025 11:43:43.000,157.786,11.211,3523.158418,7620.178737,-1815.892987,724.084671,0.581434,4.588153,5.413456,-1494223.339,-5922964.098,1819733.659,0.370852675882417,-0.90811239131563,0.194422677509229
1 Jan 2025 11:43:44.000,157.693,11.249,3520.137913,7620.757045,-1811.304092,729.497826,0.575189,4.589639,5.412859,-1493910.108,-5923107.479,1819524.132,0.372277169152918,-0.907389747786247,0.195073204054017
1 Jan 2025 11:43:45.000,157.6,11.287,3517.124352,7621.329108,-1806.713713,734.910381,0.568943,4.591122,5.412258,-1493596.862,-5923250.835,1819314.61,0.3737001292883,-0.9066644739037,0.195723644792435
1 Jan 2025 11:43:46.000,157.507,11.325,3514.117757,7621.894925,-1802.121854,740.322334,0.562697,4.592601,5.411652,-1493283.602,-5923394.165,1819105.091,0.375121550878186,-0.905936573062001,0.196373999438375
1 Jan 2025 11:43:47.000,157.414,11.362,3511.118148,7622.454496,-1797.528518,745.733678,0.556451,4.594076,5.411042,-1492970.352,-5923537.459,1818895.594,0.376542749171605,-0.905209223515329,0.197007156492002
1 Jan 2025 11:43:48.000,157.32,11.4,3508.125546,7623.007819,-1792.933708,751.14441,0.550204,4.595547,5.410427,-1492657.088,-5923680.728,1818686.102,0.377976873025097,-0.90446949050392,0.197657340379126
1 Jan 2025 11:43:49.000,157.227,11.437,3505.139971,7623.554896,-1788.33743,756.554524,0.543956,4.597014,5.409808,-1492343.784,-5923823.983,1818476.597,0.3793949829838,-0.903736904008727,0.198290330625177
1 Jan 2025 11:43:50.000,157.133,11.475,3502.161444,7624.095725,-1783.739685,761.964018,0.537709,4.598478,5.409184,-1492030.465,-5923967.213,1818267.097,0.380825962966733,-0.902991874825556,0.198940342639413
1 Jan 2025 11:43:51.000,157.039,11.512,3499.189986,7624.630306,-1779.140479,767.372886,0.53146,4.599938,5.408556,-1491717.158,-5924110.406,1818057.618,0.382256710372917,-0.902247393562011,0.199573164993276
1 Jan 2025 11:43:52.000,156.945,11.55,3496.225617,7625.158638,-1774.539815,772.781123,0.525212,4.601394,5.407924,-1491403.81,-5924253.586,1817848.127,0.383684511655239,-0.901497057220238,0.200223004020845
1 Jan 2025 11:43:53.000,156.85,11.587,3493.268358,7625.680722,-1769.937697,778.188726,0.518962,4.602847,5.407287,-1491090.473,-5924396.729,1817638.657,0.385127809658789,-0.90074057037449,0.200855657398196
1 Jan 2025 11:43:54.000,156.755,11.624,3490.318229,7626.196556,-1765.334128,783.595689,0.512713,4.604295,5.406646,-1490777.097,-5924539.858,1817429.175,0.386569492783565,-0.899981400709827,0.201488227014474
1 Jan 2025 11:43:55.000,156.661,11.662,3487.375252,7626.706141,-1760.729112,789.002009,0.506463,4.60574,5.406,-1490463.706,-5924682.962,1817219.697,0.387992463481288,-0.89922308456344,0.202137805642423
1 Jan 2025 11:43:56.000,156.566,11.699,3484.439448,7627.209475,-1756.122654,794.407681,0.500213,4.607181,5.40535,-1490150.325,-5924826.029,1817010.241,0.389430903856434,-0.898458577354735,0.202770204663471
1 Jan 2025 11:43:57.000,156.471,11.736,3481.510836,7627.706559,-1751.514756,799.812701,0.493962,4.608618,5.404695,-1489836.931,-5924969.072,1816800.789,0.390867712809659,-0.897691398141106,0.203402519125039
1 Jan 2025 11:43:58.000,156.375,11.773,3478.589438,7628.197392,-1746.905423,805.217064,0.487711,4.610052,5.404036,-1489523.496,-5925112.1,1816591.325,0.392318539011565,-0.89691470343889,0.204034748763437
1 Jan 2025 11:43:59.000,156.28,11.81,3475.675274,7628.681973,-1742.294658,810.620765,0.481459,4.611481,5.403372,-1489210.047,-5925255.104,1816381.865,0.393752055134581,-0.896142166097587,0.204666893315013
1 Jan 2025 11:44:00.000,156.184,11.847,3472.768366,7629.160303,-1737.682466,816.023801,0.475207,4.612907,5.402704,-1488896.583,-5925398.082,1816172.41,0.395199550343884,-0.895360070309015,0.205298952516148
1 Jan 2025 11:44:01.000,156.088,11.884,3469.868734,7629.632381,-1733.068849,821.426166,0.468955,4.61433,5.402032,-1488583.131,-5925541.023,1815962.977,0.39664536484555,-0.894575266940012,0.205930926103262
1 Jan 2025 11:44:02.000,155.992,11.921,3466.9764,7630.098206,-1728.453813,826.827857,0.462702,4.615748,5.401355,-1488269.663,-5925683.94,1815753.547,0.398089493028671,-0.893787759756147,0.206562813812806
1 Jan 2025 11:44:03.000,155.896,11.958,3464.091383,7630.557778,-1723.837359,832.228869,0.456449,4.617162,5.400674,-1487956.156,-5925826.842,1815544.106,0.399531929290951,-0.892997552535312,0.207194615381271
1 Jan 2025 11:44:04.000,155.799,11.995,3461.213705,7631.011097,-1719.219493,837.629198,0.450196,4.618573,5.399988,-1487642.635,-5925969.72,1815334.669,0.400988239886382,-0.892197650638549,0.207826330545182
1 Jan 2025 11:44:05.000,155.703,12.032,3458.343386,7631.458163,-1714.600219,843.028838,0.443942,4.61998,5.399298,-1487329.124,-5926112.561,1815125.253,0.402427261648669,-0.891402029610867,0.208457959041101
1 Jan 2025 11:44:06.000,155.606,12.069,3455.480447,7631.898974,-1709.979539,848.427786,0.437688,4.621383,5.398603,-1487015.599,-5926255.376,1814915.842,0.403880118593955,-0.890596671081261,0.209089500605624
1 Jan 2025 11:44:07.000,155.509,12.105,3452.624911,7632.333532,-1705.357458,853.826037,0.431433,4.622783,5.397904,-1486702.033,-5926398.178,1814706.418,0.405332750490616,-0.889791908249753,0.209703889789806
1 Jan 2025 11:44:08.000,155.411,12.142,3449.776798,7632.761834,-1700.733979,859.223587,0.425179,4.624179,5.397201,-1486388.454,-5926540.955,1814496.999,0.406797642794179,-0.888973990963523,0.210335259068671
1 Jan 2025 11:44:09.000,155.314,12.179,3446.936128,7633.183882,-1696.109106,864.620432,0.418923,4.62557,5.396493,-1486074.86,-5926683.706,1814287.585,0.408245251576325,-0.88816042092553,0.210966540633267
1 Jan 2025 11:44:10.000,155.216,12.215,3444.102922,7633.599675,-1691.482844,870.016566,0.412668,4.626958,5.395781,-1485761.277,-5926826.421,1814078.192,0.409708135975912,-0.887340329760276,0.211580676093228
1 Jan 2025 11:44:11.000,155.119,12.252,3441.277202,7634.009211,-1686.855195,875.411986,0.406412,4.628343,5.395064,-1485447.679,-5926969.111,1813868.803,0.411152216164379,-0.88652129920702,0.212211783827895
1 Jan 2025 11:44:12.000,155.021,12.288,3438.458989,7634.412492,-1682.226164,880.806687,0.400156,4.629723,5.394343,-1485134.042,-5927111.787,1813659.403,0.412611552489006,-0.885695719214727,0.212825749657602
1 Jan 2025 11:44:13.000,154.922,12.324,3435.648303,7634.809517,-1677.595755,886.200664,0.3939,4.6311,5.393617,-1484820.39,-5927254.438,1813450.006,0.414084547938841,-0.884860164589572,0.213439631467074
1 Jan 2025 11:44:14.000,154.824,12.361,3432.845165,7635.200284,-1672.963971,891.593914,0.387643,4.632473,5.392887,-1484506.748,-5927397.052,1813240.631,0.415538705400548,-0.884025686772688,0.214070477740658
1 Jan 2025 11:44:15.000,154.726,12.397,3430.049597,7635.584795,-1668.330815,896.986431,0.381386,4.633842,5.392153,-1484193.068,-5927539.653,1813031.244,0.416992645733033,-0.883191843622854,0.214684188431822
1 Jan 2025 11:44:16.000,154.627,12.433,3427.26162,7635.963049,-1663.696293,902.378212,0.375128,4.635207,5.391414,-1483879.397,-5927682.216,1812821.878,0.418460184186468,-0.882347961622017,0.21529781436907
1 Jan 2025 11:44:17.000,154.528,12.469,3424.481254,7636.335045,-1659.060407,907.769252,0.368871,4.636568,5.39067,-1483565.688,-5927824.767,1812612.5,0.419925885718545,-0.881501297305699,0.215911355310149
1 Jan 2025 11:44:18.000,154.429,12.506,3421.708521,7636.700784,-1654.423162,913.159546,0.362613,4.637926,5.389923,-1483251.963,-5927967.291,1812403.126,0.421388113297111,-0.880648445789178,0.216541850229943
1 Jan 2025 11:44:19.000,154.33,12.542,3418.943442,7637.060264,-1649.784561,918.54909,0.356355,4.63928,5.389171,-1482938.25,-5928109.78,1812193.774,0.422850113039217,-0.879796222523084,0.217155218074156
1 Jan 2025 11:44:20.000,154.23,12.578,3416.186038,7637.413486,-1645.144608,923.93788,0.350096,4.64063,5.388414,-1482624.522,-5928252.243,1811984.426,0.424325598783368,-0.878933823756147,0.217768500188928
1 Jan 2025 11:44:21.000,154.13,12.614,3413.43633,7637.760449,-1640.503307,929.325911,0.343837,4.641976,5.387653,-1482310.754,-5928394.692,1811775.066,0.425799194322807,-0.878068608265404,0.218381696332144
1 Jan 2025 11:44:22.000,154.03,12.65,3410.694337,7638.101154,-1635.860661,934.713179,0.337578,4.643319,5.386888,-1481996.972,-5928537.116,1811565.711,0.427270893739914,-0.877200580365223,0.218994806261726
1 Jan 2025 11:44:23.000,153.93,12.685,3407.960084,7638.435599,-1631.216675,940.099679,0.331319,4.644657,5.386118,-1481683.175,-5928679.515,1811356.36,0.428742375493259,-0.876333187163777,0.219590802475362
1 Jan 2025 11:44:24.000,153.83,12.721,3405.23359,7638.763785,-1626.571352,945.485407,0.325059,4.645992,5.385344,-1481369.39,-5928821.877,1811147.03,0.430210275677423,-0.875459554096661,0.220203741663106
1 Jan 2025 11:44:25.000,153.73,12.757,3402.514877,7639.085711,-1621.924696,950.870359,0.318799,4.647323,5.384565,-1481055.589,-5928964.214,1810937.705,0.43167626207453,-0.874583121613868,0.2208165939179
1 Jan 2025 11:44:26.000,153.629,12.792,3399.803966,7639.401377,-1617.276712,956.25453,0.312539,4.64865,5.383782,-1480741.749,-5929106.538,1810728.368,0.43315729430153,-0.873699796592171,0.221412338924858
1 Jan 2025 11:44:27.000,153.528,12.828,3397.100877,7639.710782,-1612.627401,961.637915,0.306279,4.649974,5.382994,-1480427.895,-5929248.836,1810519.035,0.434634664392795,-0.872810173770659,0.222025019019464
1 Jan 2025 11:44:28.000,153.427,12.864,3394.405632,7640.013928,-1607.97677,967.020511,0.300018,4.651293,5.382202,-1480114.051,-5929391.098,1810309.724,0.436110072055093,-0.871917713442357,0.222637611462109
1 Jan 2025 11:44:29.000,153.326,12.899,3391.718252,7640.310812,-1603.324821,972.402313,0.293758,4.652609,5.381406,-1479800.193,-5929533.334,1810100.417,0.437585260397145,-0.871025901753614,0.22323310318469
1 Jan 2025 11:44:30.000,153.225,12.935,3389.038759,7640.601436,-1598.671557,977.783316,0.287497,4.653921,5.380605,-1479486.295,-5929675.556,1809891.098,0.439056736180903,-0.870127786404161,0.223845522049398
1 Jan 2025 11:44:31.000,153.123,12.97,3386.367172,7640.885799,-1594.016984,983.163516,0.281235,4.655229,5.3798,-1479172.383,-5929817.754,1809681.783,0.440543173373516,-0.869222652539539,0.224440844558472
1 Jan 2025 11:44:32.000,153.021,13.005,3383.703513,7641.1639,-1589.361105,988.542909,0.274974,4.656534,5.37899,-1478858.456,-5929959.926,1809472.473,0.44202761456752,-0.868314660227231,0.225036083316024
1 Jan 2025 11:44:33.000,152.919,13.04,3381.047805,7641.435739,-1584.703923,993.921489,0.268712,4.657834,5.378176,-1478544.54,-5930102.062,1809263.184,0.443510053744257,-0.867403814045832,0.225631238099938
1 Jan 2025 11:44:34.000,152.817,13.076,3378.400068,7641.701317,-1580.045442,999.299254,0.26245,4.659131,5.377358,-1478230.61,-5930244.172,1809053.9,0.444988681067382,-0.866486606153829,0.226243309465565
1 Jan 2025 11:44:35.000,152.715,13.111,3375.760323,7641.960633,-1575.385667,1004.676198,0.256188,4.660424,5.376535,-1477916.64,-5930386.268,1808844.604,0.446467087186062,-0.865570060011481,0.226838293220777
1 Jan 2025 11:44:36.000,152.612,13.146,3373.128591,7642.213686,-1570.724601,1010.052317,0.249926,4.661713,5.375708,-1477602.655,-5930528.34,1808635.312,0.447958564202486,-0.864642855625549,0.227433192329844
1 Jan 2025 11:44:37.000,152.51,13.181,3370.504893,7642.460477,-1566.062248,1015.427606,0.243663,4.662998,5.374876,-1477288.656,-5930670.386,1808426.024,0.44943290817932,-0.863720608336305,0.228028006570777
1 Jan 2025 11:44:38.000,152.407,13.216,3367.889251,7642.701006,-1561.398611,1020.802062,0.2374,4.664279,5.37404,-1476974.668,-5930812.395,1808216.759,0.450920278685564,-0.862787660424798,0.228622735721616
1 Jan 2025 11:44:39.000,152.304,13.25,3365.281686,7642.935272,-1556.733695,1026.175679,0.231138,4.665557,5.373199,-1476660.666,-5930954.38,1808007.497,0.452407438015189,-0.86185537698012,0.229200390922414
1 Jan 2025 11:44:40.000,152.2,13.285,3362.682217,7643.163274,-1552.067503,1031.548454,0.224874,4.666831,5.372354,-1476346.624,-5931096.35,1807798.224,0.453905698382196,-0.860908762390773,0.229794951674223
1 Jan 2025 11:44:41.000,152.097,13.32,3360.090869,7643.385014,-1547.400039,1036.920381,0.218611,4.668101,5.371505,-1476032.567,-5931238.296,1807588.955,0.455386833901355,-0.859967175876458,0.230389426676591
1 Jan 2025 11:44:42.000,151.993,13.355,3357.507661,7643.60049,-1542.731308,1042.291457,0.212348,4.669367,5.370651,-1475718.521,-5931380.204,1807379.707,0.456880873353863,-0.859014752169326,0.230983815707686
1 Jan 2025 11:44:43.000,151.889,13.389,3354.932615,7643.809703,-1538.061312,1047.661677,0.206084,4.670629,5.369793,-1475404.461,-5931522.088,1807170.464,0.458374689119896,-0.8580629831034,0.231561139662794
1 Jan 2025 11:44:44.000,151.785,13.424,3352.365751,7644.012652,-1533.390056,1053.031036,0.199821,4.671887,5.368931,-1475090.361,-5931663.958,1806961.208,0.459864477671476,-0.857104749531073,0.23215535855805
1 Jan 2025 11:44:45.000,151.681,13.458,3349.807091,7644.209337,-1528.717543,1058.399531,0.193557,4.673142,5.368064,-1474776.246,-5931805.802,1806751.958,0.461354052807246,-0.856147191534892,0.232732516819731
1 Jan 2025 11:44:46.000,151.577,13.492,3347.256656,7644.399759,-1524.043778,1063.767157,0.187293,4.674393,5.367192,-1474462.118,-5931947.621,1806542.711,0.462841504079497,-0.855186749111622,0.233309593127511
1 Jan 2025 11:44:47.000,151.472,13.527,3344.714468,7644.583916,-1519.368764,1069.133909,0.181029,4.67564,5.366316,-1474148,-5932089.404,1806333.487,0.464339784714305,-0.854211736405081,0.23390355644857
1 Jan 2025 11:44:48.000,151.367,13.561,3342.180544,7644.761809,-1514.692504,1074.499783,0.174764,4.676883,5.365436,-1473833.867,-5932231.162,1806124.266,0.465837833691883,-0.853237378373176,0.234480465813513
1 Jan 2025 11:44:49.000,151.262,13.595,3339.654911,7644.933438,-1510.015004,1079.864774,0.1685,4.678122,5.364552,-1473519.695,-5932372.905,1805915.034,0.467333706538562,-0.852260098751689,0.235057292609038
1 Jan 2025 11:44:50.000,151.157,13.629,3337.137588,7645.098802,-1505.336266,1085.228879,0.162235,4.679358,5.363663,-1473205.509,-5932514.624,1805705.806,0.4688273970524,-0.851279902589959,0.235634036632021
1 Jan 2025 11:44:51.000,151.052,13.663,3334.628595,7645.257901,-1500.656295,1090.592093,0.155971,4.680589,5.362769,-1472891.333,-5932656.305,1805496.599,0.470318899043429,-0.85029679495127,0.236210697679371
1 Jan 2025 11:44:52.000,150.946,13.697,3332.127954,7645.410736,-1495.975094,1095.954411,0.149706,4.681817,5.361871,-1472577.118,-5932797.973,1805287.38,0.471823029531321,-0.849302546176821,0.236787275548023
1 Jan 2025 11:44:53.000,150.84,13.731,3329.635686,7645.557306,-1491.292667,1101.315829,0.143441,4.683041,5.360969,-1472262.913,-5932939.605,1805078.183,0.47332492448822,-0.848305343925771,0.237363770034942
1 Jan 2025 11:44:54.000,150.734,13.765,3327.151811,7645.697611,-1486.609018,1106.676343,0.137176,4.684261,5.360063,-1471948.669,-5933081.222,1804868.973,0.474824577607262,-0.847305193419523,0.237940180937122
1 Jan 2025 11:44:55.000,150.628,13.798,3324.676352,7645.831651,-1481.924151,1112.035948,0.130911,4.685477,5.359152,-1471634.411,-5933222.815,1804659.768,0.476324024331318,-0.84630572753766,0.238499558451938
1 Jan 2025 11:44:56.000,150.522,13.832,3322.20933,7645.959426,-1477.23807,1117.394639,0.124645,4.68669,5.358236,-1471320.163,-5933364.371,1804450.584,0.477819186560873,-0.845299701214103,0.239075804048953
1 Jan 2025 11:44:57.000,150.415,13.865,3319.750766,7646.080935,-1472.550778,1122.752413,0.11838,4.687898,5.357316,-1471005.901,-5933505.901,1804241.405,0.479328888705095,-0.844286013912698,0.239635020738094
1 Jan 2025 11:44:58.000,150.309,13.899,3317.30068,7646.19618,-1467.86228,1128.109265,0.112115,4.689103,5.356392,-1470691.599,-5933647.418,1804032.214,0.480819517404749,-0.843274106683709,0.240211100241969
1 Jan 2025 11:44:59.000,150.202,13.932,3314.859091,7646.305158,-1463.172579,1133.465191,0.105849,4.690304,5.355464,-1470377.283,-5933788.909,1803823.027,0.482324661387896,-0.842254506259387,0.240770155340746
1 Jan 2025 11:45:00.000,150.095,13.966,3312.426025,7646.407872,-1458.481679,1138.820186,0.099584,4.691501,5.354531,-1470062.952,-5933930.376,1803613.845,0.483825413750871,-0.841228295106176,0.241346067963735
1 Jan 2025 11:45:01.000,149.987,13.999,3310.001501,7646.504319,-1453.789583,1144.174246,0.093318,4.692694,5.353593,-1469748.633,-5934071.805,1803404.684,0.485340620762976,-0.840194305992623,0.24190496070768
1 Jan 2025 11:45:02.000,149.88,14.032,3307.58554,7646.594501,-1449.096297,1149.527366,0.087052,4.693883,5.352652,-1469434.299,-5934213.21,1803195.528,0.486838841378061,-0.839165812702659,0.24246377320489
1 Jan 2025 11:45:03.000,149.772,14.065,3305.178162,7646.678418,-1444.401823,1154.879542,0.080787,4.695069,5.351705,-1469119.925,-5934354.6,1802986.36,0.488349379580946,-0.838125852957182,0.243022505269989
1 Jan 2025 11:45:04.000,149.664,14.098,3302.779389,7646.756068,-1439.706165,1160.23077,0.074521,4.69625,5.350755,-1468805.537,-5934495.966,1802777.196,0.489857564723163,-0.837082902928732,0.243581156717631
1 Jan 2025 11:45:05.000,149.556,14.131,3300.38924,7646.827453,-1435.009328,1165.581045,0.068255,4.697428,5.3498,-1468491.159,-5934637.294,1802568.053,0.491363390400376,-0.836036968140533,0.244139727362496
1 Jan 2025 11:45:06.000,149.448,14.164,3298.00774,7646.892572,-1430.311315,1170.930363,0.061989,4.698602,5.34884,-1468176.768,-5934778.598,1802358.915,0.4928668502215,-0.834988054130309,0.244698217019288
1 Jan 2025 11:45:07.000,149.34,14.197,3295.634907,7646.951425,-1425.61213,1176.278719,0.055723,4.699772,5.347877,-1467862.336,-5934919.888,1802149.765,0.49436793780873,-0.833936166450258,0.245256625502742
1 Jan 2025 11:45:08.000,149.231,14.229,3293.270763,7647.004012,-1420.911777,1181.62611,0.049457,4.700938,5.346909,-1467547.891,-5935061.152,1801940.62,0.495883377980882,-0.832876342274421,0.245798034820972
1 Jan 2025 11:45:09.000,149.122,14.262,3290.915327,7647.050333,-1416.210259,1186.97253,0.043191,4.702101,5.345936,-1467233.43,-5935202.391,1801731.479,0.497394213398153,-0.831809821032218,0.246356282875801
1 Jan 2025 11:45:10.000,149.013,14.294,3288.568624,7647.090388,-1411.507581,1192.317975,0.036925,4.703259,5.344959,-1466918.981,-5935343.594,1801522.359,0.498904838945285,-0.830743984785074,0.246897536278505
1 Jan 2025 11:45:11.000,148.904,14.327,3286.230672,7647.124177,-1406.803747,1197.662442,0.030659,4.704414,5.343978,-1466604.518,-5935484.771,1801313.244,0.500410822942775,-0.82967145475498,0.247455623186239
1 Jan 2025 11:45:12.000,148.795,14.359,3283.901492,7647.1517,-1402.09876,1203.005925,0.024393,4.705565,5.342992,-1466290.014,-5935625.935,1801104.117,0.501916608125986,-0.828599629114112,0.24799671997682
1 Jan 2025 11:45:13.000,148.685,14.391,3281.581105,7647.172957,-1397.392624,1208.34842,0.018127,4.706712,5.342002,-1465975.497,-5935767.073,1800894.995,0.503434412438596,-0.827516032751911,0.248537739410222
1 Jan 2025 11:45:14.000,148.575,14.424,3279.269531,7647.187948,-1392.685342,1213.689922,0.011861,4.707855,5.341008,-1465660.965,-5935908.186,1800685.877,0.504947482125296,-0.826425695436257,0.249095584501258
1 Jan 2025 11:45:15.000,148.465,14.456,3276.966793,7647.196673,-1387.97692,1219.030428,0.005595,4.708994,5.340009,-1465346.444,-5936049.263,1800476.78,0.506460331918173,-0.825336038762602,0.249636446283374
1 Jan 2025 11:45:16.000,148.355,14.488,3274.672911,7647.199132,-1383.26736,1224.369933,-0.000671,4.710129,5.339006,-1465031.908,-5936190.314,1800267.688,0.507970700698193,-0.8242433625594,0.250177230196836
1 Jan 2025 11:45:17.000,148.245,14.519,3272.387905,7647.195325,-1378.556667,1229.708433,-0.006937,4.711261,5.337998,-1464717.333,-5936331.352,1800058.584,0.509480884860462,-0.823151393369304,0.250701040197233
1 Jan 2025 11:45:18.000,148.135,14.551,3270.111795,7647.185252,-1373.844845,1235.045923,-0.013203,4.712389,5.336986,-1464402.744,-5936472.364,1799849.485,0.510986284288055,-0.822052699264103,0.251241670313842
1 Jan 2025 11:45:19.000,148.024,14.583,3267.844605,7647.168912,-1369.131896,1240.382399,-0.019469,4.713512,5.33597,-1464088.165,-5936613.339,1799640.406,0.512503511525501,-0.820942058447498,0.251782222061082
1 Jan 2025 11:45:20.000,147.913,14.615,3265.586353,7647.146307,-1364.417826,1245.717856,-0.025735,4.714632,5.334949,-1463773.572,-5936754.29,1799431.333,0.514018193190091,-0.819828368941394,0.252322695270339
1 Jan 2025 11:45:21.000,147.802,14.646,3263.337061,7647.117436,-1359.702638,1251.05229,-0.032001,4.715748,5.333924,-1463458.939,-5936895.226,1799222.247,0.51553267422391,-0.818715371245387,0.252846203637849
1 Jan 2025 11:45:22.000,147.691,14.678,3261.096747,7647.082299,-1354.986336,1256.385697,-0.038267,4.71686,5.332894,-1463144.292,-5937036.137,1799013.166,0.517042257262931,-0.817595605913221,0.253386521732798
1 Jan 2025 11:45:23.000,147.579,14.709,3258.865435,7647.040896,-1350.268923,1261.718072,-0.044533,4.717969,5.331861,-1462829.631,-5937177.023,1798804.089,0.518565901089553,-0.816467500462146,0.253909879516876
1 Jan 2025 11:45:24.000,147.468,14.74,3256.643145,7646.993228,-1345.550404,1267.049412,-0.050798,4.719073,5.330822,-1462514.981,-5937317.873,1798595.034,0.520072727856796,-0.815345401237799,0.254433162972054
1 Jan 2025 11:45:25.000,147.356,14.771,3254.429897,7646.939293,-1340.830783,1272.37971,-0.057064,4.720174,5.32978,-1462200.316,-5937458.697,1798385.984,0.521591211498969,-0.814211186665724,0.254956371945146
1 Jan 2025 11:45:26.000,147.244,14.802,3252.225709,7646.879093,-1336.110063,1277.708964,-0.06333,4.721271,5.328733,-1461885.612,-5937599.507,1798176.921,0.52310709527887,-0.813073913453324,0.25547950628299
1 Jan 2025 11:45:27.000,147.132,14.833,3250.030606,7646.812627,-1331.388248,1283.037169,-0.069595,4.722363,5.327681,-1461570.893,-5937740.292,1797967.863,0.524620372599292,-0.811933587765025,0.256002565832445
1 Jan 2025 11:45:28.000,147.02,14.864,3247.844606,7646.739896,-1326.665342,1288.36432,-0.075861,4.723452,5.326626,-1461256.185,-5937881.04,1797758.826,0.526131036877961,-0.810790215780245,0.25652555044039
1 Jan 2025 11:45:29.000,146.907,14.895,3245.667731,7646.660899,-1321.94135,1293.690414,-0.082126,4.724537,5.325565,-1460941.438,-5938021.775,1797549.778,0.527653212417349,-0.809634594530809,0.257048459953731
1 Jan 2025 11:45:30.000,146.794,14.926,3243.499998,7646.575636,-1317.216274,1299.015445,-0.088392,4.725619,5.324501,-1460626.701,-5938162.473,1797340.75,0.529172721510494,-0.808475886593611,0.257571294219391
1 Jan 2025 11:45:31.000,146.681,14.956,3241.341431,7646.484109,-1312.490119,1304.339409,-0.094657,4.726696,5.323432,-1460311.925,-5938303.157,1797131.71,0.530692031751021,-0.807317862358769,0.258077191073602
1 Jan 2025 11:45:32.000,146.568,14.987,3239.19205,7646.386316,-1307.762888,1309.662302,-0.100922,4.727769,5.322359,-1459997.134,-5938443.816,1796922.675,0.532206200320416,-0.806153002876579,0.25859987682437
1 Jan 2025 11:45:33.000,146.455,15.017,3237.051873,7646.282258,-1303.034586,1314.98412,-0.107187,4.728839,5.321281,-1459682.355,-5938584.438,1796713.662,0.533720181455568,-0.804988845004381,0.259105629667801
1 Jan 2025 11:45:34.000,146.342,15.048,3234.920923,7646.171934,-1298.305216,1320.304858,-0.113452,4.729905,5.320199,-1459367.561,-5938725.035,1796504.653,0.535228982914689,-0.803817859409692,0.259628166311222
1 Jan 2025 11:45:35.000,146.228,15.078,3232.79922,7646.055346,-1293.574782,1325.624512,-0.119717,4.730967,5.319113,-1459052.727,-5938865.618,1796295.632,0.536751617257677,-0.802638225291392,0.260133774570611
1 Jan 2025 11:45:36.000,146.114,15.108,3230.686783,7645.932493,-1288.843289,1330.943078,-0.125982,4.732025,5.318022,-1458737.879,-5939006.176,1796086.615,0.538271529002408,-0.80145549493376,0.260639311512849
1 Jan 2025 11:45:37.000,146,15.138,3228.58363,7645.803375,-1284.110739,1336.26055,-0.132247,4.733079,5.316927,-1458423.017,-5939146.708,1795877.603,0.539788711441109,-0.800269674826374,0.261144776999343
1 Jan 2025 11:45:38.000,145.886,15.168,3226.489786,7645.667993,-1279.377138,1341.576926,-0.138511,4.734129,5.315828,-1458108.166,-5939287.204,1795668.613,0.541303157881808,-0.799080771474088,0.261650170891514
1 Jan 2025 11:45:39.000,145.772,15.198,3224.40527,7645.526346,-1274.642488,1346.8922,-0.144776,4.735175,5.314724,-1457793.3,-5939427.675,1795459.627,0.542814861648368,-0.797888791396991,0.262155493050808
1 Jan 2025 11:45:40.000,145.657,15.227,3222.330098,7645.378435,-1269.906794,1352.206367,-0.15104,4.736218,5.313616,-1457478.395,-5939568.132,1795250.629,0.544340307054589,-0.796688025783143,0.262643902821814
1 Jan 2025 11:45:41.000,145.542,15.257,3220.264295,7645.224259,-1265.170059,1357.519425,-0.157304,4.737256,5.312503,-1457163.476,-5939708.564,1795041.636,0.545860380945683,-0.795480360766827,0.263149083502322
1 Jan 2025 11:45:42.000,145.428,15.286,3218.20788,7645.06382,-1260.432287,1362.831368,-0.163568,4.738291,5.311386,-1456848.567,-5939848.959,1794832.664,0.54736639846875,-0.794282928317127,0.263637356251573
1 Jan 2025 11:45:43.000,145.312,15.316,3216.16087,7644.897116,-1255.693483,1368.142192,-0.169832,4.739322,5.310265,-1456533.644,-5939989.328,1794623.696,0.548894731492321,-0.793059498995604,0.264142394917616
1 Jan 2025 11:45:44.000,145.197,15.345,3214.123289,7644.724149,-1250.95365,1373.451892,-0.176096,4.740349,5.30914,-1456218.681,-5940129.684,1794414.717,0.550409019717132,-0.791846319394451,0.26463053012736
1 Jan 2025 11:45:45.000,145.082,15.374,3212.095154,7644.544918,-1246.212792,1378.760465,-0.18236,4.741372,5.30801,-1455903.705,-5940270.015,1794205.742,0.551920508082981,-0.790630053814142,0.265118597543196
1 Jan 2025 11:45:46.000,144.966,15.403,3210.076485,7644.359423,-1241.470913,1384.067905,-0.188623,4.742391,5.306875,-1455588.713,-5940410.32,1793996.771,0.553442967648964,-0.78940104963744,0.265606597040089
1 Jan 2025 11:45:47.000,144.85,15.432,3208.067304,7644.167665,-1236.728017,1389.374209,-0.194886,4.743406,5.305737,-1455273.733,-5940550.589,1793787.823,0.554962571186989,-0.788168920021338,0.266094528493022
1 Jan 2025 11:45:48.000,144.734,15.461,3206.06763,7643.969644,-1231.984107,1394.679372,-0.201149,4.744417,5.304594,-1454958.739,-5940690.832,1793578.878,0.556479311894941,-0.786933671809378,0.266582391776996
1 Jan 2025 11:45:49.000,144.618,15.49,3204.077483,7643.76536,-1227.239189,1399.98339,-0.207412,4.745425,5.303446,-1454643.704,-5940831.062,1793369.922,0.557993182987448,-0.785695311860623,0.267070186767028
1 Jan 2025 11:45:50.000,144.502,15.519,3202.096878,7643.554813,-1222.493264,1405.286259,-0.213675,4.746428,5.302295,-1454328.656,-5940971.266,1793160.97,0.559504177695914,-0.784453847049623,0.267557913338152
1 Jan 2025 11:45:51.000,144.385,15.547,3200.125842,7643.338004,-1217.746338,1410.587974,-0.219938,4.747428,5.301139,-1454013.593,-5941111.445,1792952.023,0.561028683007121,-0.783203295714312,0.268028756713781
1 Jan 2025 11:45:52.000,144.269,15.576,3198.164389,7643.114932,-1212.998414,1415.88853,-0.2262,4.748424,5.299978,-1453698.541,-5941251.587,1792743.098,0.562533895596883,-0.781955616978255,0.268516348442236
1 Jan 2025 11:45:53.000,144.152,15.604,3196.212542,7642.885598,-1208.249496,1421.187924,-0.232462,4.749416,5.298813,-1453383.475,-5941391.705,1792534.177,0.564052586825808,-0.780698815228275,0.26898706139196
1 Jan 2025 11:45:54.000,144.035,15.632,3194.27032,7642.650001,-1203.499589,1426.486151,-0.238724,4.750404,5.297644,-1453068.37,-5941531.808,1792325.244,0.565568356138323,-0.779438885995229,0.26945771010218
1 Jan 2025 11:45:55.000,143.918,15.66,3192.33774,7642.408143,-1198.748695,1431.783206,-0.244986,4.751388,5.296471,-1452753.249,-5941671.886,1792116.315,0.567081196734465,-0.778175836273432,0.269928294460496
1 Jan 2025 11:45:56.000,143.8,15.688,3190.414825,7642.160024,-1193.996819,1437.079086,-0.251247,4.752368,5.295293,-1452438.14,-5941811.927,1791907.408,0.568604661376537,-0.776899749167512,0.270398814354523
1 Jan 2025 11:45:57.000,143.683,15.716,3188.501592,7641.905643,-1189.243965,1442.373786,-0.257509,4.753344,5.294111,-1452123.017,-5941951.943,1791698.505,0.570111602055248,-0.775630453211719,0.27086926967189
1 Jan 2025 11:45:58.000,143.565,15.744,3186.598059,7641.645,-1184.490137,1447.667302,-0.26377,4.754317,5.292924,-1451807.854,-5942091.945,1791489.591,0.571629108676884,-0.774348081202129,0.271339660300245
1 Jan 2025 11:45:59.000,143.447,15.772,3184.704249,7641.378097,-1179.735338,1452.959629,-0.27003,4.755285,5.291734,-1451492.677,-5942231.922,1791280.681,0.573143614801564,-0.773062564255767,0.271809986127247
1 Jan 2025 11:46:00.000,143.329,15.799,3182.82018,7641.104933,-1174.979572,1458.250763,-0.276291,4.75625,5.290538,-1451177.485,-5942371.874,1791071.776,0.574657951562249,-0.771777721107343,0.272263453126996
1 Jan 2025 11:46:01.000,143.211,15.826,3180.945868,7640.825509,-1170.222844,1463.5407,-0.282551,4.757211,5.289339,-1450862.305,-5942511.789,1790862.892,0.576169299430984,-0.77048974869688,0.272716859666262
1 Jan 2025 11:46:02.000,143.092,15.854,3179.081336,7640.539824,-1165.465157,1468.829435,-0.288812,4.758168,5.288135,-1450547.11,-5942651.679,1790654.013,0.577688213313478,-0.769184759288903,0.273186995071789
1 Jan 2025 11:46:03.000,142.974,15.881,3177.2266,7640.24788,-1160.706515,1474.116964,-0.295071,4.759121,5.286927,-1450231.875,-5942791.555,1790445.121,0.579193527818123,-0.767890523130349,0.273640278139379
1 Jan 2025 11:46:04.000,142.855,15.908,3175.381684,7639.949675,-1155.946922,1479.403282,-0.301331,4.76007,5.285714,-1449916.627,-5942931.405,1790236.235,0.580709212502619,-0.766583044118985,0.274093500440741
1 Jan 2025 11:46:05.000,142.736,15.935,3173.546602,7639.645211,-1151.186382,1484.688386,-0.30759,4.761015,5.284497,-1449601.389,-5943071.219,1790027.369,0.582221835561278,-0.765272412052614,0.274546661875229
1 Jan 2025 11:46:06.000,142.617,15.962,3171.721373,7639.334488,-1146.424899,1489.972271,-0.313849,4.761956,5.283276,-1449286.112,-5943211.019,1789818.492,0.583731390101053,-0.763958634300587,0.274999762342213
1 Jan 2025 11:46:07.000,142.498,15.989,3169.90602,7639.017506,-1141.662477,1495.254933,-0.320108,4.762893,5.282051,-1448970.845,-5943350.783,1789609.636,0.58523786924699,-0.762641718247983,0.275452801741073
1 Jan 2025 11:46:08.000,142.378,16.015,3168.100558,7638.694266,-1136.899119,1500.536366,-0.326367,4.763827,5.280821,-1448655.539,-5943490.532,1789400.768,0.586757493130332,-0.761315244610735,0.275889004091693
1 Jan 2025 11:46:09.000,142.258,16.042,3166.305006,7638.364766,-1132.13483,1505.816568,-0.332625,4.764756,5.279587,-1448340.219,-5943630.256,1789191.905,0.588271054869933,-0.759981780976404,0.276341923323533
1 Jan 2025 11:46:10.000,142.139,16.068,3164.519385,7638.029009,-1127.369613,1511.095533,-0.338883,4.765682,5.278348,-1448024.91,-5943769.944,1788983.063,0.589771198149637,-0.758659256280618,0.276778009771154
1 Jan 2025 11:46:11.000,142.019,16.094,3162.74371,7637.686994,-1122.603472,1516.373258,-0.345141,4.766604,5.277105,-1447709.587,-5943909.607,1788774.225,0.591281481872836,-0.757323303253789,0.277214039224266
1 Jan 2025 11:46:12.000,141.899,16.12,3160.978003,7637.338721,-1117.836412,1521.649738,-0.351398,4.767521,5.275858,-1447394.224,-5944049.255,1788565.376,0.592788634853654,-0.755984196561477,0.277650011593084
1 Jan 2025 11:46:13.000,141.778,16.146,3159.222282,7636.984192,-1113.068436,1526.924968,-0.357655,4.768435,5.274606,-1447078.846,-5944188.878,1788356.531,0.594305821094646,-0.754631571255519,0.27808592678783
1 Jan 2025 11:46:14.000,141.658,16.172,3157.476563,7636.623405,-1108.299548,1532.198944,-0.363912,4.769345,5.273351,-1446763.455,-5944328.476,1788147.691,0.595806668446858,-0.753286153643716,0.27852178471874
1 Jan 2025 11:46:15.000,141.537,16.198,3155.740867,7636.256361,-1103.529752,1537.471663,-0.370169,4.770251,5.27209,-1446448.074,-5944468.037,1787938.872,0.597317488072892,-0.751927180016842,0.278957585296063
1 Jan 2025 11:46:16.000,141.416,16.223,3154.015209,7635.883061,-1098.759052,1542.743119,-0.376425,4.771153,5.270826,-1446132.679,-5944607.573,1787730.058,0.598828143163152,-0.750568842286602,0.279376570142025
1 Jan 2025 11:46:17.000,141.295,16.249,3152.299613,7635.503506,-1093.987452,1548.013309,-0.382681,4.772052,5.269557,-1445817.245,-5944747.095,1787521.232,0.600332557352831,-0.749203524336995,0.27981225795743
1 Jan 2025 11:46:18.000,141.174,16.274,3150.59409,7635.117694,-1089.214955,1553.282227,-0.388936,4.772946,5.268284,-1445501.796,-5944886.592,1787312.411,0.60183681849227,-0.747838856522632,0.2802311342125
1 Jan 2025 11:46:19.000,141.053,16.3,3148.898664,7634.725628,-1084.441566,1558.54987,-0.395191,4.773836,5.267006,-1445186.359,-5945026.052,1787103.611,0.603334799429413,-0.746467225202181,0.280666708920788
1 Jan 2025 11:46:20.000,140.932,16.325,3147.213352,7634.327306,-1079.667289,1563.816234,-0.401446,4.774723,5.265725,-1444870.907,-5945165.487,1786894.816,0.604832638919155,-0.745096258169149,0.281085476253085
1 Jan 2025 11:46:21.000,140.81,16.35,3145.538167,7633.922729,-1074.892127,1569.081313,-0.407701,4.775606,5.264438,-1444555.415,-5945304.908,1786686.008,0.606340243879713,-0.743711570183323,0.281504190070675
1 Jan 2025 11:46:22.000,140.688,16.375,3143.873134,7633.511898,-1070.116084,1574.345105,-0.413955,4.776484,5.263148,-1444239.91,-5945444.303,1786477.205,0.607844578884778,-0.7423236992058,0.281922850293841
1 Jan 2025 11:46:23.000,140.566,16.399,3142.218264,7633.094814,-1065.339164,1579.607603,-0.420209,4.777359,5.261853,-1443924.389,-5945583.674,1786268.407,0.609348766913932,-0.74093645904633,0.282324713612458
1 Jan 2025 11:46:24.000,140.444,16.424,3140.573581,7632.671475,-1060.561372,1584.868805,-0.426462,4.77823,5.260554,-1443608.881,-5945723.008,1786059.631,0.610846553764095,-0.739542244796675,0.282743268559348
1 Jan 2025 11:46:25.000,140.322,16.448,3138.939098,7632.241884,-1055.782711,1590.128706,-0.432715,4.779097,5.259251,-1443293.357,-5945862.316,1785850.859,0.612344205018275,-0.738148674854738,0.28314503066579
1 Jan 2025 11:46:26.000,140.2,16.473,3137.314836,7631.806039,-1051.003185,1595.387301,-0.438968,4.77996,5.257943,-1442977.795,-5946001.611,1785642.075,0.61383541588908,-0.736748148958243,0.283563480030279
1 Jan 2025 11:46:27.000,140.077,16.497,3135.700809,7631.363942,-1046.222798,1600.644586,-0.44522,4.780819,5.256631,-1442662.218,-5946140.88,1785433.295,0.615339336810927,-0.735337541187496,0.283965140630704
1 Jan 2025 11:46:28.000,139.954,16.521,3134.097039,7630.915593,-1041.441554,1605.900557,-0.451472,4.781674,5.255315,-1442346.626,-5946280.124,1785224.521,0.616839922280899,-0.73392374329687,0.284366751406709
1 Jan 2025 11:46:29.000,139.831,16.545,3132.503539,7630.460992,-1036.659456,1611.155209,-0.457724,4.782525,5.253994,-1442031.046,-5946419.331,1785015.767,0.618337165271737,-0.732506763354752,0.28476831228783
1 Jan 2025 11:46:30.000,139.708,16.569,3130.92033,7630.00014,-1031.87651,1616.408539,-0.463975,4.783373,5.252669,-1441715.452,-5946558.513,1784807.019,0.619831058776041,-0.731086609445553,0.285169823203607
1 Jan 2025 11:46:31.000,139.585,16.592,3129.347427,7629.533036,-1027.092717,1621.660541,-0.470226,4.784216,5.25134,-1441399.818,-5946697.681,1784598.258,0.621324827037999,-0.729667084340824,0.285554557546823
1 Jan 2025 11:46:32.000,139.462,16.616,3127.784846,7629.059682,-1022.308084,1626.911212,-0.476476,4.785056,5.250006,-1441084.169,-5946836.824,1784389.502,0.622812013318979,-0.728240605193491,0.285955970409742
1 Jan 2025 11:46:33.000,139.338,16.639,3126.232608,7628.580078,-1017.522613,1632.160547,-0.482726,4.785891,5.248668,-1440768.532,-5946975.93,1784180.768,0.624311770867244,-0.726803871374968,0.286340610656199
1 Jan 2025 11:46:34.000,139.215,16.663,3124.690726,7628.094224,-1012.736308,1637.408543,-0.488976,4.786723,5.247326,-1440452.881,-5947115.011,1783972.038,0.625792197156426,-0.725371073529224,0.286741925196149
1 Jan 2025 11:46:35.000,139.091,16.686,3123.15922,7627.602121,-1007.949173,1642.655194,-0.495225,4.787551,5.24598,-1440137.19,-5947254.078,1783763.296,0.627285155931736,-0.723927981741837,0.287126471087023
1 Jan 2025 11:46:36.000,138.967,16.709,3121.638104,7627.103769,-1003.161213,1647.900496,-0.501473,4.788374,5.244629,-1439821.484,-5947393.119,1783554.559,0.628774698510998,-0.722481709272999,0.287510970709587
1 Jan 2025 11:46:37.000,138.843,16.732,3120.127398,7626.599168,-998.372431,1653.144445,-0.507722,4.789194,5.243274,-1439505.765,-5947532.136,1783345.826,0.630260817881454,-0.721032264383624,0.287895424001883
1 Jan 2025 11:46:38.000,138.719,16.754,3118.627115,7626.088319,-993.582831,1658.387037,-0.51397,4.79001,5.241914,-1439190.056,-5947671.115,1783137.115,0.631746826454434,-0.719583436276554,0.288263118523994
1 Jan 2025 11:46:39.000,138.594,16.777,3117.137277,7625.571223,-988.792417,1663.628268,-0.520217,4.790822,5.24055,-1438874.334,-5947810.07,1782928.409,0.633238624657808,-0.718116617241986,0.288647480990937
1 Jan 2025 11:46:40.000,138.47,16.799,3115.657894,7625.047879,-984.001193,1668.868132,-0.526464,4.79163,5.239182,-1438558.572,-5947949.01,1782719.69,0.634717764188198,-0.716661453149147,0.289015088523225
1 Jan 2025 11:46:41.000,138.345,16.822,3114.188988,7624.518288,-979.209163,1674.106627,-0.532711,4.792435,5.23781,-1438242.795,-5948087.925,1782510.977,0.636202603216896,-0.715188267614527,0.289399359927723
1 Jan 2025 11:46:42.000,138.22,16.844,3112.730571,7623.982451,-974.416331,1679.343747,-0.538957,4.793235,5.236434,-1437927.03,-5948226.804,1782302.284,0.637687302587275,-0.713715671141496,0.289766880243429
1 Jan 2025 11:46:43.000,138.095,16.866,3111.282663,7623.440369,-969.6227,1684.579488,-0.545203,4.794031,5.235053,-1437611.225,-5948365.668,1782093.58,0.639168510753177,-0.712239895866444,0.290134357837404
1 Jan 2025 11:46:44.000,137.97,16.888,3109.845277,7622.89204,-964.828275,1689.813846,-0.551448,4.794823,5.233667,-1437295.431,-5948504.496,1781884.897,0.640646220694518,-0.710760950231362,0.29050179265547
1 Jan 2025 11:46:45.000,137.845,16.91,3108.418433,7622.337467,-960.033059,1695.046817,-0.557692,4.795612,5.232278,-1436979.598,-5948643.31,1781676.202,0.642120425411949,-0.709278842694204,0.290869184643453
1 Jan 2025 11:46:46.000,137.719,16.931,3107.002142,7621.776649,-955.237057,1700.278397,-0.563937,4.796396,5.230884,-1436663.75,-5948782.099,1781467.512,0.643606890759472,-0.7077861094352,0.29121983699176
1 Jan 2025 11:46:47.000,137.594,16.953,3105.596423,7621.209588,-950.440273,1705.50858,-0.570181,4.797177,5.229486,-1436347.914,-5948920.851,1781258.843,0.645074050655822,-0.706297675188787,0.291587145110007
1 Jan 2025 11:46:48.000,137.468,16.974,3104.201294,7620.636282,-945.64271,1710.737363,-0.576424,4.797954,5.228084,-1436032.063,-5949059.578,1781050.179,0.646553430006219,-0.704798575029516,0.291937717302094
1 Jan 2025 11:46:49.000,137.342,16.995,3102.816766,7620.056734,-940.844372,1715.964742,-0.582667,4.798726,5.226677,-1435716.173,-5949198.291,1780841.503,0.648029248906408,-0.703296289846736,0.292288250276354
1 Jan 2025 11:46:50.000,137.216,17.016,3101.442859,7619.470943,-936.045263,1721.190711,-0.588909,4.799495,5.225266,-1435400.268,-5949336.978,1780632.831,0.649501500305815,-0.701790828252243,0.292638743985697
1 Jan 2025 11:46:51.000,137.09,17.037,3100.079584,7618.87891,-931.245388,1726.415268,-0.595151,4.80026,5.223851,-1435084.35,-5949475.64,1780424.164,0.650970177175002,-0.700282198873861,0.292989198383039
1 Jan 2025 11:46:52.000,136.964,17.058,3098.726963,7618.280635,-926.444749,1731.638407,-0.601392,4.801021,5.222431,-1434768.442,-5949614.266,1780215.519,0.652435272505711,-0.698770410355389,0.293339613421303
1 Jan 2025 11:46:53.000,136.837,17.078,3097.385004,7617.67612,-921.643352,1736.860125,-0.607633,4.801778,5.221008,-1434452.521,-5949752.866,1780006.879,0.653912454992463,-0.697247797346706,0.293673305393762
1 Jan 2025 11:46:54.000,136.711,17.099,3096.053728,7617.065363,-916.8412,1742.080417,-0.613873,4.802531,5.219579,-1434136.559,-5949891.452,1779798.226,0.655370352216648,-0.695729687828812,0.294023643452444
1 Jan 2025 11:46:55.000,136.584,17.119,3094.733146,7616.448367,-912.038296,1747.299278,-0.620113,4.80328,5.218147,-1433820.584,-5950030.013,1779589.578,0.65684029413214,-0.69420071326469,0.294357262025585
1 Jan 2025 11:46:56.000,136.457,17.139,3093.423278,7615.825131,-907.234645,1752.516706,-0.626352,4.804025,5.21671,-1433504.619,-5950168.537,1779380.952,0.658306597973512,-0.692668556450754,0.294690844732187
1 Jan 2025 11:46:57.000,136.33,17.159,3092.124133,7615.195656,-902.430252,1757.732694,-0.632591,4.804767,5.21527,-1433188.641,-5950307.036,1779172.33,0.659769256678459,-0.691133226189684,0.295024391531603
1 Jan 2025 11:46:58.000,136.203,17.179,3090.83573,7614.559943,-897.625118,1762.947239,-0.638829,4.805504,5.213824,-1432872.623,-5950445.521,1778963.696,0.661228263206274,-0.689594731300215,0.295357902383192
1 Jan 2025 11:46:59.000,136.076,17.199,3089.558085,7613.917992,-892.81925,1768.160337,-0.645067,4.806237,5.212375,-1432556.59,-5950583.981,1778755.067,0.66268361053788,-0.688053080617081,0.295691377246317
1 Jan 2025 11:47:00.000,135.948,17.218,3088.291209,7613.269803,-888.01265,1773.371983,-0.651304,4.806967,5.210921,-1432240.544,-5950722.415,1778546.443,0.664150865702283,-0.686500404722059,0.296008144994961
1 Jan 2025 11:47:01.000,135.821,17.238,3087.035121,7612.615377,-883.205323,1778.582173,-0.657541,4.807692,5.209463,-1431924.508,-5950860.813,1778337.84,0.665598858931117,-0.68495243994877,0.296341549563713
1 Jan 2025 11:47:02.000,135.693,17.257,3085.78983,7611.954715,-878.397272,1783.790904,-0.663777,4.808414,5.208001,-1431608.459,-5950999.186,1778129.241,0.667058716197846,-0.683393409083593,0.296658250459324
1 Jan 2025 11:47:03.000,135.565,17.276,3084.555353,7611.287818,-873.588501,1788.998169,-0.670012,4.809132,5.206534,-1431292.37,-5951137.544,1777920.631,0.66851485637818,-0.681831199378244,0.296974918732351
1 Jan 2025 11:47:04.000,135.437,17.295,3083.331708,7610.614685,-868.779015,1794.203966,-0.676247,4.809845,5.205063,-1430976.266,-5951275.877,1777712.026,0.669967272396273,-0.680265819831679,0.297291554347971
1 Jan 2025 11:47:05.000,135.309,17.314,3082.118904,7609.935317,-863.968817,1799.40829,-0.682482,4.810555,5.203588,-1430660.149,-5951414.185,1777503.425,0.671415957198345,-0.678697279458946,0.297608157271363
1 Jan 2025 11:47:06.000,135.181,17.333,3080.916959,7609.249715,-859.157912,1804.611137,-0.688715,4.811261,5.202109,-1430344.043,-5951552.456,1777294.846,0.672860903752718,-0.677125587291134,0.297924727467713
1 Jan 2025 11:47:07.000,135.053,17.351,3079.725883,7608.55788,-854.346302,1809.812503,-0.694949,4.811963,5.200625,-1430027.922,-5951690.702,1777086.271,0.674305782238146,-0.675554436372884,0.298224605854575
1 Jan 2025 11:47:08.000,134.925,17.37,3078.545696,7607.859812,-849.533993,1815.012382,-0.701181,4.812661,5.199137,-1429711.762,-5951828.934,1776877.684,0.675743243422857,-0.673976463448949,0.298541112219414
1 Jan 2025 11:47:09.000,134.796,17.388,3077.376404,7607.155512,-844.720988,1820.210772,-0.707413,4.813355,5.197645,-1429395.588,-5951967.14,1776669.103,0.677192382115392,-0.672387221858585,0.298840930071794
1 Jan 2025 11:47:10.000,134.667,17.406,3076.218026,7606.44498,-839.90729,1825.407667,-0.713645,4.814045,5.196149,-1429079.425,-5952105.31,1776460.542,0.678637723326121,-0.670794805477851,0.299140718429757
1 Jan 2025 11:47:11.000,134.539,17.424,3075.070576,7605.728217,-835.092905,1830.603063,-0.719876,4.814731,5.194648,-1428763.248,-5952243.455,1776251.987,0.680067580130434,-0.669211093027913,0.299440477263714
1 Jan 2025 11:47:12.000,134.41,17.441,3073.934064,7605.005223,-830.277836,1835.796957,-0.726106,4.815413,5.193143,-1428447.031,-5952381.586,1776043.419,0.681509070017366,-0.667616040585213,0.299723555693223
1 Jan 2025 11:47:13.000,134.281,17.459,3072.808506,7604.276,-825.462086,1840.989344,-0.732335,4.816091,5.191634,-1428130.8,-5952519.691,1775834.856,0.682943016261095,-0.666014175358517,0.300023257034703
1 Jan 2025 11:47:14.000,134.152,17.476,3071.693917,7603.540547,-820.645661,1846.180219,-0.738564,4.816765,5.19012,-1427814.555,-5952657.771,1775626.298,0.68437689757707,-0.66441282316561,0.300306281112948
1 Jan 2025 11:47:15.000,134.022,17.494,3070.590306,7602.798865,-815.828563,1851.369579,-0.744793,4.817435,5.188602,-1427498.321,-5952795.814,1775417.761,0.685814765491762,-0.662792716751238,0.300605924850116
1 Jan 2025 11:47:16.000,133.893,17.511,3069.49769,7602.050955,-811.010796,1856.557419,-0.751021,4.818102,5.18708,-1427182.073,-5952933.832,1775209.229,0.68724098214804,-0.661185076691788,0.300888894471484
1 Jan 2025 11:47:17.000,133.763,17.528,3068.416079,7601.296818,-806.192366,1861.743734,-0.757248,4.818764,5.185554,-1426865.785,-5953071.836,1775000.685,0.688674887509827,-0.659562296941991,0.301171837604268
1 Jan 2025 11:47:18.000,133.634,17.544,3067.345486,7600.536454,-801.373274,1866.928522,-0.763474,4.819423,5.184024,-1426549.483,-5953209.815,1774792.145,0.690097231071324,-0.657952031547083,0.301438112803868
1 Jan 2025 11:47:19.000,133.504,17.561,3066.285927,7599.769864,-796.553527,1872.111776,-0.7697,4.820077,5.182489,-1426233.193,-5953347.757,1774583.628,0.69152339674431,-0.656322959548869,0.301721004446534
1 Jan 2025 11:47:20.000,133.374,17.577,3065.237411,7598.997048,-791.733127,1877.293494,-0.775925,4.820728,5.18095,-1425916.862,-5953485.685,1774375.098,0.692949493182365,-0.65469436543038,0.301987231140682
1 Jan 2025 11:47:21.000,133.244,17.594,3064.199952,7598.218008,-786.912078,1882.473671,-0.78215,4.821374,5.179407,-1425600.543,-5953623.577,1774166.589,0.694367862575432,-0.653059013780183,0.302270071199385
1 Jan 2025 11:47:22.000,133.114,17.61,3063.173565,7597.432743,-782.090385,1887.652302,-0.788374,4.822017,5.177859,-1425284.185,-5953761.454,1773958.069,0.695786172054694,-0.65142414803038,0.302536249299766
1 Jan 2025 11:47:23.000,132.984,17.626,3062.158258,7596.641255,-777.268051,1892.829384,-0.794597,4.822656,5.176307,-1424967.812,-5953899.306,1773749.553,0.69720058332638,-0.649786157791627,0.302802403807747
1 Jan 2025 11:47:24.000,132.854,17.642,3061.154044,7595.843543,-772.44508,1898.004911,-0.80082,4.82329,5.174751,-1424651.451,-5954037.121,1773541.059,0.69861108940447,-0.648145052464597,0.303068534702573
1 Jan 2025 11:47:25.000,132.723,17.657,3060.16094,7595.03961,-767.621477,1903.178881,-0.807041,4.823921,5.173191,-1424335.075,-5954174.912,1773332.57,0.700032856015548,-0.646492215522003,0.303318010952476
1 Jan 2025 11:47:26.000,132.593,17.673,3059.178951,7594.229455,-762.797245,1908.351288,-0.813263,4.824548,5.171627,-1424018.66,-5954312.687,1773124.068,0.701435513647149,-0.644844878112168,0.303584096037759
1 Jan 2025 11:47:27.000,132.462,17.688,3058.208092,7593.413079,-757.972388,1913.522129,-0.819483,4.825171,5.170058,-1423702.231,-5954450.438,1772915.572,0.702849383145408,-0.643185767164021,0.3038335293047
1 Jan 2025 11:47:28.000,132.331,17.703,3057.248379,7592.590482,-753.14691,1918.691399,-0.825703,4.82579,5.168485,-1423385.787,-5954588.163,1772707.08,0.704259284743432,-0.641523518190118,0.30408294174722
1 Jan 2025 11:47:29.000,132.201,17.718,3056.299816,7591.761667,-748.320815,1923.859093,-0.831922,4.826405,5.166908,-1423069.355,-5954725.852,1772498.609,0.705654043648584,-0.639870456859221,0.304332333348224
1 Jan 2025 11:47:30.000,132.07,17.733,3055.362418,7590.926632,-743.494107,1929.025209,-0.838141,4.827016,5.165326,-1422752.909,-5954863.516,1772290.144,0.707056017428465,-0.638201985073263,0.304581704090618
1 Jan 2025 11:47:31.000,131.939,17.748,3054.4362,7590.085379,-738.66679,1934.189741,-0.844359,4.827623,5.163741,-1422436.423,-5955001.165,1772081.666,0.708454002270919,-0.636530403994649,0.304831053957312
1 Jan 2025 11:47:32.000,131.808,17.762,3053.521167,7589.237909,-733.838868,1939.352685,-0.850576,4.828226,5.162151,-1422119.923,-5955138.789,1771873.193,0.709851959992535,-0.634859272770534,0.305063761649962
1 Jan 2025 11:47:33.000,131.676,17.777,3052.617333,7588.384222,-729.010345,1944.514037,-0.856792,4.828825,5.160556,-1421803.434,-5955276.377,1771664.742,0.711253008380769,-0.633169082220221,0.305313071108508
1 Jan 2025 11:47:34.000,131.545,17.791,3051.724712,7587.524319,-724.181224,1949.673792,-0.863008,4.82942,5.158958,-1421486.931,-5955413.939,1771456.295,0.712642957959927,-0.631491737548486,0.305545741057081
1 Jan 2025 11:47:35.000,131.414,17.805,3050.843309,7586.658201,-719.351511,1954.831948,-0.869223,4.830011,5.157355,-1421170.389,-5955551.487,1771247.836,0.714028913205862,-0.629811309540649,0.305778392763041
1 Jan 2025 11:47:36.000,131.282,17.819,3049.973139,7585.785869,-714.521208,1959.988498,-0.875437,4.830599,5.155749,-1420853.832,-5955689.01,1771039.383,0.715421829992936,-0.628115321422693,0.306011026212497
1 Jan 2025 11:47:37.000,131.15,17.832,3049.114211,7584.907322,-709.69032,1965.14344,-0.88165,4.831182,5.154138,-1420537.261,-5955826.507,1770830.933,0.716814704138055,-0.626419737950641,0.30622702662783
1 Jan 2025 11:47:38.000,131.019,17.846,3048.266539,7584.022562,-704.858851,1970.296768,-0.887863,4.831761,5.152522,-1420220.702,-5955963.968,1770622.506,0.7181885871011,-0.624730063073114,0.306459624829094
1 Jan 2025 11:47:39.000,130.887,17.859,3047.430128,7583.13159,-700.026804,1975.448479,-0.894075,4.832337,5.150903,-1419904.128,-5956101.403,1770414.083,0.719573368647758,-0.623028288365655,0.306675592489979
1 Jan 2025 11:47:40.000,130.755,17.872,3046.604992,7582.234407,-695.194184,1980.598568,-0.900286,4.832908,5.149279,-1419587.515,-5956238.825,1770205.648,0.720954084042619,-0.621323417151405,0.3068915443631
1 Jan 2025 11:47:41.000,130.623,17.885,3045.791139,7581.331012,-690.360994,1985.747032,-0.906497,4.833476,5.147651,-1419270.888,-5956376.221,1769997.218,0.722330726297832,-0.619615459220859,0.307107480437339
1 Jan 2025 11:47:42.000,130.491,17.898,3044.988584,7580.421408,-685.527239,1990.893865,-0.912706,4.834039,5.146019,-1418954.272,-5956513.58,1769788.809,0.72370328844928,-0.617904424380433,0.307323400701579
1 Jan 2025 11:47:43.000,130.359,17.911,3044.197331,7579.505594,-680.692922,1996.039064,-0.918915,4.834599,5.144382,-1418637.616,-5956650.926,1769580.389,0.725071763556628,-0.616190322452401,0.307539305144705
1 Jan 2025 11:47:44.000,130.227,17.923,3043.417392,7578.583571,-675.858048,2001.182625,-0.925124,4.835154,5.142742,-1418320.972,-5956788.234,1769371.99,0.726440245567722,-0.614476632087789,0.307738587501722
1 Jan 2025 11:47:45.000,130.094,17.935,3042.64878,7577.655341,-671.02262,2006.324543,-0.931331,4.835706,5.141097,-1418004.288,-5956925.529,1769163.578,0.727815342796167,-0.612747177399471,0.307937856359815
1 Jan 2025 11:47:46.000,129.962,17.948,3041.891498,7576.720904,-666.186642,2011.464813,-0.937538,4.836254,5.139448,-1417687.59,-5957062.798,1768955.172,0.7291715069944,-0.611023895506486,0.308153715712782
1 Jan 2025 11:47:47.000,129.829,17.96,3041.14556,7575.78026,-661.350119,2016.603433,-0.943744,4.836797,5.137795,-1417370.904,-5957200.031,1768746.787,0.730538323784328,-0.609288282957587,0.308352956420042
1 Jan 2025 11:47:48.000,129.697,17.971,3040.410974,7574.833411,-656.513054,2021.740397,-0.949949,4.837337,5.136137,-1417054.203,-5957337.239,1768538.407,0.73189451970502,-0.607565804465907,0.308535581853138
1 Jan 2025 11:47:49.000,129.564,17.983,3039.687752,7573.880357,-651.675451,2026.875702,-0.956153,4.837873,5.134475,-1416737.463,-5957474.432,1768330.015,0.733253049565223,-0.605824059157681,0.308734796628127
1 Jan 2025 11:47:50.000,129.431,17.994,3038.975899,7572.921099,-646.837315,2032.009343,-0.962356,4.838405,5.132809,-1416420.709,-5957611.6,1768121.628,0.734611569562989,-0.604082678866929,0.308917398275263
1 Jan 2025 11:47:51.000,129.298,18.006,3038.275425,7571.955639,-641.998648,2037.141316,-0.968559,4.838933,5.131139,-1416103.94,-5957748.742,1767913.246,0.73596175428459,-0.602334817040096,0.309116587085882
1 Jan 2025 11:47:52.000,129.165,18.017,3037.58634,7570.983976,-637.159456,2042.271616,-0.974761,4.839457,5.129465,-1415787.183,-5957885.848,1767704.885,0.73731193629075,-0.60058732519463,0.309299164917631
1 Jan 2025 11:47:53.000,129.032,18.028,3036.908652,7570.006111,-632.319742,2047.40024,-0.980962,4.839976,5.127786,-1415470.412,-5958022.929,1767496.529,0.738657944099161,-0.598836788766703,0.309481731349014
1 Jan 2025 11:47:54.000,128.899,18.039,3036.242373,7569.022046,-627.47951,2052.527184,-0.987162,4.840492,5.126104,-1415153.601,-5958159.995,1767288.16,0.739999770801571,-0.597083217783365,0.309664286373299
1 Jan 2025 11:47:55.000,128.766,18.049,3035.587505,7568.031781,-622.638764,2057.652442,-0.993362,4.841004,5.124417,-1414836.776,-5958297.037,1767079.797,0.741341625951864,-0.595330008272982,0.309830235581904
1 Jan 2025 11:47:56.000,128.633,18.06,3034.94406,7567.035317,-617.797508,2062.776012,-0.99956,4.841512,5.122725,-1414519.962,-5958434.041,1766871.455,0.7426750801515,-0.59357039051533,0.310012768810321
1 Jan 2025 11:47:57.000,128.5,18.07,3034.312046,7566.032655,-612.955746,2067.897888,-1.005758,4.842016,5.12103,-1414203.109,-5958571.032,1766663.101,0.744008569523894,-0.591811138507958,0.310178698193353
1 Jan 2025 11:47:58.000,128.366,18.08,3033.691474,7565.023795,-608.113482,2073.018067,-1.011955,4.842517,5.119331,-1413886.267,-5958707.986,1766454.769,0.745348168959497,-0.590035867577416,0.310344618127801
1 Jan 2025 11:47:59.000,128.233,18.09,3033.082346,7564.008739,-603.270719,2078.136544,-1.018151,4.843013,5.117627,-1413569.386,-5958844.925,1766246.425,0.746673244454524,-0.588270581993486,0.310510528608612
1 Jan 2025 11:48:00.000,128.099,18.099,3032.484672,7562.987488,-598.427463,2083.253316,-1.024346,4.843505,5.115919,-1413252.49,-5958981.84,1766038.085,0.748008621388668,-0.586492596856763,0.310659839954305
1 Jan 2025 11:48:01.000,127.966,18.109,3031.898461,7561.960041,-593.583716,2088.368377,-1.030541,4.843993,5.114207,-1412935.606,-5959118.718,1765829.767,0.749325265612243,-0.584721309989889,0.310825732459281
1 Jan 2025 11:48:02.000,127.832,18.118,3031.323719,7560.926401,-588.739484,2093.481724,-1.036734,4.844477,5.11249,-1412618.708,-5959255.57,1765621.454,0.75065215550736,-0.582937281043012,0.310975027618513
1 Jan 2025 11:48:03.000,127.699,18.128,3030.760458,7559.886567,-583.894769,2098.593353,-1.042927,4.844957,5.11077,-1412301.77,-5959392.409,1765413.129,0.751960341162758,-0.581160033330308,0.311140902129412
1 Jan 2025 11:48:04.000,127.565,18.137,3030.208678,7558.840542,-579.049575,2103.703259,-1.049119,4.845434,5.109045,-1411984.819,-5959529.221,1765204.809,0.753278716548275,-0.579370001255652,0.311290181085765
1 Jan 2025 11:48:05.000,127.431,18.145,3029.66839,7557.788325,-574.203908,2108.811438,-1.05531,4.845906,5.107316,-1411667.853,-5959666.009,1764996.493,0.754597129946608,-0.577580270922379,0.311422867043467
1 Jan 2025 11:48:06.000,127.297,18.154,3029.1396,7556.729917,-569.35777,2113.917886,-1.0615,4.846374,5.105583,-1411350.898,-5959802.76,1764788.199,0.755906951776241,-0.575784236616466,0.311572131488594
1 Jan 2025 11:48:07.000,127.163,18.162,3028.622316,7555.66532,-564.511166,2119.022599,-1.067689,4.846839,5.103846,-1411033.93,-5959939.486,1764579.91,0.757216817229432,-0.5739885073158,0.311704804541587
1 Jan 2025 11:48:08.000,127.029,18.171,3028.116544,7554.594534,-559.664099,2124.125573,-1.073877,4.847299,5.102104,-1410716.921,-5960076.198,1764371.609,0.758518058086266,-0.572186511788276,0.311854054462346
1 Jan 2025 11:48:09.000,126.895,18.179,3027.622294,7553.517561,-554.816574,2129.226803,-1.080064,4.847756,5.100359,-1410399.899,-5960212.884,1764163.313,0.759819348208672,-0.570384824483875,0.311986714598951
1 Jan 2025 11:48:10.000,126.761,18.187,3027.139566,7552.4344,-549.968594,2134.326285,-1.086251,4.848208,5.098609,-1410082.888,-5960349.533,1763955.038,0.761116345201801,-0.568580169174209,0.312119368653214
1 Jan 2025 11:48:11.000,126.627,18.195,3026.66837,7551.345054,-545.120164,2139.424016,-1.092436,4.848657,5.096855,-1409765.863,-5960486.158,1763746.768,0.762409042275761,-0.56677255612045,0.312252016622549
1 Jan 2025 11:48:12.000,126.493,18.202,3026.208712,7550.249522,-540.271288,2144.51999,-1.098621,4.849101,5.095097,-1409448.799,-5960622.768,1763538.486,0.763701815685929,-0.564965238035422,0.312368078602143
1 Jan 2025 11:48:13.000,126.358,18.21,3025.760597,7549.147806,-535.421969,2149.614204,-1.104805,4.849542,5.093334,-1409131.72,-5960759.353,1763330.208,0.76499573082118,-0.563138379843547,0.312500715155268
1 Jan 2025 11:48:14.000,126.224,18.217,3025.324032,7548.039907,-530.572212,2154.706653,-1.110987,4.849978,5.091568,-1408814.627,-5960895.912,1763121.936,0.766279867056108,-0.561325148417871,0.312616767141701
1 Jan 2025 11:48:15.000,126.09,18.224,3024.899026,7546.925826,-525.72202,2159.797334,-1.117169,4.850411,5.089797,-1408497.546,-5961032.435,1762913.685,0.767559694955131,-0.559508982447201,0.312732814461936
1 Jan 2025 11:48:16.000,125.955,18.231,3024.485577,7545.805563,-520.871397,2164.886242,-1.12335,4.850839,5.088022,-1408180.451,-5961168.932,1762705.439,0.768844941204862,-0.557676473401923,0.312848857114242
1 Jan 2025 11:48:17.000,125.821,18.237,3024.083696,7544.67912,-516.020348,2169.973373,-1.12953,4.851264,5.086243,-1407863.316,-5961305.416,1762497.181,0.770120529452213,-0.555857643688223,0.312948318528186
1 Jan 2025 11:48:18.000,125.686,18.244,3023.693386,7543.546497,-511.168876,2175.058723,-1.135709,4.851685,5.08446,-1407546.167,-5961441.873,1762288.928,0.77139703895049,-0.554019241080904,0.313064352506885
1 Jan 2025 11:48:19.000,125.552,18.25,3023.314653,7542.407696,-506.316985,2180.142288,-1.141888,4.852101,5.082672,-1407229.03,-5961578.295,1762080.696,0.772663958805575,-0.55219456450739,0.31316380648375
1 Jan 2025 11:48:20.000,125.417,18.256,3022.947503,7541.262717,-501.46468,2185.224063,-1.148065,4.852514,5.080881,-1406911.852,-5961714.702,1761872.452,0.773936160349062,-0.550353478685626,0.313263257026388
1 Jan 2025 11:48:21.000,125.282,18.262,3022.591939,7540.111561,-496.611963,2190.304045,-1.154241,4.852923,5.079085,-1406594.687,-5961851.073,1761664.23,0.775203967194875,-0.548509457442016,0.313362704133711
1 Jan 2025 11:48:22.000,125.148,18.268,3022.247968,7538.954229,-491.758841,2195.382228,-1.160416,4.853328,5.077285,-1406277.482,-5961987.429,1761455.996,0.776457831380453,-0.546676063113865,0.313462147804627
1 Jan 2025 11:48:23.000,125.013,18.274,3021.915597,7537.790723,-486.905315,2200.45861,-1.166591,4.853728,5.075481,-1405960.262,-5962123.76,1761247.767,0.777716860791313,-0.544826224541334,0.313561588038046
1 Jan 2025 11:48:24.000,124.878,18.279,3021.594823,7536.621043,-482.051391,2205.533185,-1.172764,4.854125,5.073673,-1405643.054,-5962260.055,1761039.56,0.778975966217557,-0.542976612400626,0.313644452272576
1 Jan 2025 11:48:25.000,124.743,18.284,3021.285655,7535.44519,-477.197071,2210.60595,-1.178936,4.854518,5.07186,-1405325.833,-5962396.324,1760831.357,0.780230667354407,-0.541124087521196,0.313727314118567
1 Jan 2025 11:48:26.000,124.608,18.289,3020.988097,7534.263165,-472.342361,2215.676901,-1.185108,4.854907,5.070044,-1405008.571,-5962532.579,1760623.142,0.781480957456746,-0.53926866040321,0.313810173575388
1 Jan 2025 11:48:27.000,124.474,18.294,3020.702153,7533.074969,-467.487264,2220.746033,-1.191278,4.855292,5.068223,-1404691.296,-5962668.808,1760414.932,0.782717450105409,-0.537424002640941,0.313893030642407
1 Jan 2025 11:48:28.000,124.339,18.299,3020.427826,7531.880604,-462.631785,2225.813342,-1.197447,4.855673,5.066398,-1404374.006,-5962805.013,1760206.727,0.783958930487542,-0.535562824276463,0.313975885318995
1 Jan 2025 11:48:29.000,124.204,18.303,3020.165121,7530.680069,-457.775926,2230.878825,-1.203616,4.85605,5.064569,-1404056.728,-5962941.18,1759998.543,0.785200512991304,-0.533701856406165,0.31404216733873
1 Jan 2025 11:48:30.000,124.069,18.308,3019.914042,7529.473367,-452.919692,2235.942476,-1.209783,4.856423,5.062736,-1403739.436,-5963077.323,1759790.364,0.786433133035302,-0.531834937280708,0.314125017710949
1 Jan 2025 11:48:31.000,123.934,18.312,3019.674591,7528.260498,-448.063087,2241.004292,-1.21595,4.856792,5.060899,-1403422.104,-5963213.451,1759582.174,0.787665858544021,-0.52996822982326,0.314191296286372
1 Jan 2025 11:48:32.000,123.799,18.316,3019.446772,7527.041463,-443.206116,2246.064269,-1.222115,4.857157,5.059057,-1403104.758,-5963349.553,1759373.988,0.788894149666616,-0.528098663344487,0.314257573330465
1 Jan 2025 11:48:33.000,123.664,18.32,3019.230589,7525.816263,-438.348781,2251.122402,-1.228279,4.857518,5.057212,-1402787.424,-5963485.62,1759165.823,0.790117999768157,-0.526226248386519,0.314323848842904
1 Jan 2025 11:48:34.000,123.529,18.323,3019.026047,7524.584899,-433.491088,2256.178687,-1.234443,4.857875,5.055362,-1402470.05,-5963621.671,1758957.647,0.791341976235356,-0.524354026299627,0.314373554471892
1 Jan 2025 11:48:35.000,123.394,18.327,3018.833144,7523.347372,-428.633039,2261.233121,-1.240605,4.858228,5.053508,-1402152.688,-5963757.687,1758749.493,0.792556932584503,-0.522475935922222,0.31443982730316
1 Jan 2025 11:48:36.000,123.258,18.33,3018.651885,7522.103684,-423.774639,2266.285698,-1.246766,4.858577,5.05165,-1401835.286,-5963893.688,1758541.326,0.793781104085541,-0.520584185063177,0.314489530920899
1 Jan 2025 11:48:37.000,123.123,18.333,3018.482273,7520.853834,-418.915892,2271.336416,-1.252926,4.858922,5.049788,-1401517.87,-5964029.664,1758333.164,0.794991705255935,-0.51870344037079,0.314539233676447
1 Jan 2025 11:48:38.000,122.988,18.336,3018.324311,7519.597826,-414.056802,2276.385269,-1.259086,4.859263,5.047921,-1401200.466,-5964165.603,1758125.024,0.796197848322468,-0.516819879594251,0.314588935569668
1 Jan 2025 11:48:39.000,122.853,18.338,3018.178,7518.335658,-409.197373,2281.432254,-1.265244,4.8596,5.046051,-1400883.047,-5964301.517,1757916.888,0.797404139811994,-0.514936492275683,0.31462206968601
1 Jan 2025 11:48:40.000,122.718,18.341,3018.043344,7517.067333,-404.337609,2286.477366,-1.271401,4.859933,5.044176,-1400565.589,-5964437.417,1757708.741,0.798601354773506,-0.513047320653563,0.314671770141716
1 Jan 2025 11:48:41.000,122.583,18.343,3017.920343,7515.792851,-399.477514,2291.520601,-1.277557,4.860262,5.042297,-1400248.117,-5964573.291,1757500.599,0.799798720309202,-0.511158322666236,0.31470490329959
1 Jan 2025 11:48:42.000,122.447,18.345,3017.809001,7514.512213,-394.617091,2296.561956,-1.283712,4.860588,5.040415,-1399930.631,-5964709.14,1757292.461,0.801000505046079,-0.509252549884834,0.314738036074004
1 Jan 2025 11:48:43.000,122.312,18.347,3017.709319,7513.225422,-389.756345,2301.601426,-1.289866,4.860909,5.038528,-1399613.156,-5964844.952,1757084.345,0.802188892881847,-0.507357952179942,0.31477116846492
1 Jan 2025 11:48:44.000,122.177,18.349,3017.621299,7511.932477,-384.89528,2306.639007,-1.296019,4.861226,5.036636,-1399295.668,-5964980.739,1756876.234,0.803372798591563,-0.505460580943071,0.314804300472297
1 Jan 2025 11:48:45.000,122.042,18.351,3017.544941,7510.633379,-380.0339,2311.674694,-1.30217,4.861539,5.034741,-1398978.14,-5965116.512,1756668.11,0.804552215701435,-0.503560446779776,0.314837432096095
1 Jan 2025 11:48:46.000,121.906,18.352,3017.480248,7509.32813,-375.172209,2316.708484,-1.308321,4.861848,5.032842,-1398660.597,-5965252.259,1756459.992,0.805740558337061,-0.501646402102737,0.314853997764139
1 Jan 2025 11:48:47.000,121.771,18.353,3017.427221,7508.016732,-370.31021,2321.740373,-1.314471,4.862154,5.030938,-1398343.067,-5965387.97,1756251.895,0.806915625185939,-0.499743636452815,0.314870563336273
1 Jan 2025 11:48:48.000,121.636,18.354,3017.385861,7506.699184,-365.447908,2326.770356,-1.320619,4.862455,5.029031,-1398025.522,-5965523.656,1756043.803,0.808086198440507,-0.497838118265561,0.314887128812491
1 Jan 2025 11:48:49.000,121.5,18.355,3017.356169,7505.375488,-360.585307,2331.79843,-1.326767,4.862752,5.027119,-1397707.938,-5965659.327,1755835.7,0.809260927138621,-0.495915733961399,0.31490369419279
1 Jan 2025 11:48:50.000,121.365,18.356,3017.338145,7504.045645,-355.72241,2336.824589,-1.332913,4.863046,5.025203,-1397390.34,-5965794.973,1755627.601,0.810422460533052,-0.494004722279443,0.314920259477163
1 Jan 2025 11:48:51.000,121.23,18.356,3017.331791,7502.709657,-350.859222,2341.848831,-1.339058,4.863335,5.023283,-1397072.727,-5965930.593,1755419.506,0.811584181069933,-0.492093839839396,0.314920259477163
1 Jan 2025 11:48:52.000,121.095,18.356,3017.337106,7501.367524,-345.995747,2346.87115,-1.345202,4.86362,5.021359,-1396755.126,-5966066.177,1755211.434,0.812741395975571,-0.490180225466629,0.314920259477163
1 Jan 2025 11:48:53.000,120.959,18.357,3017.354092,7500.019247,-341.131988,2351.891544,-1.351345,4.863902,5.01943,-1396437.512,-5966201.735,1755003.366,0.813897907035155,-0.488246857023513,0.314936824665607
1 Jan 2025 11:48:54.000,120.824,18.357,3017.382747,7498.664828,-336.26795,2356.910007,-1.357487,4.864179,5.017498,-1396119.857,-5966337.28,1754795.286,0.815046051286967,-0.48632780174597,0.314936824665607
1 Jan 2025 11:48:55.000,120.689,18.356,3017.423074,7497.304268,-331.403637,2361.926536,-1.363628,4.864453,5.015562,-1395802.189,-5966472.798,1754587.212,0.816194397439489,-0.484408851858866,0.314920259477163
1 Jan 2025 11:48:56.000,120.553,18.356,3017.47507,7495.937567,-326.539052,2366.941126,-1.369767,4.864722,5.013621,-1395484.532,-5966608.281,1754379.158,0.817341913055208,-0.482470131027911,0.314920259477163
1 Jan 2025 11:48:57.000,120.418,18.355,3017.538737,7494.564728,-321.6742,2371.953773,-1.375906,4.864987,5.011676,-1395166.836,-5966743.749,1754171.093,0.818481176387179,-0.480545759822718,0.31490369419279
1 Jan 2025 11:48:58.000,120.283,18.354,3017.614074,7493.18575,-316.809084,2376.964474,-1.382043,4.865249,5.009728,-1394849.151,-5966879.18,1753963.05,0.819615908662055,-0.478618698314535,0.314887128812491
1 Jan 2025 11:48:59.000,120.148,18.353,3017.70108,7491.800636,-311.943709,2381.973224,-1.388179,4.865506,5.007775,-1394531.427,-5967014.597,1753754.994,0.820746103526504,-0.476688957172662,0.314870563336273
1 Jan 2025 11:49:00.000,120.012,18.352,3017.799755,7490.409387,-307.078078,2386.980019,-1.394314,4.86576,5.005818,-1394213.689,-5967149.989,1753546.944,0.821880040592033,-0.474742202640946,0.314853997764139
1 Jan 2025 11:49:01.000,119.877,18.351,3017.910097,7489.012002,-302.212196,2391.984855,-1.400448,4.866009,5.003857,-1393895.962,-5967285.345,1753338.915,0.823001107902687,-0.472807114732939,0.314837432096095
1 Jan 2025 11:49:02.000,119.742,18.349,3018.032107,7487.608485,-297.346066,2396.987728,-1.406581,4.866255,5.001891,-1393578.221,-5967420.675,1753130.891,0.824122389560615,-0.470872105171935,0.314804300472297
1 Jan 2025 11:49:03.000,119.607,18.347,3018.165782,7486.198836,-292.479693,2401.988633,-1.412712,4.866496,4.999922,-1393260.441,-5967555.99,1752922.854,0.825239120664782,-0.468934435958424,0.31477116846492
1 Jan 2025 11:49:04.000,119.471,18.346,3018.311122,7484.783055,-287.61308,2406.987567,-1.418843,4.866734,4.997949,-1392942.647,-5967691.28,1752714.823,0.826354662819168,-0.466976992534999,0.314754602317402
1 Jan 2025 11:49:05.000,119.336,18.343,3018.468125,7483.361145,-282.746232,2411.984526,-1.424972,4.866967,4.995971,-1392624.838,-5967826.545,1752506.797,0.827467022545896,-0.465036719451513,0.31470490329959
1 Jan 2025 11:49:06.000,119.201,18.341,3018.636791,7481.933106,-277.879152,2416.979505,-1.4311,4.867197,4.993989,-1392307.042,-5967961.774,1752298.792,0.828570030273964,-0.463091116312634,0.314671770141716
1 Jan 2025 11:49:07.000,119.066,18.339,3018.817116,7480.49894,-273.011845,2421.9725,-1.437227,4.867423,4.992004,-1391989.231,-5968096.977,1752090.792,0.829668462314795,-0.461142896506527,0.314638636600425
1 Jan 2025 11:49:08.000,118.931,18.336,3019.0091,7479.058648,-268.144314,2426.963508,-1.443352,4.867644,4.990014,-1391671.381,-5968232.165,1751882.781,0.830767117986566,-0.459194726983487,0.314588935569668
1 Jan 2025 11:49:09.000,118.796,18.333,3019.21274,7477.612231,-263.276563,2431.952524,-1.449477,4.867862,4.98802,-1391353.516,-5968367.328,1751674.774,0.831861196802485,-0.457243938978496,0.314539233676447
1 Jan 2025 11:49:10.000,118.661,18.33,3019.428031,7476.159689,-258.408597,2436.939544,-1.4556,4.868075,4.986022,-1391035.664,-5968502.455,1751466.788,0.832950692519533,-0.455290543249455,0.314489530920899
1 Jan 2025 11:49:11.000,118.526,18.327,3019.654977,7474.701026,-253.540419,2441.924564,-1.461722,4.868285,4.98402,-1390717.772,-5968637.568,1751258.791,0.834035598919987,-0.453334550569154,0.31443982730316
1 Jan 2025 11:49:12.000,118.391,18.324,3019.893573,7473.236241,-248.672034,2446.907579,-1.467843,4.868491,4.982014,-1390399.891,-5968772.644,1751050.816,0.835115909811462,-0.451375971725215,0.314390122823367
1 Jan 2025 11:49:13.000,118.256,18.32,3020.143817,7471.765335,-243.803445,2451.888587,-1.473962,4.868692,4.980004,-1390081.971,-5968907.705,1750842.828,0.836196451436685,-0.449417414719634,0.314323848842904
1 Jan 2025 11:49:14.000,118.121,18.316,3020.405705,7470.288311,-238.934656,2456.867582,-1.480081,4.86889,4.977989,-1389764.037,-5969042.741,1750634.846,0.83727239567117,-0.447456269429212,0.314257573330465
1 Jan 2025 11:49:15.000,117.986,18.312,3020.679235,7468.805169,-234.065672,2461.844561,-1.486198,4.869084,4.975971,-1389446.114,-5969177.741,1750426.885,0.838343736311378,-0.445492546655236,0.314191296286372
1 Jan 2025 11:49:16.000,117.851,18.308,3020.964403,7467.315911,-229.196495,2466.81952,-1.492314,4.869273,4.973948,-1389128.178,-5969312.716,1750218.928,0.839410467179171,-0.443526257213868,0.314125017710949
1 Jan 2025 11:49:17.000,117.716,18.304,3021.261208,7465.820537,-224.327132,2471.792454,-1.498428,4.869459,4.971922,-1388810.202,-5969447.675,1750010.96,0.840472582121844,-0.441557411936088,0.314058737604519
1 Jan 2025 11:49:18.000,117.581,18.299,3021.569644,7464.319049,-219.457584,2476.76336,-1.504542,4.869641,4.969891,-1388492.212,-5969582.61,1749802.997,0.841534932300463,-0.439588558945985,0.313975885318995
1 Jan 2025 11:49:19.000,117.446,18.295,3021.889711,7462.811449,-214.587857,2481.732232,-1.510654,4.869819,4.967857,-1388174.208,-5969717.519,1749595.039,0.842587801974884,-0.437614622562334,0.31390960176898
1 Jan 2025 11:49:20.000,117.312,18.29,3022.221402,7461.297737,-209.717954,2486.699068,-1.516765,4.869992,4.965818,-1387856.215,-5969852.392,1749387.102,0.843633300775008,-0.435655400325986,0.313826745179996
1 Jan 2025 11:49:21.000,117.177,18.285,3022.564713,7459.777915,-204.847879,2491.663864,-1.522874,4.870162,4.963775,-1387538.209,-5969987.239,1749179.171,0.844681806753604,-0.433678935632003,0.313743886201085
1 Jan 2025 11:49:22.000,117.042,18.28,3022.919644,7458.251983,-199.977636,2496.626614,-1.528983,4.870328,4.961728,-1387220.163,-5970122.072,1748971.227,0.84572567585149,-0.431699945223912,0.313661024832878
1 Jan 2025 11:49:23.000,116.907,18.274,3023.286191,7456.719944,-195.10723,2501.587316,-1.53509,4.87049,4.959677,-1386902.103,-5970256.879,1748763.288,0.846769782330248,-0.429720916688311,0.313561588038046
1 Jan 2025 11:49:24.000,116.773,18.269,3023.664347,7455.181799,-190.236664,2506.545964,-1.541196,4.870647,4.957622,-1386584.055,-5970391.65,1748555.371,0.847796898409097,-0.42775169230238,0.313478721415608
1 Jan 2025 11:49:25.000,116.638,18.263,3024.054109,7453.637548,-185.365942,2511.502556,-1.5473,4.870801,4.955563,-1386265.993,-5970526.396,1748347.459,0.848831748684301,-0.425767648309185,0.313379278317532
1 Jan 2025 11:49:26.000,116.504,18.257,3024.455473,7452.087194,-180.495069,2516.457086,-1.553403,4.870951,4.9535,-1385947.892,-5970661.127,1748139.534,0.849854550065442,-0.423795930526903,0.313279831782869
1 Jan 2025 11:49:27.000,116.369,18.251,3024.868435,7450.530736,-175.624047,2521.409551,-1.559505,4.871097,4.951433,-1385629.776,-5970795.833,1747931.615,0.850880124199188,-0.42180690213701,0.313180381812707
1 Jan 2025 11:49:28.000,116.235,18.245,3025.292988,7448.968178,-170.752882,2526.359947,-1.565606,4.871239,4.949361,-1385311.646,-5970930.513,1747723.701,0.851893706565564,-0.419830257343469,0.313080928408138
1 Jan 2025 11:49:29.000,116.1,18.238,3025.729126,7447.399519,-165.881577,2531.308269,-1.571705,4.871376,4.947286,-1384993.528,-5971065.157,1747515.808,0.852914885917135,-0.417838691145227,0.312964895096886
1 Jan 2025 11:49:30.000,115.966,18.231,3026.17685,7445.824762,-161.010136,2536.254515,-1.577804,4.87151,4.945207,-1384675.396,-5971199.776,1747307.92,0.853924138734097,-0.415859541058688,0.312848857114242
1 Jan 2025 11:49:31.000,115.832,18.225,3026.636152,7444.243907,-156.138563,2541.198678,-1.5839,4.87164,4.943123,-1384357.225,-5971334.38,1747100.02,0.854923873428581,-0.413875571007656,0.312749392269526
1 Jan 2025 11:49:32.000,115.698,18.218,3027.107027,7442.656956,-151.266862,2546.140757,-1.589996,4.871766,4.941036,-1384039.04,-5971468.959,1746892.125,0.855923906237815,-0.41189156089865,0.312633345616032
1 Jan 2025 11:49:33.000,115.564,18.21,3027.589469,7441.06391,-146.395038,2551.080746,-1.59609,4.871888,4.938944,-1383720.866,-5971603.501,1746684.252,0.856924242443586,-0.409907484366816,0.312500715155268
1 Jan 2025 11:49:34.000,115.429,18.203,3028.083472,7439.464771,-141.523093,2556.018641,-1.602183,4.872006,4.936848,-1383402.653,-5971738.029,1746476.367,0.857922158525512,-0.407903659020157,0.312384658504371
1 Jan 2025 11:49:35.000,115.295,18.195,3028.589029,7437.85954,-136.651033,2560.954438,-1.608274,4.87212,4.934749,-1383084.451,-5971872.521,1746268.504,0.858913219193377,-0.405914720119906,0.312252016622549
1 Jan 2025 11:49:36.000,115.161,18.188,3029.106139,7436.248218,-131.778861,2565.888134,-1.614364,4.87223,4.932645,-1382766.21,-5972006.997,1746060.628,0.859894721483949,-0.403921052549566,0.312135949982203
1 Jan 2025 11:49:37.000,115.027,18.18,3029.634794,7434.630806,-126.906581,2570.819725,-1.620453,4.872336,4.930537,-1382447.955,-5972141.449,1745852.758,0.860876517735938,-0.401927311918965,0.312003296688415
1 Jan 2025 11:49:38.000,114.894,18.172,3030.174987,7433.007306,-122.034196,2575.749205,-1.626541,4.872438,4.928426,-1382129.712,-5972275.864,1745644.909,0.861846694418065,-0.399946222514084,0.311870637311961
1 Jan 2025 11:49:39.000,114.76,18.163,3030.726712,7431.37772,-117.161712,2580.676572,-1.632627,4.872535,4.92631,-1381811.454,-5972410.254,1745437.065,0.862824181618124,-0.397950006564908,0.311721388245986
1 Jan 2025 11:49:40.000,114.626,18.155,3031.289964,7429.742048,-112.289132,2585.601821,-1.638712,4.872629,4.92419,-1381493.158,-5972544.629,1745229.209,0.863792080562908,-0.395949130126462,0.311588715952457
1 Jan 2025 11:49:41.000,114.492,18.146,3031.864732,7428.100291,-107.416461,2590.524948,-1.644795,4.872719,4.922066,-1381174.847,-5972678.979,1745021.358,0.864760269445497,-0.393948148747292,0.311439452361341
1 Jan 2025 11:49:42.000,114.359,18.137,3032.451017,7426.452452,-102.543701,2595.445949,-1.650877,4.872805,4.919938,-1380856.522,-5972813.304,1744813.512,0.865716961009457,-0.391959904301629,0.311290181085765
1 Jan 2025 11:49:43.000,114.225,18.128,3033.048807,7424.798532,-97.670857,2600.364821,-1.656958,4.872887,4.917806,-1380538.209,-5972947.592,1744605.688,0.866675866152488,-0.389954205068917,0.311140902129412
1 Jan 2025 11:49:44.000,114.092,18.119,3033.658098,7423.138532,-92.797933,2605.281558,-1.663037,4.872965,4.91567,-1380219.882,-5973081.854,1744397.869,0.867623332179591,-0.387961297746043,0.310991615495964
1 Jan 2025 11:49:45.000,113.958,18.11,3034.278881,7421.472453,-87.924933,2610.196157,-1.669115,4.873039,4.91353,-1379901.516,-5973216.103,1744190.037,0.868572930542748,-0.385950923934834,0.310842321189106
1 Jan 2025 11:49:46.000,113.825,18.1,3034.911146,7419.800297,-83.051861,2615.108615,-1.675192,4.873109,4.911386,-1379583.135,-5973350.325,1743982.211,0.869516108643886,-0.38395558712004,0.310676429630732
1 Jan 2025 11:49:47.000,113.692,18.091,3035.554893,7418.122065,-78.178721,2620.018926,-1.681267,4.873175,4.909238,-1379264.767,-5973484.512,1743774.406,0.870449713859275,-0.38195576173565,0.310527119136549
1 Jan 2025 11:49:48.000,113.558,18.081,3036.210111,7416.437758,-73.305518,2624.927087,-1.687341,4.873237,4.907086,-1378946.358,-5973618.684,1743566.589,0.871390295088241,-0.379940617992861,0.310361209601379
1 Jan 2025 11:49:49.000,113.425,18.071,3036.876792,7414.747379,-68.432254,2629.833094,-1.693413,4.873295,4.90493,-1378627.962,-5973752.819,1743358.794,0.872319588653177,-0.377938377164911,0.310195290612067
1 Jan 2025 11:49:50.000,113.292,18.061,3037.554925,7413.050927,-63.558934,2634.736943,-1.699484,4.873349,4.90277,-1378309.526,-5973886.94,1743150.988,0.873244255182635,-0.37593385772063,0.310029362173666
1 Jan 2025 11:49:51.000,113.159,18.05,3038.24451,7411.348406,-58.685562,2639.63863,-1.705554,4.873399,4.900606,-1377991.076,-5974021.036,1742943.186,0.874169261277161,-0.373929197291624,0.309846829983759
1 Jan 2025 11:49:52.000,113.026,18.04,3038.945536,7409.639815,-53.812142,2644.538151,-1.711622,4.873446,4.898438,-1377672.638,-5974155.095,1742735.405,0.875084659220693,-0.371920140210928,0.309680881718724
1 Jan 2025 11:49:53.000,112.893,18.029,3039.657993,7407.925157,-48.938678,2649.435502,-1.717688,4.873488,4.896266,-1377354.185,-5974289.129,1742527.63,0.876000389790888,-0.369910938223571,0.309498327731781
1 Jan 2025 11:49:54.000,112.761,18.018,3040.381874,7406.204434,-44.065173,2654.330678,-1.723754,4.873526,4.894089,-1377035.694,-5974423.148,1742319.843,0.876905053975754,-0.367914780189083,0.309315762337129
1 Jan 2025 11:49:55.000,112.628,18.007,3041.117167,7404.477645,-39.191633,2659.223677,-1.729818,4.87356,4.891909,-1376717.188,-5974557.142,1742112.061,0.877811523706514,-0.365901082869418,0.309133185541499
1 Jan 2025 11:49:56.000,112.495,17.996,3041.863872,7402.744793,-34.318061,2664.114493,-1.73588,4.87359,4.889725,-1376398.669,-5974691.11,1741904.283,0.878713337115096,-0.36388514612736,0.308950597351618
1 Jan 2025 11:49:57.000,112.363,17.984,3042.621974,7401.00588,-29.44446,2669.003123,-1.741941,4.873616,4.887537,-1376080.161,-5974825.042,1741696.528,0.879609156338332,-0.361884383170996,0.308751397248198
1 Jan 2025 11:49:58.000,112.231,17.973,3043.391467,7399.260906,-24.570836,2673.889563,-1.748001,4.873638,4.885345,-1375761.639,-5974958.949,1741488.777,0.880495396603664,-0.359879370519572,0.308568785255725
1 Jan 2025 11:49:59.000,112.098,17.961,3044.172338,7397.509874,-19.697191,2678.773808,-1.754059,4.873656,4.883148,-1375443.078,-5975092.841,1741281.014,0.881388267080516,-0.357858823574935,0.308369559201891
1 Jan 2025 11:50:00.000,111.966,17.949,3044.964584,7395.752784,-14.82353,2683.655856,-1.760115,4.87367,4.880948,-1375124.503,-5975226.707,1741073.256,0.882270251796882,-0.355851453416558,0.308170319621454
1 Jan 2025 11:50:01.000,111.834,17.937,3045.768194,7393.989638,-9.949857,2688.535701,-1.766171,4.873681,4.878744,-1374805.939,-5975360.538,1740865.52,0.883147626271183,-0.353841903109517,0.307971066523155
1 Jan 2025 11:50:02.000,111.702,17.924,3046.583158,7392.220438,-5.076176,2693.41334,-1.772224,4.873687,4.876536,-1374487.362,-5975494.343,1740657.789,0.884025375854503,-0.351832169594761,0.307755193755601
1 Jan 2025 11:50:03.000,111.57,17.912,3047.409463,7390.445184,-0.202491,2698.288769,-1.778277,4.873689,4.874324,-1374168.745,-5975628.133,1740450.046,0.884893514990355,-0.34981827825324,0.30755591252316
1 Jan 2025 11:50:04.000,111.438,17.899,3048.247106,7388.66388,4.671195,2703.161983,-1.784328,4.873687,4.872107,-1373850.115,-5975761.898,1740242.308,0.885762020826514,-0.347804199437471,0.307340009297504
1 Jan 2025 11:50:05.000,111.306,17.887,3049.096076,7386.876525,9.544876,2708.03298,-1.790377,4.873681,4.869887,-1373531.47,-5975895.637,1740034.575,0.886620903082903,-0.345786009894988,0.307140699968861
1 Jan 2025 11:50:06.000,111.174,17.874,3049.956358,7385.083121,14.41855,2712.901754,-1.796425,4.873671,4.867663,-1373212.837,-5976029.34,1739826.864,0.887480143599627,-0.343767628685409,0.306924766326206
1 Jan 2025 11:50:07.000,111.043,17.86,3050.82795,7383.28367,19.292212,2717.768302,-1.802471,4.873658,4.865435,-1372894.191,-5976163.018,1739619.157,0.888333775098763,-0.341764532353317,0.306692204733181
1 Jan 2025 11:50:08.000,110.911,17.847,3051.710839,7381.478174,24.165858,2722.63262,-1.808516,4.87364,4.863203,-1372575.505,-5976296.681,1739411.439,0.889183766014231,-0.339741880878118,0.306476238286344
1 Jan 2025 11:50:09.000,110.78,17.834,3052.605013,7379.666634,29.039485,2727.494704,-1.814559,4.873618,4.860967,-1372256.804,-5976430.318,1739203.725,0.89002321162354,-0.337732643267059,0.306260256062005
1 Jan 2025 11:50:10.000,110.649,17.82,3053.51046,7377.849051,33.913087,2732.354549,-1.820601,4.873592,4.858726,-1371938.116,-5976563.92,1738996.033,0.890863069715857,-0.335723209255759,0.306027642188501
1 Jan 2025 11:50:11.000,110.517,17.806,3054.427177,7376.025427,38.786662,2737.212153,-1.826642,4.873563,4.856482,-1371619.388,-5976697.507,1738788.33,0.891704162412062,-0.333696117102717,0.305795010043612
1 Jan 2025 11:50:12.000,110.386,17.792,3055.355149,7374.195763,43.660205,2742.06751,-1.83268,4.873529,4.854234,-1371300.672,-5976831.057,1738580.648,0.892534800865068,-0.331682489159798,0.305562359641227
1 Jan 2025 11:50:13.000,110.255,17.778,3056.294363,7372.360061,48.533713,2746.920618,-1.838718,4.873491,4.851982,-1370981.917,-5976964.593,1738372.954,0.893360839200266,-0.329666787499361,0.305329690995238
1 Jan 2025 11:50:14.000,110.124,17.764,3057.244814,7370.518322,53.40718,2751.771471,-1.844754,4.873449,4.849726,-1370663.147,-5977098.103,1738165.265,0.894182272228167,-0.327649022751719,0.305097004119535
1 Jan 2025 11:50:15.000,109.994,17.749,3058.206488,7368.670549,58.280604,2756.620067,-1.850788,4.873404,4.847466,-1370344.39,-5977231.577,1737957.598,0.89499841139737,-0.325646645468521,0.304847676539092
1 Jan 2025 11:50:16.000,109.863,17.735,3059.179372,7366.816742,63.153981,2761.4664,-1.856821,4.873354,4.845202,-1370025.618,-5977365.026,1737749.936,0.895810653955904,-0.323624787848537,0.304614951946035
1 Jan 2025 11:50:17.000,109.732,17.72,3060.163461,7364.956903,68.027305,2766.310468,-1.862852,4.8733,4.842934,-1369706.807,-5977498.46,1737542.262,0.896623276188679,-0.321602692590551,0.30436558398608
1 Jan 2025 11:50:18.000,109.602,17.705,3061.15874,7363.091034,72.900574,2771.152265,-1.868881,4.873242,4.840662,-1369387.982,-5977631.868,1737334.593,0.897425695020739,-0.319594214207271,0.304116195165237
1 Jan 2025 11:50:19.000,109.471,17.69,3062.165194,7361.219135,77.773783,2775.991789,-1.87491,4.873181,4.838387,-1369069.143,-5977765.251,1737126.929,0.898229096320806,-0.317568051277583,0.303866785500598
1 Jan 2025 11:50:20.000,109.341,17.674,3063.18282,7359.34121,82.646928,2780.829034,-1.880936,4.873115,4.836107,-1368750.316,-5977898.598,1736919.286,0.899027354366453,-0.315557309429488,0.30360072556975
1 Jan 2025 11:50:21.000,109.211,17.659,3064.211603,7357.457258,87.520006,2785.663998,-1.886961,4.873045,4.833823,-1368431.475,-5978031.92,1736711.649,0.899816041990528,-0.313542813372125,0.303351272882106
1 Jan 2025 11:50:22.000,109.081,17.643,3065.251526,7355.567282,92.393012,2790.496677,-1.892985,4.872972,4.831535,-1368112.595,-5978165.226,1736504,0.900605153577669,-0.311528070699764,0.303085167098996
1 Jan 2025 11:50:23.000,108.951,17.627,3066.302586,7353.671284,97.265943,2795.327065,-1.899007,4.872894,4.829243,-1367793.701,-5978298.508,1736296.355,0.901389684144424,-0.309511337007488,0.302819037680681
1 Jan 2025 11:50:24.000,108.821,17.611,3067.364768,7351.769265,102.138794,2800.15516,-1.905027,4.872813,4.826948,-1367474.818,-5978431.753,1736088.732,0.902169628657427,-0.307492622869796,0.302552884647914
1 Jan 2025 11:50:25.000,108.692,17.595,3068.438054,7349.861226,107.011561,2804.980957,-1.911046,4.872727,4.824648,-1367155.922,-5978564.972,1735881.115,0.902939650479445,-0.305487698190307,0.30228670802145
1 Jan 2025 11:50:26.000,108.562,17.579,3069.522442,7347.947169,111.88424,2809.804452,-1.917063,4.872637,4.822345,-1366836.986,-5978698.177,1735673.485,0.903710443185602,-0.303465068388762,0.302020507822046
1 Jan 2025 11:50:27.000,108.433,17.563,3070.617915,7346.027095,116.756828,2814.625642,-1.923078,4.872544,4.820037,-1366518.037,-5978831.357,1735465.86,0.904471373653825,-0.301456275910598,0.301754284070461
1 Jan 2025 11:50:28.000,108.303,17.546,3071.724456,7344.101007,121.629321,2819.444523,-1.929092,4.872446,4.817726,-1366199.073,-5978964.511,1735258.241,0.90523799046614,-0.299431425005964,0.301471395551425
1 Jan 2025 11:50:29.000,108.174,17.529,3072.842062,7342.168906,126.501714,2824.26109,-1.935105,4.872345,4.81541,-1365880.121,-5979097.628,1735050.643,0.905994804035195,-0.297420433527745,0.301188480492525
1 Jan 2025 11:50:30.000,108.045,17.512,3073.970712,7340.230793,131.374003,2829.07534,-1.941116,4.872239,4.813091,-1365561.156,-5979230.721,1734843.05,0.906747070745593,-0.295407525872907,0.300905538918668
1 Jan 2025 11:50:31.000,107.916,17.495,3075.110401,7338.28667,136.246184,2833.887268,-1.947125,4.872129,4.810767,-1365242.151,-5979363.798,1734635.445,0.907494785739546,-0.293392712500171,0.300622570854763
1 Jan 2025 11:50:32.000,107.787,17.478,3076.261112,7336.336539,141.118255,2838.696871,-1.953132,4.872016,4.80844,-1364923.132,-5979496.85,1734427.845,0.908237944183718,-0.291376003880589,0.30033957632572
1 Jan 2025 11:50:33.000,107.658,17.461,3077.422829,7334.380401,145.990209,2843.504145,-1.959138,4.871898,4.806109,-1364604.099,-5979629.877,1734220.25,0.908976541269253,-0.289357410497479,0.300056555356452
1 Jan 2025 11:50:34.000,107.53,17.443,3078.595547,7332.418258,150.862044,2848.309085,-1.965143,4.871777,4.803774,-1364285.078,-5979762.867,1734012.677,0.909710546014722,-0.287354396119227,0.299756857303634
1 Jan 2025 11:50:35.000,107.401,17.425,3079.779245,7330.450111,155.733756,2853.111689,-1.971145,4.871651,4.801435,-1363966.044,-5979895.832,1733805.108,0.910445027632401,-0.28533362779672,0.299457129666
1 Jan 2025 11:50:36.000,107.273,17.407,3080.973917,7328.475962,160.60534,2857.911951,-1.977146,4.871522,4.799092,-1363646.969,-5980028.783,1733597.528,0.911169986062918,-0.283326883639857,0.299157372473133
1 Jan 2025 11:50:37.000,107.145,17.389,3082.179546,7326.495813,165.476792,2862.709869,-1.983146,4.871388,4.796745,-1363327.881,-5980161.707,1733389.953,0.911890431737017,-0.281318296495976,0.298857585754616
1 Jan 2025 11:50:38.000,107.016,17.371,3083.396116,7324.509666,170.348109,2867.505437,-1.989144,4.871251,4.794394,-1363008.805,-5980294.596,1733182.4,0.912611234670874,-0.279291948684133,0.298557769540039
1 Jan 2025 11:50:39.000,106.889,17.353,3084.62362,7322.517522,175.219287,2872.298653,-1.99514,4.871109,4.792039,-1362689.715,-5980427.459,1732974.851,0.913317766092511,-0.277295634648491,0.298257923858991
1 Jan 2025 11:50:40.000,106.761,17.334,3085.862037,7320.519382,180.090321,2877.089512,-2.001134,4.870964,4.78968,-1362370.585,-5980560.307,1732767.291,0.91402962475082,-0.275283080310548,0.297941388149768
1 Jan 2025 11:50:41.000,106.633,17.316,3087.111361,7318.515248,184.961208,2881.878011,-2.007127,4.870814,4.787318,-1362051.442,-5980693.13,1732559.736,0.914731971094432,-0.273267212185222,0.297641481991693
1 Jan 2025 11:50:42.000,106.505,17.297,3088.371575,7316.505123,189.831943,2886.664144,-2.013118,4.870661,4.784951,-1361732.285,-5980825.928,1732352.185,0.915434757069245,-0.271251027258936,0.297324882511613
1 Jan 2025 11:50:43.000,106.378,17.278,3089.64266,7314.489007,194.702523,2891.44791,-2.019108,4.870504,4.782581,-1361413.139,-5980958.689,1732144.657,0.916128299592219,-0.26924902584565,0.297008250335641
1 Jan 2025 11:50:44.000,106.251,17.259,3090.924611,7312.466902,199.572943,2896.229303,-2.025096,4.870342,4.780206,-1361093.98,-5981091.425,1731937.133,0.916817363392383,-0.267245253047773,0.296691585498596
1 Jan 2025 11:50:45.000,106.123,17.24,3092.217406,7310.438811,204.4432,2901.008319,-2.031082,4.870177,4.777828,-1360774.782,-5981224.146,1731729.598,0.917506573116019,-0.265223705635379,0.296374888035301
1 Jan 2025 11:50:46.000,105.996,17.22,3093.521038,7308.404734,209.31329,2905.784955,-2.037066,4.870007,4.775446,-1360455.569,-5981356.841,1731522.067,0.918191597880521,-0.263217832814782,0.296041487075552
1 Jan 2025 11:50:47.000,105.869,17.201,3094.835485,7306.364673,214.183208,2910.559207,-2.043049,4.869834,4.77306,-1360136.369,-5981489.501,1731314.558,0.918867161247405,-0.261208783034885,0.295724722751699
1 Jan 2025 11:50:48.000,105.743,17.181,3096.160741,7304.318631,219.052951,2915.331071,-2.04903,4.869657,4.77067,-1359817.128,-5981622.145,1731107.038,0.919538666189949,-0.259215450783677,0.295391251489656
1 Jan 2025 11:50:49.000,105.616,17.161,3097.496787,7302.266608,223.922514,2920.100543,-2.05501,4.869475,4.768276,-1359497.9,-5981754.754,1730899.539,0.920210224354032,-0.257204336202184,0.295057744235085
1 Jan 2025 11:50:50.000,105.489,17.141,3098.843605,7300.208607,228.791895,2924.867619,-2.060988,4.86929,4.765878,-1359178.632,-5981887.347,1730692.028,0.92087727215067,-0.255191486857187,0.294724201028623
1 Jan 2025 11:50:51.000,105.363,17.121,3100.201188,7298.144628,233.661088,2929.632296,-2.066964,4.869101,4.763476,-1358859.351,-5982019.915,1730484.523,0.921535386197341,-0.253192996974688,0.29439062191091
1 Jan 2025 11:50:52.000,105.237,17.101,3101.569514,7296.074675,238.530089,2934.394568,-2.072938,4.868907,4.76107,-1358540.081,-5982152.447,1730277.039,0.922189051058618,-0.251192815954858,0.294057006922594
1 Jan 2025 11:50:53.000,105.111,17.08,3102.948575,7293.998748,243.398895,2939.154433,-2.078911,4.86871,4.758661,-1358220.798,-5982284.954,1730069.56,0.922843211440489,-0.249192290319298,0.293706672623603
1 Jan 2025 11:50:54.000,104.985,17.06,3104.338348,7291.916849,248.267503,2943.911887,-2.084881,4.868509,4.756247,-1357901.475,-5982417.446,1729862.069,0.923487962253158,-0.247188745089421,0.293372984227634
1 Jan 2025 11:50:55.000,104.859,17.039,3105.738827,7289.828981,253.135906,2948.666925,-2.090851,4.868304,4.75383,-1357582.138,-5982549.912,1729654.583,0.92413319424729,-0.245184850750902,0.29302257294031
1 Jan 2025 11:50:56.000,104.733,17.018,3107.149989,7287.735144,258.004103,2953.419543,-2.096818,4.868094,4.751409,-1357262.787,-5982682.353,1729447.102,0.92477395402585,-0.243179281169265,0.292672122289422
1 Jan 2025 11:50:57.000,104.608,16.997,3108.571825,7285.63534,262.872088,2958.169739,-2.102784,4.867881,4.748984,-1356943.449,-5982814.757,1729239.643,0.925406027868749,-0.241188198012995,0.292321632322051
1 Jan 2025 11:50:58.000,104.483,16.976,3110.004314,7283.529572,267.739858,2962.917508,-2.108748,4.867664,4.746555,-1356624.096,-5982947.136,1729032.189,0.92603369069559,-0.239195482105891,0.291971103085278
1 Jan 2025 11:50:59.000,104.357,16.954,3111.447447,7281.41784,272.607409,2967.662845,-2.11471,4.867443,4.744122,-1356304.704,-5983079.501,1728824.723,0.926666008749412,-0.23718623226636,0.291603839912514
1 Jan 2025 11:51:00.000,104.232,16.933,3112.901201,7279.300147,277.474737,2972.405748,-2.12067,4.867218,4.741685,-1355985.299,-5983211.84,1728617.263,0.927284798944087,-0.23519025792046,0.2912532304139
1 Jan 2025 11:51:01.000,104.107,16.911,3114.365568,7277.176495,282.341837,2977.146212,-2.126629,4.866989,4.739244,-1355665.905,-5983344.142,1728409.823,0.927904089486069,-0.233193918519868,0.290885883260736
1 Jan 2025 11:51:02.000,103.983,16.89,3115.840529,7275.046885,287.208707,2981.884233,-2.132586,4.866755,4.7368,-1355346.497,-5983476.419,1728202.389,0.928509989845899,-0.231210942603017,0.290535193697757
1 Jan 2025 11:51:03.000,103.858,16.868,3117.326064,7272.911318,292.075341,2986.619808,-2.138541,4.866518,4.734351,-1355027.05,-5983608.682,1727994.943,0.929120445621892,-0.22921140236863,0.290167762771096
1 Jan 2025 11:51:04.000,103.733,16.846,3118.822165,7270.769798,296.941736,2991.352932,-2.144495,4.866277,4.731899,-1354707.589,-5983740.919,1727787.502,0.92972645856955,-0.227210265380718,0.289800289063601
1 Jan 2025 11:51:05.000,103.609,16.824,3120.328808,7268.622324,301.807888,2996.083602,-2.150446,4.866032,4.729443,-1354388.114,-5983873.13,1727580.066,0.930324093784151,-0.225223779057024,0.28943277262945
1 Jan 2025 11:51:06.000,103.485,16.801,3121.845986,7266.4689,306.673793,3000.811814,-2.156396,4.865783,4.726983,-1354068.651,-5984005.305,1727372.652,0.930922253482453,-0.223236913542302,0.289048505277674
1 Jan 2025 11:51:07.000,103.361,16.779,3123.373673,7264.309527,311.539447,3005.537564,-2.162344,4.86553,4.724519,-1353749.175,-5984137.455,1727165.243,0.931511118119127,-0.22124731379641,0.288680901616864
1 Jan 2025 11:51:08.000,103.237,16.756,3124.911863,7262.144207,316.404846,3010.260848,-2.168291,4.865273,4.722051,-1353429.659,-5984269.59,1726957.822,0.932100491461924,-0.219257330550021,0.288296543192106
1 Jan 2025 11:51:09.000,103.113,16.733,3126.46053,7259.972942,321.269986,3014.981663,-2.174235,4.865012,4.719579,-1353110.129,-5984401.7,1726750.406,0.932685463537505,-0.217265797398742,0.28791213831049
1 Jan 2025 11:51:10.000,102.99,16.711,3128.019663,7257.795732,326.134863,3019.700004,-2.180178,4.864747,4.717104,-1352790.585,-5984533.783,1726542.995,0.93325738291954,-0.215287884874745,0.287544403270745
1 Jan 2025 11:51:11.000,102.866,16.688,3129.589248,7255.612581,330.999473,3024.415867,-2.186119,4.864478,4.714624,-1352471.054,-5984665.831,1726335.606,0.933833579285186,-0.213293304217044,0.28715990767444
1 Jan 2025 11:51:12.000,102.743,16.664,3131.169262,7253.42349,335.863811,3029.129249,-2.192058,4.864205,4.712141,-1352151.508,-5984797.854,1726128.221,0.934406556164104,-0.211314616161133,0.286758645543969
1 Jan 2025 11:51:13.000,102.62,16.641,3132.759696,7251.228461,340.727875,3033.840146,-2.197995,4.863928,4.709654,-1351831.923,-5984929.861,1725920.825,0.934970299311344,-0.209333322164045,0.286374055454434
1 Jan 2025 11:51:14.000,102.497,16.618,3134.360525,7249.027495,345.59166,3038.548553,-2.203931,4.863647,4.707163,-1351512.325,-5985061.843,1725713.434,0.935529690770814,-0.207350548062235,0.285989419217836
1 Jan 2025 11:51:15.000,102.374,16.594,3135.97174,7246.820595,350.455162,3043.254468,-2.209864,4.863362,4.704668,-1351192.738,-5985193.789,1725506.065,0.936089595499685,-0.205367371889564,0.285588010533372
1 Jan 2025 11:51:16.000,102.252,16.571,3137.593317,7244.607762,355.318377,3047.957886,-2.215796,4.863073,4.702169,-1350873.137,-5985325.709,1725298.701,0.936636717967035,-0.203398002756605,0.285203280189
1 Jan 2025 11:51:17.000,102.129,16.547,3139.225246,7242.388998,360.181302,3052.658804,-2.221726,4.86278,4.699667,-1350553.497,-5985457.615,1725091.325,0.937187921663638,-0.201411889751124,0.284801773440181
1 Jan 2025 11:51:18.000,102.007,16.523,3140.867504,7240.164305,365.043931,3057.357217,-2.227654,4.862483,4.69716,-1350233.844,-5985589.495,1724883.954,0.937731268707099,-0.199440678946165,0.284400216720149
1 Jan 2025 11:51:19.000,101.885,16.499,3142.52008,7237.933685,369.906261,3062.053121,-2.233581,4.862183,4.69465,-1349914.176,-5985721.349,1724676.588,0.938270305153891,-0.197468032673787,0.283998610099359
1 Jan 2025 11:51:20.000,101.763,16.474,3144.182949,7235.697139,374.768289,3066.746514,-2.239505,4.861878,4.692136,-1349594.52,-5985853.168,1724469.243,0.938809872871233,-0.195494969736794,0.28358021688247
1 Jan 2025 11:51:21.000,101.641,16.45,3145.856103,7233.45467,379.63001,3071.43739,-2.245428,4.861569,4.689618,-1349274.851,-5985984.961,1724261.904,0.939340272189388,-0.193519470106688,0.283178508599776
1 Jan 2025 11:51:22.000,101.519,16.426,3147.539516,7231.206279,384.49142,3076.125747,-2.251349,4.861256,4.687096,-1348955.142,-5986116.739,1724054.553,0.939866349721748,-0.191542564364862,0.282776750630685
1 Jan 2025 11:51:23.000,101.398,16.401,3149.233175,7228.951968,389.352515,3080.81158,-2.257268,4.860939,4.684571,-1348635.42,-5986248.491,1723847.207,0.940389624162491,-0.189581649078879,0.282358199987289
1 Jan 2025 11:51:24.000,101.277,16.376,3150.937066,7226.691739,394.213292,3085.494885,-2.263185,4.860619,4.682041,-1348315.709,-5986380.208,1723639.883,0.940908628357824,-0.187619342078867,0.281939595586877
1 Jan 2025 11:51:25.000,101.156,16.351,3152.651164,7224.425594,399.073746,3090.175659,-2.2691,4.860294,4.679508,-1347995.959,-5986511.909,1723432.547,0.941423358665875,-0.185655653030646,0.281520937509145
1 Jan 2025 11:51:26.000,101.035,16.326,3154.37546,7222.153535,403.933873,3094.853898,-2.275013,4.859965,4.676971,-1347676.221,-5986643.575,1723225.232,0.941933811467369,-0.18369059160947,0.281102225833802
1 Jan 2025 11:51:27.000,100.914,16.301,3156.109927,7219.875563,408.79367,3099.529598,-2.280925,4.859633,4.67443,-1347356.443,-5986775.225,1723017.906,0.942439983165655,-0.181724167499971,0.280683460640562
1 Jan 2025 11:51:28.000,100.793,16.276,3157.854556,7217.591681,413.653131,3104.202755,-2.286834,4.859296,4.671885,-1347036.652,-5986906.85,1722810.585,0.942941870186727,-0.179756390396109,0.280264642009153
1 Jan 2025 11:51:29.000,100.673,16.251,3159.609321,7215.301891,418.512255,3108.873366,-2.292742,4.858955,4.669337,-1346716.873,-5987038.439,1722603.286,0.943436365862327,-0.177803736099059,0.279845770019313
1 Jan 2025 11:51:30.000,100.552,16.225,3161.374209,7213.006193,423.371035,3113.541425,-2.298648,4.858611,4.666784,-1346397.08,-5987170.002,1722395.992,0.943934501590157,-0.17583418380819,0.279410086632979
1 Jan 2025 11:51:31.000,100.432,16.2,3163.149206,7210.704591,428.229469,3118.206931,-2.304552,4.858262,4.664228,-1346077.247,-5987301.551,1722188.686,0.944420507844715,-0.173878886335684,0.278991106039229
1 Jan 2025 11:51:32.000,100.312,16.174,3164.934285,7208.397086,433.087553,3122.869878,-2.310453,4.85791,4.661668,-1345757.401,-5987433.074,1721981.385,0.944907067256904,-0.171923161869019,0.278555309877439
1 Jan 2025 11:51:33.000,100.192,16.148,3166.729436,7206.08368,437.945282,3127.530264,-2.316354,4.857553,4.659104,-1345437.541,-5987564.571,1721774.089,0.945389382049767,-0.16996612693202,0.278119456355156
1 Jan 2025 11:51:34.000,100.073,16.122,3168.534634,7203.764374,442.802652,3132.188084,-2.322252,4.857193,4.656536,-1345117.693,-5987696.033,1721566.815,0.945864516337296,-0.168024299605908,0.277683545562134
1 Jan 2025 11:51:35.000,99.953,16.096,3170.349865,7201.439172,447.65966,3136.843334,-2.328148,4.856828,4.653965,-1344797.831,-5987827.469,1721359.546,0.946338365757411,-0.166064680823779,0.277247577588135
1 Jan 2025 11:51:36.000,99.834,16.07,3172.175113,7199.108074,452.516302,3141.49601,-2.334042,4.85646,4.65139,-1344477.93,-5987958.89,1721152.265,0.946805095994126,-0.164120305231855,0.276811552522934
1 Jan 2025 11:51:37.000,99.715,16.043,3174.010354,7196.771083,457.372573,3146.14611,-2.339935,4.856087,4.64881,-1344158.015,-5988090.285,1720944.989,0.947272390504625,-0.162175487721451,0.276358696932018
1 Jan 2025 11:51:38.000,99.596,16.017,3175.855576,7194.428201,462.228469,3150.793628,-2.345825,4.855711,4.646228,-1343838.112,-5988221.644,1720737.735,0.947730731480263,-0.1602285986554,0.275922555766671
1 Jan 2025 11:51:39.000,99.477,15.99,3177.710753,7192.079429,467.083988,3155.438562,-2.351714,4.855331,4.643641,-1343518.195,-5988352.978,1720530.486,0.948189618164357,-0.158281264235376,0.27546957980398
1 Jan 2025 11:51:40.000,99.358,15.963,3179.575871,7189.724769,471.939123,3160.080907,-2.3576,4.854946,4.64105,-1343198.239,-5988484.297,1720323.225,0.948644292880157,-0.156332680026882,0.275016542668834
1 Jan 2025 11:51:41.000,99.24,15.937,3181.450915,7187.364224,476.793873,3164.72066,-2.363485,4.854558,4.638456,-1342878.269,-5988615.591,1720115.969,0.949087327681487,-0.1543986508826,0.274580226964811
1 Jan 2025 11:51:42.000,99.122,15.91,3183.335859,7184.997795,481.648232,3169.357816,-2.369367,4.854166,4.635858,-1342558.285,-5988746.859,1719908.719,0.949530947965031,-0.15246418702856,0.274127070042983
1 Jan 2025 11:51:43.000,99.004,15.883,3185.230688,7182.625485,486.502197,3173.992372,-2.375248,4.853769,4.633256,-1342238.314,-5988878.09,1719701.49,0.949970414318466,-0.150528517284879,0.273673852246828
1 Jan 2025 11:51:44.000,98.886,15.855,3187.135387,7180.247295,491.355764,3178.624325,-2.381127,4.853369,4.63065,-1341918.329,-5989009.297,1719494.266,0.950410434779786,-0.148592387565698,0.273203784416
1 Jan 2025 11:51:45.000,98.768,15.828,3189.049929,7177.863227,496.208929,3183.25367,-2.387004,4.852965,4.628041,-1341598.304,-5989140.488,1719287.03,0.950841577437717,-0.146654323149296,0.272750442927919
1 Jan 2025 11:51:46.000,98.65,15.801,3190.974305,7175.473283,501.061687,3187.880403,-2.392878,4.852557,4.625427,-1341278.265,-5989271.654,1719079.8,0.951268556660668,-0.14471508090559,0.272297040871212
1 Jan 2025 11:51:47.000,98.533,15.773,3192.908486,7173.077466,505.914035,3192.504522,-2.398751,4.852145,4.62281,-1340958.213,-5989402.794,1718872.574,0.95169356920054,-0.142791984293795,0.271826782278307
1 Jan 2025 11:51:48.000,98.416,15.745,3194.852459,7170.675776,510.765969,3197.126021,-2.404622,4.851729,4.620189,-1340638.173,-5989533.898,1718665.37,0.952114466483737,-0.140867721630735,0.271356458767716
1 Jan 2025 11:51:49.000,98.299,15.718,3196.806208,7168.268217,515.617485,3201.744898,-2.410491,4.851308,4.617565,-1340318.119,-5989664.977,1718458.171,0.952526566931212,-0.138941619730754,0.270902871149117
1 Jan 2025 11:51:50.000,98.182,15.69,3198.769706,7165.85479,520.468579,3206.361148,-2.416358,4.850884,4.614936,-1339998.026,-5989796.041,1718250.961,0.952939231199908,-0.137015063443421,0.270432420448667
1 Jan 2025 11:51:51.000,98.065,15.662,3200.742938,7163.435497,525.319247,3210.974768,-2.422223,4.850456,4.612304,-1339677.919,-5989927.079,1718043.756,0.953347771035813,-0.135087368845217,0.269961905163533
1 Jan 2025 11:51:52.000,97.949,15.634,3202.725888,7161.01034,530.169484,3215.585753,-2.428086,4.850024,4.609668,-1339357.824,-5990058.081,1717836.572,0.953749859214616,-0.133175191304434,0.269491325406082
1 Jan 2025 11:51:53.000,97.832,15.605,3204.718531,7158.579321,535.019288,3220.194101,-2.433947,4.849588,4.607028,-1339037.715,-5990189.058,1717629.393,0.954154826171459,-0.131245894699928,0.269003871381301
1 Jan 2025 11:51:54.000,97.716,15.577,3206.720851,7156.142443,539.868654,3224.799807,-2.439805,4.849148,4.604385,-1338717.567,-5990320.02,1717422.203,0.954548744395487,-0.129331497186981,0.268533160723909
1 Jan 2025 11:51:55.000,97.6,15.549,3208.732831,7153.699706,544.717578,3229.402868,-2.445662,4.848705,4.601738,-1338397.405,-5990450.956,1717215.018,0.954938593369047,-0.127416012105857,0.268062385935414
1 Jan 2025 11:51:56.000,97.485,15.52,3210.754446,7151.251114,549.566056,3234.00328,-2.451517,4.848257,4.599087,-1338077.23,-5990581.867,1717007.838,0.955326810099521,-0.125516730454135,0.267574730273953
1 Jan 2025 11:51:57.000,97.369,15.491,3212.78568,7148.796668,554.414084,3238.601038,-2.45737,4.847805,4.596432,-1337757.066,-5990712.741,1716800.679,0.955713161684109,-0.123599691647502,0.267087006064329
1 Jan 2025 11:51:58.000,97.254,15.463,3214.826516,7146.33637,559.261659,3243.19614,-2.463221,4.847349,4.593773,-1337436.889,-5990843.59,1716593.526,0.956088681409573,-0.121697671131531,0.266616035004773
1 Jan 2025 11:51:59.000,97.138,15.434,3216.876929,7143.870222,564.108775,3247.788582,-2.46907,4.846889,4.591111,-1337116.672,-5990974.424,1716386.36,0.956466886804781,-0.119778496224334,0.266128176426714
1 Jan 2025 11:52:00.000,97.023,15.405,3218.936902,7141.398226,568.95543,3252.378359,-2.474916,4.846425,4.588445,-1336796.442,-5991105.233,1716179.2,0.95683893729161,-0.117874958482926,0.265640249671075
1 Jan 2025 11:52:01.000,96.908,15.376,3221.00642,7138.920385,573.801619,3256.965468,-2.480761,4.845958,4.585775,-1336476.224,-5991236.005,1715972.062,0.957206953957124,-0.11597037999967,0.265152254862856
1 Jan 2025 11:52:02.000,96.794,15.346,3223.085456,7136.4367,578.647338,3261.549906,-2.486604,4.845486,4.583101,-1336155.966,-5991366.763,1715764.912,0.957573529757076,-0.11408202897758,0.264647361167523
1 Jan 2025 11:52:03.000,96.679,15.317,3225.173993,7133.947174,583.492584,3266.131668,-2.492444,4.84501,4.580424,-1335835.72,-5991497.484,1715557.784,0.957933496389494,-0.112175392142949,0.264159228293419
1 Jan 2025 11:52:04.000,96.565,15.288,3227.272012,7131.451808,588.337352,3270.710751,-2.498283,4.844531,4.577743,-1335515.435,-5991628.191,1715350.644,0.958287496262259,-0.110284466878618,0.263671027746147
1 Jan 2025 11:52:05.000,96.451,15.258,3229.379498,7128.950604,593.181639,3275.28715,-2.504119,4.844047,4.575058,-1335195.137,-5991758.872,1715143.509,0.958642081856113,-0.108393065249799,0.263165921616631
1 Jan 2025 11:52:06.000,96.337,15.229,3231.496422,7126.443566,598.02544,3279.860863,-2.509954,4.84356,4.572369,-1334874.85,-5991889.517,1714936.396,0.958988114730876,-0.106500153928348,0.262677583775546
1 Jan 2025 11:52:07.000,96.223,15.199,3233.62277,7123.930693,602.868751,3284.431886,-2.515786,4.843068,4.569677,-1334554.55,-5992020.136,1714729.288,0.959334712831208,-0.104606763898246,0.262172335885767
1 Jan 2025 11:52:08.000,96.11,15.169,3235.758524,7121.41199,607.711569,3289.000214,-2.521616,4.842573,4.566981,-1334234.21,-5992150.74,1714522.169,0.959675516502267,-0.102729137546196,0.261667016119956
1 Jan 2025 11:52:09.000,95.996,15.139,3237.903657,7118.887457,612.55389,3293.565845,-2.527444,4.842073,4.564281,-1333913.856,-5992281.319,1714315.054,0.960014141812356,-0.100833790704693,0.261161624616648
1 Jan 2025 11:52:10.000,95.883,15.109,3240.058154,7116.357097,617.395709,3298.128773,-2.53327,4.84157,4.561577,-1333593.489,-5992411.872,1714107.945,0.960347033329816,-0.0989542370957417,0.2606561615144
1 Jan 2025 11:52:11.000,95.77,15.079,3242.221995,7113.820912,622.237023,3302.688996,-2.539094,4.841063,4.55887,-1333273.134,-5992542.389,1713900.857,0.960675981319005,-0.0970737359606535,0.260150626951786
1 Jan 2025 11:52:12.000,95.657,15.049,3244.395162,7111.278904,627.077827,3307.24651,-2.544916,4.840551,4.556159,-1332952.765,-5992672.881,1713693.774,0.961000983249049,-0.0951922960604962,0.259645021067403
1 Jan 2025 11:52:13.000,95.544,15.018,3246.57763,7108.731076,631.918119,3311.801312,-2.550736,4.840036,4.553444,-1332632.357,-5992803.358,1713486.68,0.96132653814127,-0.0933103631003463,0.2591224868733
1 Jan 2025 11:52:14.000,95.432,14.988,3248.76938,7106.177428,636.757893,3316.353396,-2.556554,4.839517,4.550726,-1332311.935,-5992933.809,1713279.591,0.961642036657516,-0.0914438460987811,0.258616736395477
1 Jan 2025 11:52:15.000,95.32,14.957,3250.970398,7103.617964,641.597145,3320.90276,-2.562369,4.838994,4.548003,-1331991.526,-5993064.224,1713072.523,0.961958132433715,-0.089576845262315,0.258094053084316
1 Jan 2025 11:52:16.000,95.208,14.927,3253.180656,7101.052686,646.435873,3325.4494,-2.568183,4.838467,4.545277,-1331671.102,-5993194.614,1712865.461,0.962265844415233,-0.0877085242604799,0.257588158586314
1 Jan 2025 11:52:17.000,95.096,14.896,3255.400136,7098.481595,651.274072,3329.993312,-2.573994,4.837935,4.542548,-1331350.639,-5993324.988,1712658.386,0.962574132565111,-0.0858397174923091,0.257065326750547
1 Jan 2025 11:52:18.000,94.984,14.865,3257.62882,7095.904694,656.111737,3334.534493,-2.579803,4.8374,4.539814,-1331030.163,-5993455.337,1712451.317,0.96287850912256,-0.0839700159807047,0.256542419662162
1 Jan 2025 11:52:19.000,94.873,14.834,3259.86669,7093.321984,660.948865,3339.072939,-2.58561,4.836861,4.537077,-1330709.673,-5993585.661,1712244.254,0.963177538628468,-0.082116239057712,0.256019437474233
1 Jan 2025 11:52:20.000,94.761,14.803,3262.113719,7090.733469,665.785453,3343.608645,-2.591415,4.836318,4.534336,-1330389.195,-5993715.948,1712037.211,0.96347411746324,-0.0802447793421015,0.255496380339857
1 Jan 2025 11:52:21.000,94.65,14.772,3264.369891,7088.13915,670.621495,3348.141609,-2.597218,4.835772,4.531592,-1330068.703,-5993846.21,1711830.174,0.963765409556091,-0.0783892718255243,0.254973248412152
1 Jan 2025 11:52:22.000,94.539,14.741,3266.635184,7085.539029,675.456989,3352.671827,-2.603019,4.835221,4.528844,-1329748.172,-5993976.457,1711623.125,0.964052845657448,-0.076532914391339,0.254450041844258
1 Jan 2025 11:52:23.000,94.428,14.71,3268.909583,7082.933108,680.291929,3357.199294,-2.608817,4.834666,4.526092,-1329427.627,-5994106.678,1711416.082,0.96433642348536,-0.07467571556068,0.253926760789337
1 Jan 2025 11:52:24.000,94.318,14.678,3271.19306,7080.32139,685.126313,3361.724008,-2.614614,4.834107,4.523336,-1329107.069,-5994236.874,1711209.043,0.964619279745361,-0.0728348525617722,0.253386521732798
1 Jan 2025 11:52:25.000,94.207,14.647,3273.485598,7077.703876,689.960136,3366.245964,-2.620408,4.833544,4.520577,-1328786.522,-5994367.033,1711002.026,0.964895158228207,-0.07097599212553,0.252863089773024
1 Jan 2025 11:52:26.000,94.097,14.615,3275.787176,7075.08057,694.793395,3370.765159,-2.6262,4.832978,4.517814,-1328465.963,-5994497.168,1710795.015,0.965170358004275,-0.0691334758377681,0.252322695270339
1 Jan 2025 11:52:27.000,93.987,14.584,3278.097779,7072.451472,699.626084,3375.281589,-2.63199,4.832407,4.515047,-1328145.363,-5994627.287,1710587.991,0.965437353943772,-0.0672898378883748,0.251799113038556
1 Jan 2025 11:52:28.000,93.877,14.552,3280.417377,7069.816586,704.458201,3379.79525,-2.637778,4.831832,4.512277,-1327824.75,-5994757.38,1710380.973,0.96570492056047,-0.0654457068955808,0.251258563743076
1 Jan 2025 11:52:29.000,93.768,14.52,3282.745955,7067.175913,709.289742,3384.306139,-2.643563,4.831254,4.509502,-1327504.149,-5994887.438,1710173.976,0.965967552727116,-0.0636176359958705,0.250717936072957
1 Jan 2025 11:52:30.000,93.658,14.488,3285.083492,7064.529456,714.120702,3388.814252,-2.649347,4.830671,4.506725,-1327183.535,-5995017.47,1709966.985,0.96622750087502,-0.0617719195415876,0.250177230196836
1 Jan 2025 11:52:31.000,93.549,14.456,3287.429967,7061.877216,718.951077,3393.319586,-2.655128,4.830085,4.503943,-1326862.881,-5995147.487,1709759.982,0.966482574427652,-0.0599422890345832,0.249636446283374
1 Jan 2025 11:52:32.000,93.44,14.424,3289.785364,7059.219197,723.780864,3397.822136,-2.660907,4.829494,4.501158,-1326542.213,-5995277.478,1709552.984,0.966733881491869,-0.0581118934267417,0.249095584501258
1 Jan 2025 11:52:33.000,93.331,14.392,3292.149654,7056.555399,728.610058,3402.321899,-2.666683,4.8289,4.498369,-1326221.532,-5995407.444,1709345.991,0.966981420003485,-0.0562807409992593,0.248554645019197
1 Jan 2025 11:52:34.000,93.223,14.359,3294.522821,7053.885826,733.438657,3406.818872,-2.672458,4.828302,4.495576,-1325900.863,-5995537.374,1709139.02,0.96722855911886,-0.054465964653101,0.24799671997682
1 Jan 2025 11:52:35.000,93.114,14.327,3296.904844,7051.210479,738.266654,3411.31305,-2.67823,4.827699,4.49278,-1325580.18,-5995667.278,1708932.054,0.967468577419723,-0.0526333189051042,0.247455623186239
1 Jan 2025 11:52:36.000,93.006,14.295,3299.295702,7048.529361,743.094048,3415.80443,-2.684001,4.827093,4.48998,-1325259.458,-5995797.167,1708725.076,0.967703934310056,-0.0508168308094169,0.246914449207264
1 Jan 2025 11:52:37.000,92.898,14.262,3301.695379,7045.842474,747.920833,3420.293008,-2.689769,4.826483,4.487177,-1324938.722,-5995927.031,1708518.104,0.967939872679716,-0.0489998445343832,0.246356282875801
1 Jan 2025 11:52:38.000,92.79,14.229,3304.103846,7043.14982,752.747007,3424.77878,-2.695534,4.825869,4.484369,-1324617.999,-5996056.858,1708311.153,0.968172077856089,-0.0471821336733694,0.245798034820972
1 Jan 2025 11:52:39.000,92.682,14.197,3306.521087,7040.451401,757.572564,3429.261744,-2.701298,4.825251,4.481558,-1324297.236,-5996186.671,1708104.19,0.968396272171717,-0.0453635061578112,0.245256625502742
1 Jan 2025 11:52:40.000,92.575,14.164,3308.947081,7037.74722,762.397501,3433.741895,-2.707059,4.824629,4.478744,-1323976.485,-5996316.447,1707897.25,0.968620254302124,-0.0435612849129743,0.244698217019288
1 Jan 2025 11:52:41.000,92.467,14.131,3311.381807,7035.037279,767.221814,3438.219229,-2.712818,4.824003,4.475926,-1323655.695,-5996446.209,1707690.298,0.9688412893123,-0.0417414619658572,0.244139727362496
1 Jan 2025 11:52:42.000,92.36,14.098,3313.825248,7032.321579,772.045499,3442.693744,-2.718575,4.823373,4.473104,-1323334.891,-5996575.945,1707483.351,0.96905788650123,-0.0399378605069059,0.243581156717631
1 Jan 2025 11:52:43.000,92.253,14.065,3316.277375,7029.600124,776.868553,3447.165434,-2.72433,4.822739,4.470278,-1323014.099,-5996705.645,1707276.425,0.969270804152575,-0.0381335829646064,0.243022505269989
1 Jan 2025 11:52:44.000,92.146,14.032,3318.738173,7026.872916,781.69097,3451.634297,-2.730082,4.822101,4.467449,-1322693.294,-5996835.319,1707069.505,0.969480040428129,-0.0363286373914846,0.24246377320489
1 Jan 2025 11:52:45.000,92.04,13.999,3321.20762,7024.139957,786.512748,3456.100329,-2.735832,4.821459,4.464616,-1322372.449,-5996964.978,1706862.573,0.969684990819888,-0.034539956045846,0.24190496070768
1 Jan 2025 11:52:46.000,91.934,13.966,3323.685695,7021.401248,791.333882,3460.563527,-2.74158,4.820814,4.461779,-1322051.591,-5997094.612,1706655.646,0.969886318969634,-0.0327506298256658,0.241346067963735
1 Jan 2025 11:52:47.000,91.827,13.932,3326.172381,7018.656793,796.154368,3465.023886,-2.747326,4.820164,4.458939,-1321730.719,-5997224.22,1706448.725,0.970088763589437,-0.0309438694204481,0.240770155340746
1 Jan 2025 11:52:48.000,91.721,13.899,3328.66765,7015.906593,800.974203,3469.481403,-2.753069,4.81951,4.456095,-1321409.859,-5997353.792,1706241.825,0.970282801261383,-0.029153265630215,0.240211100241969
1 Jan 2025 11:52:49.000,91.616,13.865,3331.171485,7013.150651,805.793382,3473.936074,-2.75881,4.818853,4.453248,-1321088.986,-5997483.338,1706034.93,0.970476914668775,-0.0273790966036093,0.239635020738094
1 Jan 2025 11:52:50.000,91.51,13.832,3333.683865,7010.38897,810.611901,3478.387896,-2.764549,4.818191,4.450397,-1320768.073,-5997612.87,1705828.024,0.970663717446276,-0.025587253696382,0.239075804048953
1 Jan 2025 11:52:51.000,91.405,13.798,3336.20477,7007.62155,815.429758,3482.836865,-2.770285,4.817526,4.447542,-1320447.147,-5997742.376,1705621.123,0.970850635435316,-0.0238118519454791,0.238499558451938
1 Jan 2025 11:52:52.000,91.299,13.764,3338.734177,7004.848396,820.246946,3487.282977,-2.776019,4.816857,4.444683,-1320126.233,-5997871.846,1705414.243,0.971034348210132,-0.0220188955237753,0.237923228870231
1 Jan 2025 11:52:53.000,91.194,13.73,3341.272067,7002.069508,825.063464,3491.726229,-2.781751,4.816183,4.441821,-1319805.305,-5998001.29,1705207.369,0.971214054203758,-0.0202422846015758,0.237346815506779
1 Jan 2025 11:52:54.000,91.09,13.696,3343.818423,6999.284889,829.879306,3496.166617,-2.787481,4.815506,4.438956,-1319484.338,-5998130.719,1705000.483,0.971389844798075,-0.0184820364140181,0.236770318564558
1 Jan 2025 11:52:55.000,90.985,13.662,3346.373215,6996.494542,834.694469,3500.604138,-2.793208,4.814825,4.436086,-1319163.357,-5998260.123,1704793.602,0.971562394247,-0.0167042538937087,0.236193738246576
1 Jan 2025 11:52:56.000,90.881,13.628,3348.936427,6993.698469,839.508949,3505.038788,-2.798933,4.81414,4.433213,-1318842.362,-5998389.501,1704586.727,0.971731086848682,-0.0149428556630452,0.235617074755868
1 Jan 2025 11:52:57.000,90.776,13.594,3351.508038,6990.896672,844.322742,3509.470562,-2.804656,4.813451,4.430337,-1318521.38,-5998518.843,1704379.873,0.971896473371792,-0.0131639326273561,0.235040328295499
1 Jan 2025 11:52:58.000,90.672,13.56,3354.088027,6988.089154,849.135844,3513.899459,-2.810376,4.812758,4.427456,-1318200.385,-5998648.159,1704173.024,0.972058061710246,-0.0114014152036789,0.234463499068562
1 Jan 2025 11:52:59.000,90.568,13.526,3356.676373,6985.275916,853.948251,3518.325473,-2.816094,4.812061,4.424573,-1317879.349,-5998777.461,1703966.163,0.972216110995204,-0.00963835114145256,0.233886587278183
1 Jan 2025 11:53:00.000,90.465,13.492,3359.273059,6982.456961,858.759959,3522.748602,-2.82181,4.81136,4.421685,-1317558.301,-5998906.736,1703759.308,0.972370482132815,-0.0078917191708534,0.233309593127511
1 Jan 2025 11:53:01.000,90.361,13.457,3361.878057,6979.632292,863.570964,3527.168841,-2.827524,4.810655,4.418794,-1317237.238,-5999035.987,1703552.458,0.972525541321655,-0.00612761304981591,0.232715542745502
1 Jan 2025 11:53:02.000,90.258,13.423,3364.491349,6976.80191,868.381262,3531.586187,-2.833235,4.809947,4.415899,-1316916.188,-5999165.201,1703345.63,0.972672908952547,-0.00437992656330501,0.232138382076489
1 Jan 2025 11:53:03.000,90.155,13.388,3367.112914,6973.965819,873.19085,3536.000637,-2.838943,4.809234,4.413001,-1316595.125,-5999294.389,1703138.806,0.972820834267935,-0.00263174004152053,0.231544160709342
1 Jan 2025 11:53:04.000,90.052,13.353,3369.742731,6971.12402,877.999723,3540.412187,-2.84465,4.808517,4.410099,-1316274.021,-5999423.563,1702931.972,0.97296525409456,-0.000883035496403447,0.230949852940026
1 Jan 2025 11:53:05.000,89.95,13.319,3372.38078,6968.276516,882.807877,3544.820833,-2.850354,4.807797,4.407194,-1315952.905,-5999552.711,1702725.142,0.973102161358018,0.000849192049264121,0.230372442868538
1 Jan 2025 11:53:06.000,89.847,13.284,3375.02704,6965.423308,887.615309,3549.226572,-2.856056,4.807072,4.404284,-1315631.8,-5999681.823,1702518.334,0.973239606843185,0.00259890021659131,0.229777965413108
1 Jan 2025 11:53:07.000,89.745,13.249,3377.681489,6962.564401,892.422015,3553.6294,-2.861755,4.806344,4.401372,-1315310.682,-5999810.909,1702311.531,0.973373618364564,0.00433211509877609,0.229183402214575
1 Jan 2025 11:53:08.000,89.643,13.214,3380.344107,6959.699795,897.22799,3558.029314,-2.867452,4.805612,4.398455,-1314989.525,-5999939.98,1702104.717,0.973504179594095,0.00606581309632162,0.228588753494806
1 Jan 2025 11:53:09.000,89.541,13.179,3383.014876,6956.829493,902.033231,3562.426309,-2.873147,4.804875,4.395535,-1314668.354,-6000069.026,1701897.908,0.973631289189962,0.00779998676972982,0.227994019475697
1 Jan 2025 11:53:10.000,89.439,13.144,3385.693768,6953.953497,906.837734,3566.820382,-2.878839,4.804135,4.392612,-1314347.169,-6000198.046,1701691.104,0.973754945827193,0.00953462867608535,0.227399200379177
1 Jan 2025 11:53:11.000,89.338,13.109,3388.380766,6951.071811,911.641495,3571.21153,-2.884529,4.803391,4.389685,-1314025.997,-6000327.03,1701484.322,0.973875344743256,0.0112527340395396,0.226804296427206
1 Jan 2025 11:53:12.000,89.236,13.074,3391.075849,6948.184436,916.444509,3575.59975,-2.890216,4.802643,4.386754,-1313704.811,-6000455.989,1701277.544,0.973992121846861,0.0129882880316888,0.226209307841777
1 Jan 2025 11:53:13.000,89.135,13.039,3393.778996,6945.291375,921.246774,3579.985036,-2.895902,4.801891,4.38382,-1313383.586,-6000584.932,1701070.756,0.974105698964777,0.0147072866187912,0.225614234844914
1 Jan 2025 11:53:14.000,89.034,13.004,3396.490185,6942.392629,926.048284,3584.367387,-2.901584,4.801135,4.380882,-1313062.347,-6000713.85,1700863.972,0.974215878316756,0.016426719853691,0.225019077658671
1 Jan 2025 11:53:15.000,88.933,12.968,3399.209397,6939.488202,930.849037,3588.746798,-2.907265,4.800375,4.37794,-1312741.121,-6000842.732,1700657.21,0.974326574791794,0.0181466533933216,0.224406828383436
1 Jan 2025 11:53:16.000,88.833,12.933,3401.93661,6936.578096,935.649028,3593.123266,-2.912943,4.799612,4.374995,-1312419.855,-6000971.598,1700450.437,0.974430291045624,0.0198499337586272,0.223811501095271
1 Jan 2025 11:53:17.000,88.733,12.897,3404.671802,6933.662313,940.448253,3597.496786,-2.918618,4.798844,4.372047,-1312098.601,-6001100.429,1700243.686,0.97453456043661,0.0215537095293944,0.22319907732817
1 Jan 2025 11:53:18.000,88.632,12.862,3407.414954,6930.740856,945.246709,3601.867357,-2.924291,4.798072,4.369094,-1311777.308,-6001229.244,1700036.923,0.974631175686835,0.0232748183892469,0.222603580852253
1 Jan 2025 11:53:19.000,88.532,12.826,3410.166048,6927.813727,950.044391,3606.234973,-2.929962,4.797297,4.366139,-1311456.001,-6001358.034,1699830.165,0.974728696702244,0.0249794126208139,0.22199098353371
1 Jan 2025 11:53:20.000,88.433,12.791,3412.925056,6924.880928,954.841295,3610.599632,-2.935631,4.796517,4.363179,-1311134.707,-6001486.788,1699623.428,0.97481945434348,0.0266672880848756,0.22139531878447
1 Jan 2025 11:53:21.000,88.333,12.755,3415.691959,6921.942462,959.637418,3614.96133,-2.941296,4.795734,4.360216,-1310813.399,-6001615.517,1699416.698,0.97491028192203,0.0283726686041308,0.220782548855174
1 Jan 2025 11:53:22.000,88.234,12.719,3418.466738,6918.998331,964.432756,3619.320062,-2.94696,4.794947,4.35725,-1310492.052,-6001744.23,1699209.955,0.974998265608957,0.0300614185939982,0.220169691764424
1 Jan 2025 11:53:23.000,88.135,12.683,3421.249372,6916.048538,969.227305,3623.675827,-2.952621,4.794155,4.35428,-1310170.691,-6001872.917,1699003.218,0.975082938739452,0.031750544796077,0.219556747754167
1 Jan 2025 11:53:24.000,88.036,12.647,3424.039839,6913.093086,974.02106,3628.02862,-2.95828,4.79336,4.351306,-1309849.317,-6002001.579,1698796.485,0.975164300244995,0.0334400401441927,0.218943717066383
1 Jan 2025 11:53:25.000,87.937,12.611,3426.838119,6910.131975,978.814018,3632.378437,-2.963936,4.792561,4.348329,-1309527.954,-6002130.205,1698589.775,0.975242349072912,0.0351298975694619,0.218330599943086
1 Jan 2025 11:53:26.000,87.838,12.575,3429.644191,6907.16521,983.606175,3636.725276,-2.96959,4.791758,4.345348,-1309206.579,-6002258.806,1698383.07,0.975317084186378,0.0368201100003285,0.217717396626327
1 Jan 2025 11:53:27.000,87.74,12.539,3432.458034,6904.192793,988.397528,3641.069132,-2.975241,4.790951,4.342364,-1308885.164,-6002387.391,1698176.353,0.975389176553861,0.0384936466158456,0.217104107358187
1 Jan 2025 11:53:28.000,87.642,12.503,3435.279626,6901.214725,993.188071,3645.410001,-2.98089,4.790141,4.339376,-1308563.735,-6002515.95,1697969.641,0.975458011907247,0.0401675216959213,0.216490732380784
1 Jan 2025 11:53:29.000,87.543,12.467,3438.108948,6898.231009,997.977802,3649.747882,-2.986536,4.789326,4.336385,-1308242.319,-6002644.474,1697762.951,0.975522858850216,0.0418587544255146,0.215877271936268
1 Jan 2025 11:53:30.000,87.446,12.431,3440.945979,6895.241649,1002.766716,3654.082769,-2.99218,4.788507,4.33339,-1307920.889,-6002772.972,1697556.267,0.975585907699854,0.0435162596183657,0.215263726266824
1 Jan 2025 11:53:31.000,87.348,12.394,3443.790696,6892.246645,1007.554809,3658.414659,-2.997822,4.787685,4.330391,-1307599.42,-6002901.455,1697349.57,0.975648708431535,0.0451912819742292,0.214633049108013
1 Jan 2025 11:53:32.000,87.251,12.358,3446.64308,6889.246002,1012.342078,3662.743549,-3.003461,4.786858,4.327389,-1307277.937,-6003029.912,1697142.879,0.975705312988506,0.0468494184392695,0.214019331364957
1 Jan 2025 11:53:33.000,87.153,12.322,3449.50311,6886.23972,1017.128518,3667.069435,-3.009097,4.786028,4.324384,-1306956.441,-6003158.344,1696936.194,0.975757867232846,0.048524887117393,0.213405529130459
1 Jan 2025 11:53:34.000,87.056,12.285,3452.370765,6883.227804,1021.914126,3671.392314,-3.014731,4.785193,4.321374,-1306634.957,-6003286.74,1696729.529,0.975811743740407,0.0501838124833994,0.212774589044223
1 Jan 2025 11:53:35.000,86.959,12.249,3455.246028,6880.210254,1026.698898,3675.712182,-3.020363,4.784355,4.318362,-1306313.46,-6003415.11,1696522.87,0.975858695063702,0.0518428412813051,0.21216061622377
1 Jan 2025 11:53:36.000,86.863,12.212,3458.128871,6877.187074,1031.48283,3680.029036,-3.025992,4.783513,4.315346,-1305991.923,-6003543.465,1696316.2,0.975907060379749,0.0534853210709302,0.21152950132522
1 Jan 2025 11:53:37.000,86.766,12.175,3461.019275,6874.158267,1036.265917,3684.342871,-3.031619,4.782667,4.312326,-1305670.372,-6003671.794,1696109.535,0.975951291641324,0.0551451190397752,0.210898298214377
1 Jan 2025 11:53:38.000,86.67,12.139,3463.917222,6871.123834,1041.048157,3688.653686,-3.037243,4.781817,4.309303,-1305348.834,-6003800.088,1695902.891,0.975989620164113,0.0567879488957929,0.210284070229106
1 Jan 2025 11:53:39.000,86.574,12.102,3466.82269,6868.083778,1045.829544,3692.961475,-3.042864,4.780963,4.306276,-1305027.257,-6003928.366,1695696.236,0.976028450454971,0.0584312575937252,0.209652693849812
1 Jan 2025 11:53:40.000,86.478,12.065,3469.735657,6865.038102,1050.610076,3697.266235,-3.048483,4.780105,4.303246,-1304705.692,-6004056.608,1695489.603,0.976064106552802,0.060074830765232,0.209021230040894
1 Jan 2025 11:53:41.000,86.382,12.028,3472.656105,6861.986808,1055.389748,3701.567964,-3.0541,4.779244,4.300212,-1304384.087,-6004184.835,1695282.958,0.976096587667817,0.0617186617008483,0.208389679065684
1 Jan 2025 11:53:42.000,86.287,11.991,3475.584011,6858.929898,1060.168557,3705.866657,-3.059714,4.778378,4.297174,-1304062.469,-6004313.036,1695076.319,0.976126998764954,0.0633457070687071,0.207758041187554
1 Jan 2025 11:53:43.000,86.191,11.955,3478.519355,6855.867376,1064.946497,3710.162311,-3.065325,4.777509,4.294134,-1303740.864,-6004441.202,1694869.701,0.976149549104052,0.0649897927808318,0.207143391442404
1 Jan 2025 11:53:44.000,86.096,11.918,3481.462116,6852.799244,1069.723567,3714.454922,-3.070935,4.776635,4.291089,-1303419.244,-6004569.342,1694663.088,0.976173703633095,0.0666173136036148,0.206511582879711
1 Jan 2025 11:53:45.000,86.001,11.881,3484.412274,6849.725504,1074.499761,3718.744487,-3.076541,4.775758,4.288041,-1303097.586,-6004697.466,1694456.464,0.976194737298906,0.0682450647131359,0.205879688197303
1 Jan 2025 11:53:46.000,85.907,11.843,3487.369808,6846.646158,1079.275076,3723.031003,-3.082145,4.774877,4.28499,-1302775.914,-6004825.565,1694249.845,0.976217441726768,0.069856257094058,0.205230625914492
1 Jan 2025 11:53:47.000,85.812,11.806,3490.334698,6843.56121,1084.049507,3727.314466,-3.087746,4.773992,4.281935,-1302454.228,-6004953.638,1694043.232,0.97623224855563,0.0714844539725405,0.204598557473574
1 Jan 2025 11:53:48.000,85.718,11.769,3493.306922,6840.470662,1088.823052,3731.594872,-3.093345,4.773102,4.278877,-1302132.555,-6005081.676,1693836.64,0.976245208359958,0.0730958228050081,0.203966403710713
1 Jan 2025 11:53:49.000,85.623,11.732,3496.28646,6837.374516,1093.595705,3735.872217,-3.098942,4.77221,4.275815,-1301810.868,-6005209.688,1693630.053,0.976253797081078,0.0747244342464687,0.203334164889531
1 Jan 2025 11:53:50.000,85.529,11.695,3499.273292,6834.272775,1098.367464,3740.146499,-3.104535,4.771313,4.27275,-1301489.142,-6005337.684,1693423.455,0.976260594030167,0.0763362043078038,0.202701841273684
1 Jan 2025 11:53:51.000,85.436,11.657,3502.267396,6831.165442,1103.138324,3744.417714,-3.110127,4.770412,4.269681,-1301167.403,-6005465.655,1693216.862,0.976269198422841,0.0779314068547201,0.202052339844079
1 Jan 2025 11:53:52.000,85.342,11.62,3505.268753,6828.052519,1107.908281,3748.685859,-3.115715,4.769507,4.266608,-1300845.676,-6005593.59,1693010.291,0.976269874824156,0.0795435571752036,0.201419845156184
1 Jan 2025 11:53:53.000,85.249,11.583,3508.277342,6824.934008,1112.677331,3752.950929,-3.121301,4.768599,4.263532,-1300523.909,-6005721.51,1692803.708,0.976268898003638,0.0811388465131849,0.200787266471937
1 Jan 2025 11:53:54.000,85.155,11.545,3511.293142,6821.809913,1117.445471,3757.212922,-3.126885,4.767686,4.260453,-1300202.155,-6005849.394,1692597.147,0.976266943673737,0.0827516417849628,0.20013750391127
1 Jan 2025 11:53:55.000,85.062,11.508,3514.316132,6818.680235,1122.212697,3761.471833,-3.132466,4.76677,4.25737,-1299880.361,-6005977.262,1692390.574,0.976259898760768,0.0843472731946429,0.1995047557735
1 Jan 2025 11:53:56.000,84.969,11.47,3517.346293,6815.544978,1126.979004,3765.72766,-3.138044,4.76585,4.254284,-1299558.554,-6006105.105,1692184.007,0.976253296086284,0.0859433682627662,0.198854819736199
1 Jan 2025 11:53:57.000,84.877,11.433,3520.383603,6812.404144,1131.74439,3769.980399,-3.14362,4.764926,4.251194,-1299236.76,-6006232.912,1691977.462,0.976241736422912,0.0875222779994346,0.198221903229103
1 Jan 2025 11:53:58.000,84.784,11.395,3523.428043,6809.257735,1136.508849,3774.230047,-3.149193,4.763998,4.248101,-1298914.951,-6006360.694,1691770.922,0.976229094801273,0.0891186868821998,0.197571794828814
1 Jan 2025 11:53:59.000,84.692,11.357,3526.479592,6806.105754,1141.272378,3778.476599,-3.154764,4.763066,4.245004,-1298593.104,-6006488.46,1691564.37,0.976214996220435,0.0906982072347494,0.196921599523105
1 Jan 2025 11:54:00.000,84.6,11.32,3529.538229,6802.948204,1146.034973,3782.720054,-3.160332,4.76213,4.241904,-1298271.243,-6006616.2,1691357.824,0.976194501951055,0.0922775490785729,0.196288431387544
1 Jan 2025 11:54:01.000,84.508,11.282,3532.603934,6799.785087,1150.796631,3786.960406,-3.165897,4.76119,4.2388,-1297949.368,-6006743.915,1691151.282,0.97617444437862,0.0938573465941452,0.195638065397301
1 Jan 2025 11:54:02.000,84.416,11.244,3535.676687,6796.616407,1155.557346,3791.197652,-3.17146,4.760247,4.235693,-1297627.506,-6006871.594,1690944.763,0.97615140068728,0.0954372756079327,0.194987613352225
1 Jan 2025 11:54:03.000,84.325,11.206,3538.756467,6793.442164,1160.317117,3795.43179,-3.17702,4.759299,4.232583,-1297305.631,-6006999.248,1690738.248,0.976127063538604,0.0970002932916904,0.194337075538427
1 Jan 2025 11:54:04.000,84.233,11.168,3541.843254,6790.262363,1165.075938,3799.662816,-3.182578,4.758348,4.229468,-1296983.716,-6007126.886,1690531.723,0.97609807381746,0.0985804671713934,0.193686452242058
1 Jan 2025 11:54:05.000,84.142,11.13,3544.937027,6787.077006,1169.833805,3803.890725,-3.188132,4.757392,4.226351,-1296661.787,-6007254.498,1690325.202,0.976067844621559,0.100143718380018,0.193035743749306
1 Jan 2025 11:54:06.000,84.051,11.092,3548.037767,6783.886095,1174.590715,3808.115516,-3.193685,4.756433,4.22323,-1296339.871,-6007382.075,1690118.703,0.976034682412456,0.101707077473643,0.192384950346397
1 Jan 2025 11:54:07.000,83.96,11.054,3551.145454,6780.689633,1179.346664,3812.337183,-3.199234,4.75547,4.220106,-1296017.942,-6007509.626,1689912.21,0.975998586788016,0.10327053839087,0.191734072319593
1 Jan 2025 11:54:08.000,83.87,11.016,3554.260066,6777.487622,1184.101649,3816.555725,-3.204782,4.754503,4.216978,-1295695.973,-6007637.162,1689705.705,0.975961386910729,0.104817061345649,0.191083109955195
1 Jan 2025 11:54:09.000,83.779,10.978,3557.381583,6774.280066,1188.855664,3820.771137,-3.210326,4.753532,4.213846,-1295373.99,-6007764.672,1689499.205,0.975919450592577,0.106380708453905,0.190432063539539
1 Jan 2025 11:54:10.000,83.689,10.94,3560.509982,6771.066967,1193.608706,3824.983416,-3.215868,4.752558,4.210712,-1295051.995,-6007892.156,1689292.71,0.975876463570268,0.107927407005696,0.189780933359001
1 Jan 2025 11:54:11.000,83.599,10.902,3563.64525,6767.848328,1198.360772,3829.192558,-3.221407,4.751579,4.207573,-1294730.011,-6008019.604,1689086.237,0.975830595946892,0.109474184811475,0.189129719699991
1 Jan 2025 11:54:12.000,83.509,10.864,3566.787364,6764.62415,1203.111857,3833.39856,-3.226943,4.750597,4.204432,-1294408.014,-6008147.027,1688879.77,0.975781847389755,0.111021035957187,0.188478422848957
1 Jan 2025 11:54:13.000,83.42,10.826,3569.936302,6761.394438,1207.861958,3837.601419,-3.232477,4.74961,4.201287,-1294085.978,-6008274.435,1688673.291,0.975732182111732,0.112550924805842,0.187827043092383
1 Jan 2025 11:54:14.000,83.33,10.787,3573.092045,6758.159193,1212.611071,3841.801132,-3.238008,4.74862,4.198138,-1293763.929,-6008401.817,1688466.817,0.975680942310215,0.114098285264156,0.187158435856977
1 Jan 2025 11:54:15.000,83.241,10.749,3576.254573,6754.918418,1217.359191,3845.997694,-3.243537,4.747626,4.194986,-1293441.891,-6008529.163,1688260.365,0.97562558243446,0.115628297834611,0.186506888986148
1 Jan 2025 11:54:16.000,83.152,10.711,3579.423866,6751.672116,1222.106315,3850.191102,-3.249063,4.746628,4.191831,-1293119.815,-6008656.494,1688053.901,0.975567394123744,0.117158362161305,0.185855260076994
1 Jan 2025 11:54:17.000,83.063,10.672,3582.599903,6748.420289,1226.852439,3854.381353,-3.254586,4.745626,4.188672,-1292797.751,-6008783.788,1687847.46,0.975509585711883,0.118688862861438,0.185186398034222
1 Jan 2025 11:54:18.000,82.974,10.634,3585.782665,6745.162941,1231.59756,3858.568444,-3.260106,4.74462,4.185509,-1292475.647,-6008911.068,1687641.006,0.975445727842895,0.120219016986024,0.184534603768397
1 Jan 2025 11:54:19.000,82.886,10.596,3588.972132,6741.900074,1236.341673,3862.75237,-3.265624,4.74361,4.182344,-1292153.53,-6009038.322,1687434.559,0.975381165547208,0.121732181928309,0.18388272833179
1 Jan 2025 11:54:20.000,82.797,10.557,3592.168283,6738.63169,1241.084774,3866.933129,-3.271139,4.742597,4.179175,-1291831.426,-6009165.54,1687228.132,0.975314848344459,0.123262801279695,0.183213614176205
1 Jan 2025 11:54:21.000,82.709,10.519,3595.371099,6735.357793,1245.826859,3871.110718,-3.276651,4.741579,4.176002,-1291509.308,-6009292.732,1687021.712,0.975244694885264,0.124776024861027,0.182561575141179
1 Jan 2025 11:54:22.000,82.621,10.48,3598.580561,6732.078384,1250.567925,3875.285132,-3.282161,4.740558,4.172826,-1291187.15,-6009419.909,1686815.279,0.975174913163573,0.126289675880421,0.181892293686227
1 Jan 2025 11:54:23.000,82.533,10.441,3601.796647,6728.793467,1255.307968,3879.456369,-3.287668,4.739533,4.169647,-1290864.98,-6009547.06,1686608.852,0.975102330380885,0.127803347642717,0.181222927956377
1 Jan 2025 11:54:24.000,82.446,10.403,3605.019339,6725.503045,1260.046984,3883.624424,-3.293172,4.738504,4.166464,-1290542.795,-6009674.186,1686402.43,0.975026079151501,0.129299602677437,0.180570644684868
1 Jan 2025 11:54:25.000,82.358,10.364,3608.248615,6722.207119,1264.784969,3887.789295,-3.298674,4.737471,4.163278,-1290220.624,-6009801.276,1686196.03,0.974947932322357,0.130813296840102,0.179901113476775
1 Jan 2025 11:54:26.000,82.271,10.326,3611.484454,6718.905693,1269.521919,3891.950978,-3.304173,4.736434,4.160088,-1289898.438,-6009928.34,1685989.635,0.974866193379431,0.132309559243395,0.179248669559127
1 Jan 2025 11:54:27.000,82.184,10.287,3614.726842,6715.59877,1274.25783,3896.10947,-3.309669,4.735393,4.156895,-1289576.214,-6010055.389,1685783.229,0.974784817356063,0.133806240018625,0.178578974082016
1 Jan 2025 11:54:28.000,82.097,10.248,3617.975757,6712.286352,1278.992699,3900.264767,-3.315162,4.734349,4.153699,-1289253.976,-6010182.412,1685576.828,0.974700691980409,0.135302916005268,0.177909195865144
1 Jan 2025 11:54:29.000,82.01,10.209,3621.231178,6708.968442,1283.726521,3904.416867,-3.320653,4.7333,4.150499,-1288931.75,-6010309.4,1685370.449,0.974613817120518,0.136799581611052,0.177239335218837
1 Jan 2025 11:54:30.000,81.924,10.171,3624.493085,6705.645043,1288.459293,3908.565764,-3.326141,4.732248,4.147296,-1288609.485,-6010436.372,1685164.058,0.974523554929467,0.138278789605645,0.176586571496342
1 Jan 2025 11:54:31.000,81.837,10.132,3627.76146,6702.316157,1293.191011,3912.711457,-3.331626,4.731192,4.14409,-1288287.233,-6010563.308,1684957.689,0.974431219110589,0.139775416311053,0.175916549016066
1 Jan 2025 11:54:32.000,81.751,10.093,3631.036282,6698.981787,1297.92167,3916.853942,-3.337109,4.730132,4.14088,-1287964.941,-6010690.228,1684751.309,0.974338598999447,0.141255010545768,0.175246445029594
1 Jan 2025 11:54:33.000,81.665,10.054,3634.317532,6695.641937,1302.651268,3920.993215,-3.342588,4.729068,4.137666,-1287642.636,-6010817.124,1684544.934,0.97424328094146,0.142734575482301,0.174576259847399
1 Jan 2025 11:54:34.000,81.579,10.015,3637.605191,6692.296607,1307.3798,3925.129273,-3.348065,4.728,4.13445,-1287320.344,-6010943.983,1684338.581,0.97414526486218,0.144214105669262,0.173905993779994
1 Jan 2025 11:54:35.000,81.494,9.976,3640.899238,6688.945803,1312.107262,3929.262112,-3.35354,4.726929,4.13123,-1286998.037,-6011070.816,1684132.233,0.974047093383283,0.145676595348329,0.17323564713793
1 Jan 2025 11:54:36.000,81.408,9.937,3644.199654,6685.589525,1316.83365,3933.39173,-3.359011,4.725853,4.128006,-1286675.692,-6011197.635,1683925.874,0.973943706905408,0.147156041485582,0.172565220231791
1 Jan 2025 11:54:37.000,81.323,9.898,3647.506416,6682.227777,1321.558962,3937.518123,-3.36448,4.724774,4.124779,-1286353.333,-6011324.427,1683719.52,0.973840216280653,0.148618439869144,0.171894713372204
1 Jan 2025 11:54:38.000,81.238,9.859,3650.819513,6678.860562,1326.283191,3941.641287,-3.369946,4.723691,4.121549,-1286030.961,-6011451.194,1683513.171,0.973734078793272,0.150080785493291,0.17122412686983
1 Jan 2025 11:54:39.000,81.153,9.82,3654.13892,6675.487883,1331.006336,3945.761219,-3.375409,4.722604,4.118315,-1285708.601,-6011577.925,1683306.844,0.973625294423267,0.151543073045472,0.170553461035366
1 Jan 2025 11:54:40.000,81.068,9.781,3657.464619,6672.109741,1335.728392,3949.877916,-3.380869,4.721513,4.115078,-1285386.228,-6011704.631,1683100.522,0.973513863161806,0.15300529721299,0.169882716179547
1 Jan 2025 11:54:41.000,80.984,9.742,3660.79659,6668.726141,1340.449355,3953.991375,-3.386327,4.720418,4.111838,-1285063.815,-6011831.321,1682894.189,0.973402480828601,0.154450463628319,0.169211892613146
1 Jan 2025 11:54:42.000,80.899,9.703,3664.134814,6665.337085,1345.169221,3958.101591,-3.391782,4.719319,4.108594,-1284741.389,-6011957.985,1682687.861,0.973285781320542,0.155912547124984,0.168540990646969
1 Jan 2025 11:54:43.000,80.815,9.664,3667.479272,6661.942575,1349.887987,3962.208562,-3.397234,4.718217,4.105347,-1284418.976,-6012084.614,1682481.554,0.97316918151599,0.157357566362046,0.167870010591862
1 Jan 2025 11:54:44.000,80.731,9.625,3670.829944,6658.542614,1354.605648,3966.312284,-3.402683,4.71711,4.102097,-1284096.549,-6012211.216,1682275.253,0.973049985629073,0.15880250521844,0.167198952758706
1 Jan 2025 11:54:45.000,80.647,9.586,3674.186811,6655.137206,1359.322201,3970.412754,-3.408129,4.716,4.098843,-1283774.083,-6012337.804,1682068.941,0.972928193702096,0.160247358518364,0.166527817458416
1 Jan 2025 11:54:46.000,80.564,9.546,3677.54985,6651.726352,1364.037641,3974.509969,-3.413573,4.714886,4.095586,-1283451.603,-6012464.366,1681862.634,0.972809483127784,0.161675616988503,0.165839393414353
1 Jan 2025 11:54:47.000,80.48,9.507,3680.91905,6648.310057,1368.751966,3978.603925,-3.419014,4.713768,4.092326,-1283129.11,-6012590.902,1681656.332,0.972682512251336,0.163120288112147,0.16516810214639
1 Jan 2025 11:54:48.000,80.397,9.468,3684.294387,6644.888322,1373.465171,3982.694619,-3.424452,4.712646,4.089062,-1282806.63,-6012717.402,1681450.052,0.972555817573509,0.164547883886045,0.164496734352232
1 Jan 2025 11:54:49.000,80.314,9.429,3687.675843,6641.46115,1378.177252,3986.782048,-3.429887,4.711521,4.085795,-1282484.136,-6012843.877,1681243.777,0.972426577254439,0.16597537797296,0.163825290342942
1 Jan 2025 11:54:50.000,80.231,9.389,3691.063398,6638.028545,1382.888206,3990.866207,-3.435319,4.710391,4.082524,-1282161.603,-6012970.336,1681037.491,0.972297597516893,0.167403248471666,0.16313655097498
1 Jan 2025 11:54:51.000,80.148,9.35,3694.457033,6634.590509,1387.598028,3994.947095,-3.440749,4.709258,4.079251,-1281839.056,-6013096.77,1680831.21,0.972163253945986,0.168830526120626,0.162464953534556
1 Jan 2025 11:54:52.000,80.065,9.311,3697.856731,6631.147045,1392.306715,3999.024707,-3.446175,4.708121,4.075973,-1281516.522,-6013223.168,1680624.951,0.972026365035565,0.17025768692522,0.161793280820371
1 Jan 2025 11:54:53.000,79.983,9.271,3701.26247,6627.698155,1397.014262,4003.09904,-3.451599,4.70698,4.072693,-1281193.949,-6013349.55,1680418.681,0.971892696309413,0.17166825230355,0.161104307861283
1 Jan 2025 11:54:54.000,79.901,9.232,3704.674229,6624.243843,1401.720667,4007.170091,-3.45702,4.705835,4.069409,-1280871.388,-6013475.897,1680212.432,0.971753750678056,0.173078208453957,0.160432483623168
1 Jan 2025 11:54:55.000,79.819,9.192,3708.091997,6620.784111,1406.425925,4011.237857,-3.462438,4.704686,4.066122,-1280548.788,-6013602.228,1680006.172,0.971615053905004,0.174488530476446,0.159743355909869
1 Jan 2025 11:54:56.000,79.737,9.153,3711.51575,6617.318963,1411.130033,4015.302333,-3.467854,4.703534,4.062832,-1280226.174,-6013728.533,1679799.917,0.971471105296513,0.175898229625826,0.159071381425042
1 Jan 2025 11:54:57.000,79.655,9.113,3714.94547,6613.8484,1415.832986,4019.363518,-3.473266,4.702377,4.059538,-1279903.573,-6013854.803,1679593.684,0.971327381054019,0.177308288383684,0.158382100267642
1 Jan 2025 11:54:58.000,79.573,9.074,3718.381139,6610.372427,1420.53478,4023.421407,-3.478676,4.701217,4.056241,-1279580.958,-6013981.047,1679387.457,0.971178430090524,0.178717710762973,0.157709976813605
1 Jan 2025 11:54:59.000,79.492,9.034,3721.822736,6606.891046,1425.235413,4027.475998,-3.484083,4.700053,4.05294,-1279258.305,-6014107.275,1679181.218,0.971032822708194,0.180110538656828,0.15702054352251
1 Jan 2025 11:55:00.000,79.411,8.995,3725.270244,6603.404259,1429.934879,4031.527286,-3.489487,4.698885,4.049637,-1278935.638,-6014233.478,1678974.984,0.970882062655401,0.181502722124784,0.156348272377047
1 Jan 2025 11:55:01.000,79.33,8.955,3728.723641,6599.912069,1434.633175,4035.575269,-3.494888,4.697713,4.046329,-1278612.957,-6014359.655,1678768.755,0.970731527007975,0.182895257568433,0.155658688262951
1 Jan 2025 11:55:02.000,79.249,8.916,3732.182914,6596.414481,1439.330298,4039.619944,-3.500286,4.696537,4.043019,-1278290.289,-6014485.796,1678562.549,0.970575863858045,0.184287135713364,0.154986270704129
1 Jan 2025 11:55:03.000,79.168,8.876,3735.648042,6592.911495,1444.026243,4043.661306,-3.505681,4.695358,4.039705,-1277967.608,-6014611.912,1678356.347,0.970420400736837,0.185679359325397,0.154296537078011
1 Jan 2025 11:55:04.000,79.088,8.837,3739.119006,6589.403116,1448.721007,4047.699353,-3.511073,4.694175,4.036389,-1277644.887,-6014738.012,1678150.134,0.970263100177832,0.18705397864711,0.153623974384174
1 Jan 2025 11:55:05.000,79.007,8.797,3742.595787,6585.889345,1453.414586,4051.734082,-3.516463,4.692988,4.033068,-1277322.153,-6014864.087,1677943.927,0.970102734746854,0.188445873848036,0.152934092557298
1 Jan 2025 11:55:06.000,78.927,8.757,3746.078368,6582.370187,1458.106975,4055.765488,-3.521849,4.691797,4.029745,-1276999.432,-6014990.126,1677737.741,0.969943213236242,0.189820668242539,0.152244136192204
1 Jan 2025 11:55:07.000,78.847,8.718,3749.566724,6578.845643,1462.798172,4059.79357,-3.527233,4.690602,4.026418,-1276676.671,-6015116.149,1677531.544,0.96977867571833,0.19119477966454,0.15157135729098
1 Jan 2025 11:55:08.000,78.767,8.678,3753.060847,6575.315718,1467.488172,4063.818322,-3.532614,4.689403,4.023088,-1276353.923,-6015242.136,1677325.369,0.969614325593239,0.192569225434033,0.150881254700855
1 Jan 2025 11:55:09.000,78.688,8.638,3756.560713,6571.780413,1472.176971,4067.839744,-3.537992,4.688201,4.019754,-1276031.135,-6015368.108,1677119.182,0.969450940082094,0.193926570358501,0.150191078573039
1 Jan 2025 11:55:10.000,78.608,8.599,3760.066305,6568.239731,1476.864566,4071.85783,-3.543367,4.686994,4.016418,-1275708.334,-6015494.055,1676913.001,0.969279215801816,0.195300137388306,0.149518086366586
1 Jan 2025 11:55:11.000,78.529,8.559,3763.577603,6564.693676,1481.550953,4075.872577,-3.548739,4.685784,4.013078,-1275385.546,-6015619.965,1676706.842,0.969111074887046,0.19665711429204,0.148827765990096
1 Jan 2025 11:55:12.000,78.45,8.519,3767.094589,6561.14225,1486.236128,4079.883983,-3.554108,4.68457,4.009734,-1275062.744,-6015745.85,1676500.688,0.968940562265334,0.198013902276721,0.148137373076761
1 Jan 2025 11:55:13.000,78.371,8.479,3770.617242,6557.585457,1490.920087,4083.892045,-3.559474,4.683352,4.006388,-1274739.903,-6015871.719,1676294.522,0.968767678222962,0.199370496720605,0.147446907963071
1 Jan 2025 11:55:14.000,78.292,8.44,3774.145551,6554.023299,1495.602826,4087.896757,-3.564838,4.682131,4.003038,-1274417.049,-6015997.563,1676088.362,0.968589914817071,0.200726373206001,0.146773635283127
1 Jan 2025 11:55:15.000,78.213,8.4,3777.679493,6550.455779,1500.284341,4091.898119,-3.570198,4.680905,3.999685,-1274094.181,-6016123.381,1675882.207,0.968412301348089,0.202082565709494,0.146083028562412
1 Jan 2025 11:55:16.000,78.135,8.36,3781.219052,6546.8829,1504.96463,4095.896126,-3.575555,4.679676,3.996329,-1273771.326,-6016249.163,1675676.074,0.968235867897874,0.203421651971145,0.145392350642603
1 Jan 2025 11:55:17.000,78.057,8.32,3784.764207,6543.304665,1509.643687,4099.890775,-3.58091,4.678443,3.992969,-1273448.458,-6016374.92,1675469.946,0.968057111295704,0.204760532546853,0.144701601860329
1 Jan 2025 11:55:18.000,77.978,8.28,3788.314942,6539.721078,1514.321509,4103.882062,-3.586261,4.677206,3.989606,-1273125.55,-6016500.661,1675263.807,0.967872434606468,0.206116095532676,0.144010782552252
1 Jan 2025 11:55:19.000,77.9,8.241,3791.871234,6536.13214,1518.998092,4107.869985,-3.59161,4.675965,3.98624,-1272802.629,-6016626.376,1675057.673,0.967686563336665,0.207454023675442,0.143337166145227
1 Jan 2025 11:55:20.000,77.823,8.201,3795.433073,6532.537855,1523.673432,4111.85454,-3.596956,4.674721,3.98287,-1272479.72,-6016752.056,1674851.561,0.967504472359394,0.208775370085508,0.142646208537874
1 Jan 2025 11:55:21.000,77.745,8.161,3799.000438,6528.938226,1528.347526,4115.835724,-3.602298,4.673472,3.979498,-1272156.798,-6016877.71,1674645.454,0.96731643896289,0.210113382210662,0.141955181406493
1 Jan 2025 11:55:22.000,77.668,8.121,3802.57331,6525.333255,1533.02037,4119.813534,-3.607638,4.67222,3.976122,-1271833.837,-6017003.348,1674439.336,0.967129774485452,0.211434286642452,0.14126408508788
1 Jan 2025 11:55:23.000,77.59,8.081,3806.151671,6521.722947,1537.691959,4123.787967,-3.612975,4.670964,3.972743,-1271510.863,-6017128.961,1674233.223,0.966937121895508,0.212771841383946,0.140572919918869
1 Jan 2025 11:55:24.000,77.513,8.041,3809.7355,6518.107303,1542.362291,4127.759018,-3.618308,4.669704,3.96936,-1271187.875,-6017254.548,1674027.115,0.966745885354806,0.214092286188071,0.139881686236324
1 Jan 2025 11:55:25.000,77.436,8.001,3813.324786,6514.486327,1547.031361,4131.726686,-3.623639,4.66844,3.965975,-1270864.899,-6017380.099,1673821.029,0.966552374864476,0.215412496250297,0.139190384377144
1 Jan 2025 11:55:26.000,77.359,7.961,3816.919508,6510.860021,1551.699165,4135.690966,-3.628967,4.667173,3.962586,-1270541.911,-6017505.625,1673614.949,0.966356590806152,0.216732467200143,0.138499014678262
1 Jan 2025 11:55:27.000,77.283,7.921,3820.519649,6507.22839,1556.3657,4139.651856,-3.634292,4.665902,3.959194,-1270218.883,-6017631.135,1673408.857,0.966162339151801,0.218035331987132,0.137807577476643
1 Jan 2025 11:55:28.000,77.206,7.881,3824.125189,6503.591435,1561.030962,4143.609351,-3.639614,4.664627,3.955798,-1269895.842,-6017756.619,1673202.771,0.965962032166678,0.219354815099898,0.137116073109285
1 Jan 2025 11:55:29.000,77.13,7.841,3827.736109,6499.949159,1565.694947,4147.56345,-3.644933,4.663348,3.9524,-1269572.813,-6017882.068,1672996.706,0.965763304148128,0.220657190317061,0.136424501913218
1 Jan 2025 11:55:30.000,77.054,7.801,3831.352397,6496.301566,1570.35765,4151.514149,-3.650249,4.662065,3.948998,-1269249.745,-6018007.501,1672790.63,0.965562349917938,0.221959316069613,0.135732864225506
1 Jan 2025 11:55:31.000,76.978,7.761,3834.974032,6492.648659,1575.01907,4155.461444,-3.655561,4.660778,3.945593,-1268926.69,-6018132.898,1672584.576,0.965359169887917,0.22326118810859,0.135041160383245
1 Jan 2025 11:55:32.000,76.902,7.721,3838.600998,6488.990441,1579.679201,4159.405333,-3.660871,4.659488,3.942184,-1268603.596,-6018258.28,1672378.511,0.965153764478316,0.224562802185811,0.134349390723563
1 Jan 2025 11:55:33.000,76.826,7.681,3842.233275,6485.326914,1584.338039,4163.345812,-3.666178,4.658194,3.938773,-1268280.488,-6018383.636,1672172.45,0.964946134117823,0.225864154053891,0.133657555583621
1 Jan 2025 11:55:34.000,76.751,7.641,3845.870844,6481.658082,1588.995582,4167.282877,-3.671482,4.656896,3.935358,-1267957.392,-6018508.956,1671966.412,0.964740243878001,0.227148401607177,0.132965655300609
1 Jan 2025 11:55:35.000,76.675,7.601,3849.513693,6477.983947,1593.651824,4171.216526,-3.676783,4.655594,3.93194,-1267634.284,-6018634.251,1671760.379,0.964528187639067,0.228449220019379,0.132273690211752
1 Jan 2025 11:55:36.000,76.6,7.561,3853.161802,6474.304513,1598.306763,4175.146756,-3.68208,4.654289,3.928519,-1267311.136,-6018759.53,1671554.335,0.964317917524076,0.229732933036351,0.131581660654306
1 Jan 2025 11:55:37.000,76.525,7.521,3856.815154,6470.619783,1602.960395,4179.073563,-3.687375,4.652979,3.925095,-1266987.975,-6018884.783,1671348.296,0.964105469346596,0.231016374388374,0.130889566965556
1 Jan 2025 11:55:38.000,76.45,7.481,3860.473727,6466.92976,1607.612715,4182.996944,-3.692667,4.651666,3.921667,-1266664.8,-6019010.011,1671142.262,0.963890843562767,0.232299539947499,0.130197409482822
1 Jan 2025 11:55:39.000,76.376,7.441,3864.137511,6463.234447,1612.26372,4186.916896,-3.697956,4.650349,3.918236,-1266341.639,-6019135.203,1670936.25,0.963678117272493,0.233565606266139,0.129505188543452
1 Jan 2025 11:55:40.000,76.301,7.401,3867.806486,6459.533846,1616.913406,4190.833415,-3.703241,4.649028,3.914802,-1266018.463,-6019260.369,1670730.244,0.963459160062587,0.234848211680816,0.128812904484826
1 Jan 2025 11:55:41.000,76.227,7.361,3871.480634,6455.827961,1621.561769,4194.746499,-3.708524,4.647704,3.911365,-1265695.249,-6019385.52,1670524.226,0.963242147767022,0.236113717250978,0.128120557644355
1 Jan 2025 11:55:42.000,76.153,7.321,3875.159938,6452.116795,1626.208807,4198.656144,-3.713803,4.646375,3.907925,-1265372.021,-6019510.645,1670318.214,0.963023004223745,0.237378938285492,0.127428148359481
1 Jan 2025 11:55:43.000,76.079,7.281,3878.844377,6448.400352,1630.854513,4202.562347,-3.71908,4.645043,3.904481,-1265048.806,-6019635.734,1670112.223,0.962801729914175,0.238643870773623,0.126735676967676
1 Jan 2025 11:55:44.000,76.005,7.241,3882.533941,6444.678633,1635.498886,4206.465104,-3.724353,4.643707,3.901034,-1264725.578,-6019760.797,1669906.237,0.962578325327573,0.239908510705546,0.126043143806441
1 Jan 2025 11:55:45.000,75.931,7.2,3886.22861,6440.951642,1640.141921,4210.364414,-3.729624,4.642367,3.897584,-1264402.31,-6019885.845,1669700.241,0.962354912968933,0.241173385863518,0.125333233564304
1 Jan 2025 11:55:46.000,75.857,7.16,3889.928367,6437.219382,1644.783614,4214.260272,-3.734891,4.641024,3.894131,-1264079.029,-6020010.868,1669494.249,0.962127236916115,0.242437428443614,0.124640576353804
1 Jan 2025 11:55:47.000,75.784,7.12,3893.63319,6433.481857,1649.423962,4218.152675,-3.740155,4.639676,3.890675,-1263755.735,-6020135.864,1669288.263,0.961901685345415,0.243684378097864,0.123947858395002
1 Jan 2025 11:55:48.000,75.711,7.08,3897.34307,6429.739069,1654.06296,4222.04162,-3.745417,4.638325,3.887215,-1263432.453,-6020260.825,1669082.299,0.961674049345408,0.244931027155624,0.123255080025519
1 Jan 2025 11:55:49.000,75.638,7.04,3901.057987,6425.991021,1658.700605,4225.927104,-3.750675,4.63697,3.883753,-1263109.158,-6020385.76,1668876.34,0.961444329428455,0.246177371722134,0.122562241583007
1 Jan 2025 11:55:50.000,75.565,7,3904.777924,6422.237717,1663.336894,4229.809124,-3.75593,4.635612,3.880287,-1262785.824,-6020510.68,1668670.37,0.961212526114473,0.247423407903603,0.121869343405147
1 Jan 2025 11:55:51.000,75.492,6.959,3908.50286,6418.479159,1667.971822,4233.687677,-3.761182,4.634249,3.876818,-1262462.477,-6020635.574,1668464.405,0.960980687272106,0.248669661590645,0.121159061132152
1 Jan 2025 11:55:52.000,75.419,6.919,3912.232786,6414.715351,1672.605385,4237.562758,-3.76643,4.632883,3.873346,-1262139.116,-6020760.442,1668258.446,0.960744706371505,0.249915068887671,0.120466043024587
1 Jan 2025 11:55:53.000,75.347,6.879,3915.96768,6410.946296,1677.237581,4241.434367,-3.771676,4.631513,3.86987,-1261815.768,-6020885.274,1668052.508,0.960511027107788,0.251143392051627,0.119772966203335
1 Jan 2025 11:55:54.000,75.275,6.839,3919.707528,6407.171996,1681.868404,4245.302498,-3.776919,4.630139,3.866392,-1261492.406,-6021010.081,1667846.576,0.960275309763753,0.252371399539773,0.119079831006196
1 Jan 2025 11:55:55.000,75.202,6.799,3923.45231,6403.392456,1686.497852,4249.167149,-3.782158,4.628761,3.86291,-1261169.006,-6021134.872,1667640.632,0.960033128594908,0.253615843348858,0.118386637770993
1 Jan 2025 11:55:56.000,75.13,6.759,3927.202009,6399.607677,1691.12592,4253.028317,-3.787395,4.62738,3.859425,-1260845.592,-6021259.638,1667434.694,0.959793315298356,0.254843203958356,0.117693386835581
1 Jan 2025 11:55:57.000,75.059,6.718,3930.956613,6395.817664,1695.752605,4256.885998,-3.792628,4.625995,3.855937,-1260522.191,-6021384.367,1667228.777,0.959557907546927,0.256054016593011,0.116982745098366
1 Jan 2025 11:55:58.000,74.987,6.678,3934.716103,6392.022419,1700.377902,4260.74019,-3.797858,4.624606,3.852446,-1260198.776,-6021509.071,1667022.866,0.95931403101068,0.257280722923161,0.116289378354929
1 Jan 2025 11:55:59.000,74.915,6.638,3938.480459,6388.221945,1705.001809,4264.590889,-3.803085,4.623213,3.848952,-1259875.322,-6021633.76,1666816.943,0.959068119174626,0.258507094652868,0.115595954933462
1 Jan 2025 11:56:00.000,74.844,6.598,3942.249671,6384.416246,1709.624321,4268.438092,-3.808309,4.621816,3.845454,-1259551.855,-6021758.422,1666611.026,0.958824705668201,0.259716393397974,0.114902475171931
1 Jan 2025 11:56:01.000,74.773,6.557,3946.02372,6380.605324,1714.245435,4272.281796,-3.81353,4.620416,3.841954,-1259228.375,-6021883.059,1666405.114,0.958581223712574,0.26092588213267,0.114191600299636
1 Jan 2025 11:56:02.000,74.702,6.517,3949.802588,6376.789183,1718.865146,4276.121998,-3.818748,4.619012,3.83845,-1258904.907,-6022007.661,1666199.225,0.958333815162617,0.262134509389478,0.113498007484715
1 Jan 2025 11:56:03.000,74.631,6.477,3953.586256,6372.967826,1723.483452,4279.958695,-3.823962,4.617604,3.834943,-1258581.426,-6022132.236,1665993.34,0.958084416126094,0.263342795776629,0.112804359352243
1 Jan 2025 11:56:04.000,74.56,6.437,3957.374715,6369.141256,1728.100347,4283.791884,-3.829174,4.616192,3.831433,-1258257.906,-6022256.796,1665787.444,0.957833027190932,0.264550737628201,0.112110656240298
1 Jan 2025 11:56:05.000,74.489,6.397,3961.167945,6365.309476,1732.715829,4287.621561,-3.834382,4.614777,3.82792,-1257934.373,-6022381.331,1665581.553,0.957579648952054,0.265758331279383,0.11141689848698
1 Jan 2025 11:56:06.000,74.419,6.356,3964.965929,6361.47249,1737.329894,4291.447723,-3.839587,4.613358,3.824404,-1257610.852,-6022505.829,1665375.685,0.957330802614959,0.266949383589995,0.110705740436169
1 Jan 2025 11:56:07.000,74.349,6.316,3968.768647,6357.6303,1741.942538,4295.270367,-3.844789,4.611935,3.820885,-1257287.292,-6022630.312,1665169.805,0.957078136403912,0.268139569256955,0.110011873069727
1 Jan 2025 11:56:08.000,74.278,6.276,3972.576091,6353.78291,1746.553757,4299.089491,-3.849988,4.610508,3.817362,-1256963.745,-6022754.759,1664963.947,0.956818823707842,0.269346104390465,0.109317952084835
1 Jan 2025 11:56:09.000,74.208,6.236,3976.388241,6349.930322,1751.163547,4302.90509,-3.855183,4.609077,3.813836,-1256640.158,-6022879.191,1664758.078,0.956562246031784,0.270535581595572,0.1086239778197
1 Jan 2025 11:56:10.000,74.139,6.195,3980.205081,6346.072541,1755.771905,4306.717162,-3.860376,4.607643,3.810308,-1256316.558,-6023003.596,1664552.214,0.956310278136648,0.271708525541265,0.107912599256986
1 Jan 2025 11:56:11.000,74.069,6.155,3984.026591,6342.209569,1760.378827,4310.525704,-3.865565,4.606205,3.806776,-1255992.971,-6023127.966,1664346.371,0.956049820680703,0.272897287903815,0.107218518135338
1 Jan 2025 11:56:12.000,73.999,6.115,3987.852762,6338.341409,1764.984308,4314.330713,-3.870751,4.604763,3.803241,-1255669.371,-6023252.311,1664140.535,0.955787420031853,0.274085685801108,0.106524384756687
1 Jan 2025 11:56:13.000,73.93,6.075,3991.683574,6334.468064,1769.588347,4318.132185,-3.875934,4.603318,3.799703,-1255345.731,-6023376.639,1663934.687,0.955527881108368,0.275257038614725,0.105830199459345
1 Jan 2025 11:56:14.000,73.861,6.034,3995.519008,6330.589538,1774.190937,4321.930117,-3.881114,4.601868,3.796162,-1255022.078,-6023500.942,1663728.844,0.955268203934544,0.276428539090877,0.105118606001759
1 Jan 2025 11:56:15.000,73.791,5.994,3999.359056,6326.705834,1778.792077,4325.724507,-3.88629,4.600415,3.792617,-1254698.412,-6023625.22,1663523.007,0.955000006704411,0.277615830413324,0.104424316605358
1 Jan 2025 11:56:16.000,73.722,5.954,4003.203697,6322.816955,1783.391761,4329.515351,-3.891463,4.598959,3.78907,-1254374.759,-6023749.461,1663317.191,0.954734734718212,0.27878607988291,0.103729976313814
1 Jan 2025 11:56:17.000,73.654,5.913,4007.052917,6318.922905,1787.989987,4333.302646,-3.896634,4.597498,3.78552,-1254051.092,-6023873.677,1663111.381,0.954474175364887,0.27993980401002,0.103018225049501
1 Jan 2025 11:56:18.000,73.585,5.873,4010.906694,6315.023686,1792.586751,4337.086389,-3.901801,4.596034,3.781966,-1253727.386,-6023997.877,1662905.56,0.954205114495189,0.281109307847813,0.102323782731813
1 Jan 2025 11:56:19.000,73.516,5.833,4014.765022,6311.119301,1797.182048,4340.866577,-3.906964,4.594565,3.778409,-1253403.667,-6024122.052,1662699.744,0.953934156068246,0.28227843203146,0.101629290542756
1 Jan 2025 11:56:20.000,73.448,5.793,4018.62788,6307.209755,1801.775875,4344.643207,-3.912125,4.593094,3.77485,-1253079.961,-6024246.191,1662493.95,0.953666247682895,0.283430528544308,0.100934748820817
1 Jan 2025 11:56:21.000,73.38,5.752,4022.495249,6303.295049,1806.368228,4348.416276,-3.917282,4.591618,3.771287,-1252756.241,-6024370.304,1662288.161,0.953398159840512,0.284582748379765,0.100222792504225
1 Jan 2025 11:56:22.000,73.312,5.712,4026.367121,6299.375188,1810.959104,4352.18578,-3.922436,4.590139,3.767721,-1252432.483,-6024494.401,1662082.361,0.953126528412375,0.285734085983064,0.0995281515150231
1 Jan 2025 11:56:23.000,73.244,5.672,4030.243476,6295.450174,1815.548499,4355.951717,-3.927587,4.588656,3.764152,-1252108.711,-6024618.473,1661876.566,0.952853042553896,0.286885039835673,0.0988334620170088
1 Jan 2025 11:56:24.000,73.176,5.632,4034.124299,6291.520011,1820.136409,4359.714083,-3.932735,4.587169,3.76058,-1251784.925,-6024742.519,1661670.777,0.952577702928004,0.288035606596831,0.0981387243487657
1 Jan 2025 11:56:25.000,73.108,5.591,4038.009571,6287.584702,1824.72283,4363.472876,-3.937879,4.585678,3.757005,-1251461.153,-6024866.529,1661465.009,0.952302137397494,0.289186277058065,0.0974265686014899
1 Jan 2025 11:56:26.000,73.041,5.551,4041.899284,6283.64425,1829.307758,4367.228092,-3.94302,4.584184,3.753427,-1251137.367,-6024990.514,1661259.247,0.952028147238292,0.290319442030726,0.0967317344256468
1 Jan 2025 11:56:27.000,72.974,5.511,4045.793418,6279.698659,1833.891191,4370.979728,-3.948158,4.582686,3.749846,-1250813.542,-6025114.483,1661053.474,0.951752345174345,0.29145221958501,0.0960368531039315
1 Jan 2025 11:56:28.000,72.906,5.47,4049.691954,6275.747932,1838.473123,4374.727781,-3.953293,4.581184,3.746261,-1250489.704,-6025238.426,1660847.706,0.951471215538202,0.292601701884215,0.0953245511750099
1 Jan 2025 11:56:29.000,72.839,5.43,4053.594885,6271.792071,1843.053551,4378.472249,-3.958424,4.579678,3.742674,-1250165.852,-6025362.343,1660641.943,0.951191759752624,0.293733688286675,0.0946295754202304
1 Jan 2025 11:56:30.000,72.772,5.39,4057.502191,6267.83108,1847.632473,4382.213128,-3.963553,4.578169,3.739083,-1249842.013,-6025486.225,1660436.202,0.95091049409405,0.294865277495115,0.0939345535441454
1 Jan 2025 11:56:31.000,72.706,5.35,4061.413856,6263.864963,1852.209882,4385.950415,-3.968677,4.576656,3.73549,-1249518.161,-6025610.081,1660230.467,0.950632585215796,0.295979874649849,0.0932394858855002
1 Jan 2025 11:56:32.000,72.639,5.309,4065.329863,6259.893723,1856.785777,4389.684107,-3.973799,4.575139,3.731893,-1249194.27,-6025733.921,1660024.72,0.95034926308523,0.297111146652343,0.0925269943761827
1 Jan 2025 11:56:33.000,72.572,5.269,4069.250202,6255.917363,1861.360154,4393.414201,-3.978918,4.573618,3.728294,-1248870.366,-6025857.736,1659818.979,0.950062579531158,0.298241528038578,0.0918318350454575
1 Jan 2025 11:56:34.000,72.506,5.229,4073.174856,6251.935886,1865.933008,4397.140693,-3.984033,4.572094,3.724691,-1248546.474,-6025981.515,1659613.259,0.9497793137529,0.299354922566634,0.0911366309570115
1 Jan 2025 11:56:35.000,72.44,5.189,4077.103805,6247.949295,1870.504335,4400.863582,-3.989145,4.570566,3.721086,-1248222.569,-6026105.268,1659407.545,0.94949428072571,0.300467913777424,0.0904413824496788
1 Jan 2025 11:56:36.000,72.374,5.148,4081.037042,6243.957594,1875.074133,4404.582863,-3.994253,4.569034,3.717477,-1247898.625,-6026229.006,1659201.82,0.949208973827706,0.301580972787762,0.0897287069857861
1 Jan 2025 11:56:37.000,72.308,5.108,4084.974547,6239.960786,1879.642398,4408.298534,-3.999358,4.567499,3.713865,-1247574.668,-6026352.717,1658996.1,0.948920396279655,0.302693145987509,0.0890333695680815
1 Jan 2025 11:56:38.000,72.242,5.068,4088.916302,6235.958875,1884.209125,4412.010592,-4.00446,4.56596,3.71025,-1247250.697,-6026476.403,1658790.386,0.948630053586194,0.303804906437494,0.0883379887565942
1 Jan 2025 11:56:39.000,72.177,5.028,4092.8623,6231.951863,1888.77431,4415.719034,-4.009559,4.564417,3.706632,-1246926.74,-6026600.054,1658584.693,0.94834326810617,0.304899699339255,0.0876425648902442
