Time_UTCG_,Azimuth_deg_,Elevation_deg_,Range_km_,x_km_,y_km_,z_km_,vx_km_sec_,vy_km_sec_,vz_km_sec_,eci_x_m,eci_y_m,eci_z_m,obs_vector_x,obs_vector_y,obs_vector_z
1 Jan 2025 13:39:13.000,221.029,5.01,4075.753232,7606.881054,-1887.866875,677.786583,0.654544,4.572584,5.418353,926609.8202,-6283421.827,534454.9273,-0.653932986388322,-0.751495301712929,0.0873296101940437
1 Jan 2025 13:39:14.000,221.026,5.066,4070.29754,7607.532477,-1883.29352,683.204654,0.648309,4.57413,5.417794,926980.3124,-6283380.232,534301.4579,-0.653837298092872,-0.751464789068984,0.0883032185830123
1 Jan 2025 13:39:15.000,221.023,5.123,4064.842347,7608.177666,-1878.718622,688.622164,0.642074,4.575671,5.417231,927350.836,-6283338.606,534147.9875,-0.653739967400356,-0.751432374900762,0.0892941262031327
1 Jan 2025 13:39:16.000,221.021,5.179,4059.387661,7608.816619,-1874.142183,694.039108,0.635839,4.577209,5.416663,927721.3613,-6283296.954,533994.5285,-0.653656143350919,-0.751388989308095,0.0902675634221037
1 Jan 2025 13:39:17.000,221.018,5.235,4053.933487,7609.449336,-1869.564209,699.455482,0.629603,4.578743,5.416091,928091.8584,-6283255.277,533841.0931,-0.65355858518578,-0.751356287833902,0.091240914410263
1 Jan 2025 13:39:18.000,221.015,5.292,4048.479832,7610.075817,-1864.984703,704.871282,0.623366,4.580273,5.415514,928462.3572,-6283213.573,533687.6691,-0.653459351637557,-0.75132164591664,0.0922315571511933
1 Jan 2025 13:39:19.000,221.012,5.349,4043.026703,7610.696062,-1860.403668,710.286503,0.617129,4.5818,5.414933,928832.8874,-6283171.84,533534.2441,-0.653359476817924,-0.751286252049407,0.0932221086103748
1 Jan 2025 13:39:20.000,221.009,5.405,4037.574102,7611.310069,-1855.821109,715.70114,0.610892,4.583323,5.414347,929203.4193,-6283130.078,533380.8304,-0.653260039770276,-0.751251346899783,0.0941951921310159
1 Jan 2025 13:39:21.000,221.007,5.462,4032.122039,7611.917838,-1851.237029,721.11519,0.604654,4.584842,5.413757,929573.9528,-6283088.29,533227.428,-0.653172005283168,-0.751203062249648,0.0951855597300174
1 Jan 2025 13:39:22.000,221.004,5.519,4026.670518,7612.519369,-1846.651431,726.528647,0.598415,4.586357,5.413163,929944.4581,-6283046.478,533074.0493,-0.65307021833292,-0.751165427219302,0.0961758331236882
1 Jan 2025 13:39:23.000,221.001,5.576,4021.219547,7613.114662,-1842.06432,731.941508,0.592176,4.587869,5.412564,930314.965,-6283004.639,532920.682,-0.652967790808765,-0.751127040125809,0.0971660113319527
1 Jan 2025 13:39:24.000,220.998,5.633,4015.769133,7613.703715,-1837.4757,737.353768,0.585937,4.589376,5.41196,930685.5035,-6282962.77,532767.3136,-0.65286472289055,-0.751087900939987,0.0981560933748297
1 Jan 2025 13:39:25.000,220.995,5.69,4010.31928,7614.286529,-1832.885573,742.765422,0.579697,4.59088,5.411353,931056.0435,-6282920.874,532613.9566,-0.652761014758761,-0.751048009633412,0.0991460782724331
1 Jan 2025 13:39:26.000,220.992,5.748,4004.869994,7614.863102,-1828.293945,748.176466,0.573457,4.59238,5.41074,931426.5553,-6282878.953,532460.6233,-0.652655520083422,-0.751006046896292,0.100153330597851
1 Jan 2025 13:39:27.000,220.989,5.805,3999.421284,7615.433435,-1823.700818,753.586895,0.567216,4.593877,5.410124,931797.0688,-6282837.006,532307.3013,-0.652550520806612,-0.750964638166141,0.10114311651821
1 Jan 2025 13:39:28.000,220.987,5.862,3993.973154,7615.997527,-1819.106197,758.996705,0.560975,4.59537,5.409502,932167.6138,-6282795.028,532153.9783,-0.652457987834284,-0.750911089808922,0.102132802337034
1 Jan 2025 13:39:29.000,220.984,5.92,3988.525612,7616.555377,-1814.510085,764.405892,0.554733,4.596859,5.408877,932538.1603,-6282753.024,532000.6667,-0.652350528148392,-0.750866819716318,0.103139747302467
1 Jan 2025 13:39:30.000,220.981,5.977,3983.078667,7617.106986,-1809.912485,769.814452,0.548491,4.598344,5.408247,932908.7085,-6282710.992,531847.3664,-0.652243598407345,-0.750823143073759,0.104129228180562
1 Jan 2025 13:39:31.000,220.978,6.035,3977.632319,7617.652352,-1805.313403,775.222379,0.542248,4.599825,5.407612,933279.2285,-6282668.936,531694.0898,-0.652134826324294,-0.750777328951143,0.105135962581649
1 Jan 2025 13:39:32.000,220.975,6.093,3972.186579,7618.191475,-1800.712841,780.629669,0.536005,4.601303,5.406973,933649.7501,-6282626.854,531540.8245,-0.652025392603504,-0.750730736115357,0.106142589246455
1 Jan 2025 13:39:33.000,220.972,6.151,3966.741452,7618.724355,-1796.110803,786.036318,0.529762,4.602777,5.40633,934020.3032,-6282584.741,531387.5583,-0.651915297438362,-0.750683364544741,0.107149107143456
1 Jan 2025 13:39:34.000,220.969,6.209,3961.296946,7619.250991,-1791.507294,791.442322,0.523518,4.604247,5.405682,934390.8578,-6282542.6,531234.3034,-0.651804541022936,-0.750635214218452,0.108155515241241
1 Jan 2025 13:39:35.000,220.966,6.267,3955.853069,7619.771383,-1786.902316,796.847676,0.517273,4.605713,5.40503,934761.4141,-6282500.433,531081.0598,-0.651693123551969,-0.750586285116465,0.109161812508509
1 Jan 2025 13:39:36.000,220.963,6.325,3950.409822,7620.28553,-1782.295874,802.252375,0.511029,4.607175,5.404373,935131.9421,-6282458.242,530927.8399,-0.651581045220883,-0.750536577219569,0.110167997914076
1 Jan 2025 13:39:37.000,220.96,6.383,3944.967216,7620.793433,-1777.687971,807.656415,0.504783,4.608634,5.403712,935502.4718,-6282416.024,530774.6314,-0.651468306225778,-0.75048609050937,0.111174070426869
1 Jan 2025 13:39:38.000,220.957,6.442,3939.525257,7621.29509,-1773.078611,813.059792,0.498538,4.610089,5.403047,935873.0329,-6282373.776,530621.4219,-0.651353623268452,-0.750433346236315,0.112197372124425
1 Jan 2025 13:39:39.000,220.954,6.5,3934.083951,7621.790502,-1768.467798,818.462501,0.492292,4.61154,5.402377,936243.5956,-6282331.5,530468.2238,-0.651239552107093,-0.750381288522023,0.113203213767907
1 Jan 2025 13:39:40.000,220.951,6.559,3928.643308,7622.279667,-1763.855536,823.864538,0.486046,4.612988,5.401702,936614.1301,-6282289.201,530315.0493,-0.651123514327745,-0.750326946333121,0.114226278482233
1 Jan 2025 13:39:41.000,220.948,6.617,3923.20333,7622.762586,-1759.241829,829.265899,0.479799,4.614431,5.401023,936984.6662,-6282246.875,530161.8861,-0.651008111803582,-0.750273317552318,0.115231885062138
1 Jan 2025 13:39:42.000,220.945,6.676,3917.764026,7623.239258,-1754.62668,834.666578,0.473552,4.615871,5.40034,937355.2337,-6282204.518,530008.7221,-0.65089072001948,-0.750217377389907,0.11625470852715
1 Jan 2025 13:39:43.000,220.942,6.735,3912.325402,7623.709683,-1750.010093,840.066572,0.467304,4.617307,5.399652,937725.8028,-6282162.134,529855.5693,-0.650772645733022,-0.750160631444925,0.117277408718791
1 Jan 2025 13:39:44.000,220.939,6.794,3906.887467,7624.17386,-1745.392071,845.465876,0.461056,4.618739,5.39896,938096.3735,-6282119.723,529702.4279,-0.650653889153468,-0.750103079705927,0.118299984552617
1 Jan 2025 13:39:45.000,220.936,6.853,3901.450226,7624.631789,-1740.77262,850.864485,0.454808,4.620168,5.398264,938466.916,-6282077.289,529549.3102,-0.650534450490804,-0.750044722162343,0.119322434944317
1 Jan 2025 13:39:46.000,220.933,6.912,3896.013689,7625.08347,-1736.151741,856.262396,0.44856,4.621592,5.397563,938837.46,-6282034.827,529396.2039,-0.650414329955735,-0.749985558804477,0.120344758809711
1 Jan 2025 13:39:47.000,220.93,6.971,3890.577858,7625.528901,-1731.52944,861.659603,0.442311,4.623013,5.396857,939208.0355,-6281992.335,529243.0966,-0.650293527759691,-0.749925589623508,0.121366955064755
1 Jan 2025 13:39:48.000,220.927,7.03,3885.142743,7625.968084,-1726.90572,867.056103,0.436061,4.62443,5.396147,939578.6126,-6281949.816,529090.0006,-0.650172044114819,-0.749864814611489,0.12238902262554
1 Jan 2025 13:39:49.000,220.924,7.09,3879.70835,7626.401017,-1722.280585,872.451891,0.429812,4.625844,5.395433,939949.1614,-6281907.273,528936.9283,-0.650048468188847,-0.749801606184376,0.123428280262926
1 Jan 2025 13:39:50.000,220.92,7.149,3874.274687,7626.827701,-1717.654039,877.846962,0.423562,4.627253,5.394714,940319.7416,-6281864.7,528783.8551,-0.649912525172712,-0.749750549168125,0.124450084956677
1 Jan 2025 13:39:51.000,220.917,7.209,3868.841764,7627.248134,-1713.026084,883.241312,0.417311,4.628659,5.393991,940690.2936,-6281822.103,528630.8055,-0.649787553567441,-0.749685685990362,0.125489073030285
1 Jan 2025 13:39:52.000,220.914,7.268,3863.409582,7627.662317,-1708.396726,888.634937,0.411061,4.630061,5.393264,941060.877,-6281779.475,528477.755,-0.649663324199855,-0.749621658327286,0.126510610449258
1 Jan 2025 13:39:53.000,220.911,7.328,3857.978151,7628.070249,-1703.765968,894.027832,0.40481,4.631459,5.392532,941431.462,-6281736.821,528324.7159,-0.649536956695908,-0.74955514254231,0.12754932447722
1 Jan 2025 13:39:54.000,220.908,7.388,3852.547479,7628.471929,-1699.133814,899.419993,0.398559,4.632853,5.391795,941802.0187,-6281694.142,528171.7004,-0.649409885684932,-0.749487793563154,0.12858789863171
1 Jan 2025 13:39:55.000,220.905,7.448,3847.117573,7628.867359,-1694.500268,904.811415,0.392307,4.634244,5.391054,942172.577,-6281651.437,528018.6963,-0.649282111393179,-0.74941961138983,0.129626331773802
1 Jan 2025 13:39:56.000,220.901,7.508,3841.688442,7629.256536,-1689.865332,910.202094,0.386055,4.635631,5.390309,942543.1667,-6281608.701,527865.6913,-0.649140555313648,-0.749361925777418,0.130664622764728
1 Jan 2025 13:39:57.000,220.898,7.568,3836.260088,7629.639462,-1685.229012,915.592026,0.379803,4.637014,5.389559,942913.758,-6281565.939,527712.6976,-0.649011376361282,-0.749292074964928,0.131702770465874
1 Jan 2025 13:39:58.000,220.895,7.628,3830.832523,7630.016135,-1680.591311,920.981206,0.37355,4.638393,5.388805,943284.3508,-6281523.149,527559.7153,-0.648881494826053,-0.749221390951657,0.132740773738784
1 Jan 2025 13:39:59.000,220.892,7.689,3825.405752,7630.386556,-1675.952233,926.369629,0.367297,4.639768,5.388046,943654.9154,-6281480.335,527406.7566,-0.648749382345257,-0.7491481085885,0.133795927833845
1 Jan 2025 13:40:00.000,220.889,7.749,3819.979784,7630.750723,-1671.311781,931.757291,0.361044,4.641139,5.387283,944025.4815,-6281437.495,527253.8093,-0.648618084569799,-0.74907574441396,0.13483363638083
1 Jan 2025 13:40:01.000,220.885,7.81,3814.554626,7631.108637,-1666.66996,937.144189,0.354791,4.642507,5.386516,944396.079,-6281394.623,527100.8611,-0.64847145996391,-0.749012072205457,0.135888488485093
1 Jan 2025 13:40:02.000,220.882,7.871,3809.130288,7631.460298,-1662.026772,942.530316,0.348537,4.643871,5.385744,944766.6781,-6281351.725,526947.9243,-0.648337183940725,-0.74893621862878,0.136943186562293
1 Jan 2025 13:40:03.000,220.879,7.931,3803.706772,7631.805705,-1657.382223,947.91567,0.342283,4.645231,5.384968,945137.2489,-6281308.803,526795.0111,-0.648203758992181,-0.748861325048851,0.137980443087
1 Jan 2025 13:40:04.000,220.876,7.992,3798.284089,7632.144858,-1652.736316,953.300245,0.336029,4.646587,5.384187,945507.8213,-6281265.855,526642.1093,-0.648068044935159,-0.748783763577638,0.139034832097674
1 Jan 2025 13:40:05.000,220.872,8.053,3792.862246,7632.477756,-1648.089054,958.684037,0.329775,4.64794,5.383402,945878.4251,-6281222.875,526489.2066,-0.647918538777113,-0.748716649602792,0.140089063514963
1 Jan 2025 13:40:06.000,220.869,8.114,3787.441251,7632.8044,-1643.440442,964.067042,0.32352,4.649289,5.382613,946249.0304,-6281179.869,526336.3153,-0.647781377090284,-0.74863736389154,0.141143136143918
1 Jan 2025 13:40:07.000,220.866,8.175,3782.021113,7633.124789,-1638.790483,969.449255,0.317265,4.650633,5.381819,946619.6372,-6281136.835,526183.4353,-0.647643491279157,-0.748557217264804,0.142197048789764
1 Jan 2025 13:40:08.000,220.862,8.237,3776.601837,7633.438923,-1634.139181,974.830672,0.31101,4.651975,5.38102,946990.2158,-6281093.778,526030.579,-0.647490182290285,-0.748485619732801,0.143268073522671
1 Jan 2025 13:40:09.000,220.859,8.298,3771.183431,7633.746801,-1629.48654,980.211288,0.304754,4.653312,5.380217,947360.7959,-6281050.694,525877.7341,-0.647350838467684,-0.748403734895377,0.144321659946928
1 Jan 2025 13:40:10.000,220.856,8.36,3765.765904,7634.048424,-1624.832563,985.5911,0.298498,4.654645,5.37941,947731.4074,-6281007.579,525724.8882,-0.647209111397731,-0.748319069981767,0.145392350642603
1 Jan 2025 13:40:11.000,220.852,8.421,3760.349264,7634.343791,-1620.177255,990.970102,0.292242,4.655975,5.378599,948102.0204,-6280964.437,525572.0538,-0.647055249898272,-0.748246742769641,0.146445605989759
1 Jan 2025 13:40:12.000,220.849,8.483,3754.93352,7634.632902,-1615.52062,996.34829,0.285986,4.6573,5.377783,948472.6052,-6280921.272,525419.243,-0.646912042390047,-0.748160311451028,0.147515957713865
1 Jan 2025 13:40:13.000,220.845,8.545,3749.518677,7634.915757,-1610.86266,1001.72566,0.27973,4.658622,5.376962,948843.2213,-6280878.076,525266.4313,-0.646755031816568,-0.748084279208733,0.148586136704272
1 Jan 2025 13:40:14.000,220.842,8.607,3744.104743,7635.192355,-1606.203381,1007.102207,0.273473,4.659941,5.376137,949213.8091,-6280834.856,525113.6432,-0.646610332849163,-0.747996067303708,0.149656141707853
1 Jan 2025 13:40:15.000,220.839,8.669,3738.691728,7635.462696,-1601.542785,1012.477927,0.267216,4.661255,5.375308,949584.4283,-6280791.606,524960.8543,-0.64646488779067,-0.747906966392019,0.150725971471689
1 Jan 2025 13:40:16.000,220.835,8.731,3733.279639,7635.726781,-1596.880877,1017.852816,0.260959,4.662565,5.374474,949955.049,-6280748.329,524808.0767,-0.646305644937213,-0.747828256775014,0.151795624743061
1 Jan 2025 13:40:17.000,220.832,8.793,3727.868488,7635.984608,-1592.21766,1023.226869,0.254702,4.663872,5.373636,950325.6414,-6280705.028,524655.3228,-0.646158710072587,-0.747737375364464,0.15286510026946
1 Jan 2025 13:40:18.000,220.828,8.856,3722.458276,7636.236178,-1587.553139,1028.600081,0.248444,4.665175,5.372794,950696.2354,-6280661.701,524502.5803,-0.64599622433575,-0.747654846875342,0.153951642043093
1 Jan 2025 13:40:19.000,220.825,8.918,3717.049014,7636.48149,-1582.887316,1033.972449,0.242187,4.666474,5.371947,951066.8607,-6280618.342,524349.8369,-0.645847788693801,-0.747562170814497,0.155020755405345
1 Jan 2025 13:40:20.000,220.821,8.981,3711.640711,7636.720545,-1578.220197,1039.343968,0.235929,4.667769,5.371095,951437.4875,-6280574.957,524197.1049,-0.645683781478388,-0.7474778135885,0.156106926587916
1 Jan 2025 13:40:21.000,220.818,9.043,3706.233376,7636.953341,-1573.551784,1044.714633,0.229671,4.66906,5.37024,951808.1159,-6280531.544,524044.3842,-0.64553384620191,-0.747383342950511,0.157175672697421
1 Jan 2025 13:40:22.000,220.814,9.106,3700.827018,7637.17988,-1568.882082,1050.08444,0.223413,4.670348,5.369379,952178.716,-6280488.108,523891.6872,-0.645368318732931,-0.747297157016273,0.158261468119141
1 Jan 2025 13:40:23.000,220.811,9.169,3695.421641,7637.40016,-1564.211094,1055.453385,0.217154,4.671632,5.368515,952549.3175,-6280444.645,523739.0016,-0.645215067417589,-0.747198787043356,0.159347072198564
1 Jan 2025 13:40:24.000,220.807,9.232,3690.017256,7637.614182,-1559.538824,1060.821463,0.210896,4.672912,5.367646,952919.9504,-6280401.152,523586.3152,-0.645048008694036,-0.747110757972578,0.160432483623168
1 Jan 2025 13:40:25.000,220.804,9.295,3684.613871,7637.821945,-1554.865277,1066.18867,0.204637,4.674188,5.366773,953290.5848,-6280357.631,523433.6401,-0.644893223481776,-0.747010550491023,0.161517701080662
1 Jan 2025 13:40:26.000,220.8,9.359,3679.211495,7638.02345,-1550.190455,1071.555001,0.198378,4.67546,5.365895,953661.191,-6280314.087,523280.9886,-0.644722780284337,-0.746918529904036,0.162619944251704
1 Jan 2025 13:40:27.000,220.797,9.422,3673.810136,7638.218695,-1545.514363,1076.920452,0.192119,4.676728,5.365013,954031.8284,-6280270.512,523128.3363,-0.644566450111923,-0.746816470591806,0.163704766707974
1 Jan 2025 13:40:28.000,220.793,9.486,3668.409805,7638.407682,-1540.837004,1082.285019,0.18586,4.677993,5.364126,954402.4375,-6280226.913,522975.7077,-0.644394441290686,-0.74672256339637,0.164806605900425
1 Jan 2025 13:40:29.000,220.789,9.549,3663.010506,7638.590409,-1536.158383,1087.648698,0.179601,4.679253,5.363235,954773.078,-6280183.284,522823.0782,-0.64422353632447,-0.746629896311565,0.165891028025554
1 Jan 2025 13:40:30.000,220.786,9.613,3657.612249,7638.766877,-1531.478503,1093.011483,0.173341,4.68051,5.36234,955143.7199,-6280139.628,522670.46,-0.644062994234817,-0.746522858649721,0.166992457825887
1 Jan 2025 13:40:31.000,220.782,9.677,3652.215044,7638.937085,-1526.797368,1098.37337,0.167082,4.681763,5.36144,955514.3336,-6280095.949,522517.8656,-0.643888634068523,-0.746426112825413,0.16809367926759
1 Jan 2025 13:40:32.000,220.779,9.741,3646.8189,7639.101034,-1522.114982,1103.734355,0.160822,4.683013,5.360536,955884.9487,-6280052.242,522365.2825,-0.643726513017189,-0.746317179880006,0.169194690976654
1 Jan 2025 13:40:33.000,220.775,9.805,3641.423826,7639.258723,-1517.431349,1109.094434,0.154562,4.684258,5.359627,956255.5952,-6280008.505,522212.6986,-0.643550578129495,-0.746218532962661,0.170295491579332
1 Jan 2025 13:40:34.000,220.771,9.869,3636.029828,7639.410152,-1512.746473,1114.453603,0.148303,4.685499,5.358714,956626.2432,-6279964.741,522060.126,-0.643373857252253,-0.746118933995844,0.171396079702142
1 Jan 2025 13:40:35.000,220.767,9.933,3630.636916,7639.555321,-1508.060356,1119.811856,0.142042,4.686737,5.357797,956996.8926,-6279920.949,521907.5648,-0.643196350738027,-0.746018382993621,0.172496453971866
1 Jan 2025 13:40:36.000,220.764,9.998,3625.2451,7639.69423,-1503.373004,1125.169189,0.135782,4.687971,5.356875,957367.5138,-6279877.134,521755.0274,-0.643029099136505,-0.745903362150132,0.173613801285566
1 Jan 2025 13:40:37.000,220.76,10.062,3619.854388,7639.826879,-1498.68442,1130.525599,0.129522,4.689201,5.355949,957738.1364,-6279833.292,521602.5013,-0.642850008248028,-0.745800895570369,0.174713740335288
1 Jan 2025 13:40:38.000,220.756,10.127,3614.464791,7639.953268,-1493.994608,1135.88108,0.123262,4.690427,5.355018,958108.7903,-6279789.42,521449.9743,-0.642668129423896,-0.745695152509656,0.175830642796961
1 Jan 2025 13:40:39.000,220.753,10.192,3609.076314,7640.073396,-1489.303572,1141.235628,0.117001,4.691649,5.354083,958479.4457,-6279745.52,521297.4587,-0.642498454320843,-0.745577214315925,0.176947318963109
1 Jan 2025 13:40:40.000,220.749,10.257,3603.688968,7640.187264,-1484.611316,1146.589239,0.110741,4.692868,5.353144,958850.0728,-6279701.597,521144.9669,-0.6423149556802,-0.745469511415515,0.17806376739656
1 Jan 2025 13:40:41.000,220.745,10.322,3598.302762,7640.294872,-1479.917843,1151.941909,0.10448,4.694082,5.3522,959220.7013,-6279657.647,520992.4864,-0.642130648612019,-0.745360827045179,0.179179986660437
1 Jan 2025 13:40:42.000,220.741,10.387,3592.917709,7640.396218,-1475.223157,1157.293632,0.09822,4.695293,5.351252,959591.3612,-6279613.666,520840.005,-0.641945533489644,-0.745251161231415,0.180295975318154
1 Jan 2025 13:40:43.000,220.737,10.452,3587.533811,7640.491304,-1470.527262,1162.644405,0.091959,4.6965,5.350299,959962.0226,-6279569.658,520687.5351,-0.64175961068745,-0.745140514002029,0.181411731933426
1 Jan 2025 13:40:44.000,220.734,10.517,3582.151081,7640.58013,-1465.830163,1167.994224,0.085698,4.697703,5.349342,960332.6854,-6279525.623,520535.0765,-0.641585883690201,-0.745017687713506,0.182527255070264
1 Jan 2025 13:40:45.000,220.73,10.583,3576.769529,7640.662694,-1461.131862,1173.343083,0.079437,4.698902,5.348381,960703.3199,-6279481.565,520382.6417,-0.641396253236214,-0.744902652048761,0.183659699730965
1 Jan 2025 13:40:46.000,220.726,10.648,3571.389162,7640.738998,-1456.432364,1178.690979,0.073176,4.700098,5.347415,961073.9558,-6279437.479,520230.2182,-0.641207895140826,-0.744789049145169,0.184774747956819
1 Jan 2025 13:40:47.000,220.722,10.714,3566.009994,7640.80904,-1451.731673,1184.037907,0.066915,4.701289,5.346445,961444.6231,-6279393.363,520077.7939,-0.641016614160983,-0.744672005985314,0.185906707440581
1 Jan 2025 13:40:48.000,220.718,10.78,3560.632029,7640.872822,-1447.029792,1189.383862,0.060655,4.702477,5.345471,961815.2918,-6279349.22,519925.381,-0.640824502144789,-0.744553951573803,0.187038420242254
1 Jan 2025 13:40:49.000,220.714,10.846,3555.255278,7640.930343,-1442.326725,1194.728841,0.054393,4.703661,5.344492,962185.9322,-6279305.054,519772.9917,-0.64063155948742,-0.744434885950701,0.188169884860153
1 Jan 2025 13:40:50.000,220.71,10.912,3549.879751,7640.981603,-1437.622477,1200.072839,0.048132,4.704841,5.343508,962556.6038,-6279260.856,519620.6016,-0.64043778658514,-0.744314809157467,0.189301099792923
1 Jan 2025 13:40:51.000,220.706,10.978,3544.505458,7641.026601,-1432.91705,1205.415851,0.041871,4.706017,5.342521,962927.2471,-6279216.636,519468.2352,-0.640243183835308,-0.744193721236951,0.190432063539539
1 Jan 2025 13:40:52.000,220.702,11.045,3539.132411,7641.065339,-1428.210449,1210.757874,0.03561,4.707189,5.341529,963297.9216,-6279172.384,519315.8679,-0.640045571223865,-0.744069087448966,0.191579904634016
1 Jan 2025 13:40:53.000,220.698,11.111,3533.760615,7641.097815,-1423.502679,1216.098902,0.029349,4.708357,5.340532,963668.5977,-6279128.106,519163.512,-0.639849297286853,-0.743945962297227,0.19271035764373
1 Jan 2025 13:40:54.000,220.694,11.178,3528.390081,7641.12403,-1418.793741,1221.438932,0.023088,4.709522,5.339531,964039.2454,-6279083.804,519011.1798,-0.639649988726531,-0.743819260925746,0.193857677170718
1 Jan 2025 13:40:55.000,220.69,11.245,3523.02082,7641.143985,-1414.083641,1226.777958,0.016827,4.710682,5.338526,964409.8945,-6279039.475,518858.859,-0.639449826372387,-0.743691518172348,0.195004731611397
1 Jan 2025 13:40:56.000,220.686,11.312,3517.652841,7641.157678,-1409.372383,1232.115977,0.010566,4.711839,5.337517,964780.5749,-6278995.115,518706.5374,-0.639248810642553,-0.743562734091905,0.196151519397256
1 Jan 2025 13:40:57.000,220.682,11.379,3512.286156,7641.165109,-1404.659969,1237.452985,0.004305,4.712992,5.336503,965151.2567,-6278950.729,518554.2272,-0.639046941956316,-0.74343290874077,0.197298038960144
1 Jan 2025 13:40:58.000,220.678,11.446,3506.920771,7641.16628,-1399.946405,1242.788976,-0.001957,4.714141,5.335484,965521.94,-6278906.315,518401.9284,-0.638844220734119,-0.743302042176769,0.19844428873228
1 Jan 2025 13:40:59.000,220.674,11.513,3501.556699,7641.16119,-1395.231693,1248.123947,-0.008218,4.715286,5.334462,965892.5949,-6278861.878,518249.6533,-0.638640647397556,-0.743170134459209,0.199590267146249
1 Jan 2025 13:41:00.000,220.67,11.58,3496.193948,7641.149838,-1390.515839,1253.457893,-0.014479,4.716427,5.333434,966263.2513,-6278817.413,518097.3896,-0.638436222369376,-0.743037185648873,0.20073597263501
1 Jan 2025 13:41:01.000,220.666,11.648,3490.832529,7641.132226,-1385.798844,1258.790809,-0.02074,4.717565,5.332403,966633.939,-6278772.919,517945.125,-0.638228649896254,-0.74290052304919,0.201898497529933
1 Jan 2025 13:41:02.000,220.662,11.716,3485.472456,7641.108352,-1381.080715,1264.122692,-0.027001,4.718699,5.331367,967004.628,-6278728.397,517792.8719,-0.638020200712842,-0.742762788613407,0.203060738040569
1 Jan 2025 13:41:03.000,220.658,11.783,3480.113732,7641.078218,-1376.361454,1269.453537,-0.033262,4.719828,5.330327,967375.2887,-6278683.851,517640.6424,-0.637813197495172,-0.742626686264937,0.204205607043842
1 Jan 2025 13:41:04.000,220.654,11.851,3474.756371,7641.041822,-1371.641064,1274.783339,-0.039523,4.720954,5.329282,967745.9807,-6278639.275,517488.4122,-0.637603009239284,-0.74248682391524,0.205367278117203
1 Jan 2025 13:41:05.000,220.649,11.919,3469.400383,7640.999165,-1366.919552,1280.112095,-0.045784,4.722076,5.328233,968116.6442,-6278594.676,517336.2056,-0.637378989121008,-0.742357014420015,0.206528659920323
1 Jan 2025 13:41:06.000,220.645,11.988,3464.04578,7640.950248,-1362.196919,1285.439799,-0.052045,4.723194,5.32718,968487.3391,-6278550.045,517183.9981,-0.637164691788965,-0.742212254686635,0.207706823504804
1 Jan 2025 13:41:07.000,220.641,12.056,3458.692569,7640.89507,-1357.473169,1290.766448,-0.058305,4.724308,5.326122,968858.0353,-6278505.388,517031.8021,-0.636951868209654,-0.742069158451488,0.208867617545975
1 Jan 2025 13:41:08.000,220.637,12.124,3453.340763,7640.83363,-1352.748308,1296.092037,-0.064566,4.725419,5.32506,969228.7032,-6278460.708,516879.6298,-0.636738170610516,-0.741924990814203,0.210028117386501
1 Jan 2025 13:41:09.000,220.633,12.193,3447.990371,7640.765931,-1348.022338,1301.416562,-0.070827,4.726525,5.323994,969599.3725,-6278416,516727.4688,-0.636521199023443,-0.741776954502116,0.211205380999926
1 Jan 2025 13:41:10.000,220.628,12.262,3442.641404,7640.69197,-1343.295264,1306.740018,-0.077088,4.727628,5.322923,969970.073,-6278371.261,516575.3071,-0.63629038420521,-0.741638921136013,0.212382338305701
1 Jan 2025 13:41:11.000,220.624,12.331,3437.293875,7640.611749,-1338.567089,1312.062401,-0.083348,4.728726,5.321848,970340.775,-6278326.496,516423.1568,-0.636071617135146,-0.741488676037379,0.213558987596905
1 Jan 2025 13:41:12.000,220.62,12.4,3431.947791,7640.525268,-1333.837817,1317.383707,-0.089609,4.729821,5.320768,970711.4784,-6278281.704,516271.0179,-0.635851951736266,-0.741337328575619,0.214735327167063
1 Jan 2025 13:41:13.000,220.615,12.469,3426.603164,7640.432526,-1329.107452,1322.703931,-0.095869,4.730912,5.319684,971082.1534,-6278236.888,516118.9027,-0.635618452266675,-0.741195972591764,0.215911355310149
1 Jan 2025 13:41:14.000,220.611,12.538,3421.260005,7640.333523,-1324.375998,1328.023069,-0.102129,4.731999,5.318596,971452.8298,-6278192.045,515966.7989,-0.635396994305725,-0.741042416820302,0.21708707032059
1 Jan 2025 13:41:15.000,220.607,12.607,3415.918326,7640.228261,-1319.643459,1333.341116,-0.108389,4.733083,5.317503,971823.5374,-6278147.171,515814.6943,-0.635174639453303,-0.740887758955122,0.218262470493264
1 Jan 2025 13:41:16.000,220.602,12.677,3410.578138,7640.116738,-1314.909839,1338.658068,-0.11465,4.734162,5.316406,972194.2465,-6278102.27,515662.6011,-0.634935967272235,-0.740740173009129,0.219454581985607
1 Jan 2025 13:41:17.000,220.598,12.747,3405.239449,7639.998955,-1310.175142,1343.973922,-0.12091,4.735237,5.315305,972564.9271,-6278057.346,515510.5316,-0.634709303725776,-0.740580367666237,0.220646365914516
1 Jan 2025 13:41:18.000,220.594,12.817,3399.902272,7639.874912,-1305.439371,1349.288671,-0.127169,4.736309,5.314199,972935.6091,-6278012.395,515358.4736,-0.634481718281896,-0.740419428811381,0.221837820501106
1 Jan 2025 13:41:19.000,220.589,12.887,3394.566618,7639.74461,-1300.70253,1354.602313,-0.133429,4.737377,5.313089,973306.3224,-6277967.413,515206.4147,-0.634240291412662,-0.740268426249394,0.223028943966982
1 Jan 2025 13:41:20.000,220.585,12.957,3389.2325,7639.608048,-1295.964623,1359.914842,-0.139689,4.73844,5.311974,973677.0372,-6277922.404,515054.3672,-0.634010866514359,-0.740105216700373,0.224219734534241
1 Jan 2025 13:41:21.000,220.58,13.027,3383.899926,7639.465226,-1291.225655,1365.226255,-0.145948,4.7395,5.310855,974047.7533,-6277877.368,514902.3312,-0.633767606731981,-0.739951935404973,0.225410190425481
1 Jan 2025 13:41:22.000,220.576,13.097,3378.568908,7639.316145,-1286.485629,1370.536547,-0.152208,4.740556,5.309732,974418.4409,-6277832.309,514750.3189,-0.633536344456674,-0.739786455554646,0.226600309863797
1 Jan 2025 13:41:23.000,220.571,13.168,3373.239458,7639.160804,-1281.744548,1375.845713,-0.158467,4.741609,5.308605,974789.13,-6277787.222,514598.318,-0.633288668080448,-0.73962787581479,0.227807085488124
1 Jan 2025 13:41:24.000,220.567,13.239,3367.911587,7638.999205,-1277.002418,1381.15375,-0.164726,4.742657,5.307473,975159.8503,-6277742.105,514446.3163,-0.633052957900794,-0.739457073897013,0.229013511297309
1 Jan 2025 13:41:25.000,220.562,13.31,3362.58531,7638.831346,-1272.259241,1386.460652,-0.170985,4.743701,5.306336,975530.572,-6277696.961,514294.326,-0.632803399579652,-0.739296151728674,0.230219585438792
1 Jan 2025 13:41:26.000,220.558,13.381,3357.260633,7638.657228,-1267.515022,1391.766416,-0.177244,4.744742,5.305196,975901.2653,-6277651.794,514142.3594,-0.632565802774883,-0.739123016063325,0.231425306060556
1 Jan 2025 13:41:27.000,220.553,13.452,3351.937569,7638.476852,-1262.769764,1397.071038,-0.183502,4.745778,5.304051,976271.9898,-6277606.595,513990.3921,-0.632314364771362,-0.738959751860089,0.232630671311123
1 Jan 2025 13:41:28.000,220.548,13.523,3346.616131,7638.290217,-1258.023471,1402.374512,-0.189761,4.746811,5.302902,976642.6858,-6277561.374,513838.4484,-0.632061989213636,-0.738795314589302,0.233835679339565
1 Jan 2025 13:41:29.000,220.544,13.595,3341.296334,7638.097324,-1253.276148,1407.676834,-0.196019,4.74784,5.301748,977013.4131,-6277516.121,513686.5038,-0.631818901441465,-0.738615559660511,0.235057292609038
1 Jan 2025 13:41:30.000,220.539,13.666,3335.978182,7637.898173,-1248.527798,1412.978001,-0.202277,4.748865,5.30059,977384.1417,-6277470.842,513534.5708,-0.631564636247517,-0.738448764750851,0.236261575546012
1 Jan 2025 13:41:31.000,220.534,13.738,3330.661692,7637.692763,-1243.778425,1418.278008,-0.208535,4.749886,5.299427,977754.8419,-6277425.539,513382.6614,-0.631306741622274,-0.73827764700234,0.237482449707249
1 Jan 2025 13:41:32.000,220.53,13.81,3325.346874,7637.481096,-1239.028033,1423.57685,-0.214793,4.750903,5.298261,978125.5435,-6277380.209,513230.7635,-0.631060767128067,-0.738094309964139,0.238702948851282
1 Jan 2025 13:41:33.000,220.525,13.882,3320.033742,7637.263171,-1234.276625,1428.874523,-0.221051,4.751916,5.29709,978496.2763,-6277334.849,513078.8647,-0.630800945809422,-0.737920786225393,0.239923071050777
1 Jan 2025 13:41:34.000,220.52,13.954,3314.722308,7637.038988,-1229.524207,1434.171023,-0.227308,4.752925,5.295914,978867.0105,-6277289.461,512926.9774,-0.630540163564573,-0.737746057397354,0.241142814378994
1 Jan 2025 13:41:35.000,220.515,14.026,3309.412581,7636.808548,-1224.770781,1439.466345,-0.233565,4.753931,5.294734,979237.746,-6277244.046,512775.1016,-0.63027842101366,-0.737570123586954,0.242362176909792
1 Jan 2025 13:41:36.000,220.511,14.099,3304.104576,7636.571852,-1220.016351,1444.760485,-0.239822,4.754932,5.29355,979608.4531,-6277198.608,512623.2494,-0.630025826907226,-0.737378756651309,0.243598084288929
1 Jan 2025 13:41:37.000,220.506,14.172,3298.798304,7636.328898,-1215.260922,1450.053439,-0.246079,4.75593,5.292362,979979.1616,-6277153.143,512471.4087,-0.629759373530766,-0.737197152466927,0.244833596233832
1 Jan 2025 13:41:38.000,220.501,14.244,3293.49378,7636.079687,-1210.504497,1455.345203,-0.252336,4.756924,5.291169,980349.9013,-6277107.648,512319.5672,-0.629494723613556,-0.737017576170698,0.246051794055973
1 Jan 2025 13:41:39.000,220.496,14.317,3288.191011,7635.82422,-1205.747081,1460.635771,-0.258592,4.757914,5.289972,980720.6423,-6277062.125,512167.7372,-0.629226313209862,-0.736833513393981,0.247286514601599
1 Jan 2025 13:41:40.000,220.491,14.39,3282.890014,7635.562497,-1200.988676,1465.92514,-0.264848,4.7589,5.28877,981091.3549,-6277016.579,512015.9308,-0.628956918404142,-0.736648213189938,0.248520833725539
1 Jan 2025 13:41:41.000,220.486,14.464,3277.590799,7635.294518,-1196.229288,1471.213306,-0.271104,4.759882,5.287565,981462.0986,-6276971.002,511864.1237,-0.62868370959009,-0.736458360240324,0.249771649568516
1 Jan 2025 13:41:42.000,220.482,14.537,3272.293382,7635.020283,-1191.468919,1476.500263,-0.27736,4.76086,5.286354,981832.814,-6276925.401,511712.3402,-0.628425184498393,-0.736259600967999,0.251005154270989
1 Jan 2025 13:41:43.000,220.477,14.611,3266.997772,7634.739793,-1186.707574,1481.786008,-0.283615,4.761834,5.28514,982203.5605,-6276879.77,511560.5559,-0.628149965547581,-0.736067228528933,0.25225514041999
1 Jan 2025 13:41:44.000,220.472,14.684,3261.703982,7634.453047,-1181.945257,1487.070537,-0.28987,4.762804,5.283921,982574.3083,-6276834.112,511408.7831,-0.627876608996619,-0.735876951451671,0.253487822581484
1 Jan 2025 13:41:45.000,220.467,14.758,3256.412027,7634.160047,-1177.181972,1492.353844,-0.296125,4.763771,5.282698,982945.0277,-6276788.431,511257.034,-0.627599385906837,-0.735682055315111,0.254736970808508
1 Jan 2025 13:41:46.000,220.462,14.832,3251.121918,7633.860791,-1172.417722,1497.635926,-0.30238,4.764733,5.28147,983315.7485,-6276742.722,511105.2963,-0.627321154834148,-0.735485889128543,0.255985694112673
1 Jan 2025 13:41:47.000,220.457,14.907,3245.833671,7633.555281,-1167.652511,1502.916779,-0.308634,4.765692,5.280238,983686.5004,-6276696.983,510953.5579,-0.627039003180602,-0.735285036839077,0.257250856346165
1 Jan 2025 13:41:48.000,220.452,14.981,3240.547295,7633.243517,-1162.886344,1508.196397,-0.314888,4.766647,5.279002,984057.2537,-6276651.217,510801.831,-0.626758744362147,-0.735086314177099,0.258498717743652
1 Jan 2025 13:41:49.000,220.446,15.056,3235.262804,7632.925499,-1158.119224,1513.474777,-0.321142,4.767598,5.277762,984428.0083,-6276605.424,510650.1155,-0.626461712273597,-0.734893805778384,0.259763002145794
1 Jan 2025 13:41:50.000,220.441,15.13,3229.980213,7632.601227,-1153.351155,1518.751915,-0.327396,4.768544,5.276517,984798.7344,-6276559.607,510498.4236,-0.626179432001459,-0.734692522344784,0.261009993197558
1 Jan 2025 13:41:51.000,220.436,15.205,3224.699536,7632.270701,-1148.582141,1524.027805,-0.333649,4.769487,5.275268,985169.4619,-6276513.763,510346.7432,-0.625893178333526,-0.734486485630908,0.262273391218238
1 Jan 2025 13:41:52.000,220.431,15.28,3219.420783,7631.933923,-1143.812186,1529.302444,-0.339902,4.770427,5.274014,985540.2205,-6276467.889,510195.0621,-0.625605893055035,-0.734279145937174,0.263536339840613
1 Jan 2025 13:41:53.000,220.426,15.355,3214.143968,7631.590891,-1139.041294,1534.575827,-0.346155,4.771362,5.272756,985910.9806,-6276421.987,510043.3924,-0.62531757688345,-0.734070503437287,0.264798836900652
1 Jan 2025 13:41:54.000,220.421,15.431,3208.869106,7631.241607,-1134.269469,1539.847951,-0.352407,4.772293,5.271494,986281.7121,-6276376.063,509891.7464,-0.625025219512405,-0.733857022990346,0.266077704404588
1 Jan 2025 13:41:55.000,220.416,15.506,3203.596212,7630.886071,-1129.496715,1545.11881,-0.358659,4.77322,5.270228,986652.4449,-6276330.111,509740.1119,-0.624734829746963,-0.733645758381735,0.26733928575786
1 Jan 2025 13:41:56.000,220.41,15.582,3198.325296,7630.524283,-1124.723035,1550.3884,-0.364911,4.774144,5.268957,987023.2089,-6276284.128,509588.4766,-0.624427571260871,-0.733440520343967,0.268617220905176
1 Jan 2025 13:41:57.000,220.405,15.658,3193.056373,7630.156243,-1119.948433,1555.656718,-0.371163,4.775063,5.267682,987393.9742,-6276238.118,509436.8527,-0.624132061338136,-0.73322304237306,0.269894683428561
1 Jan 2025 13:41:58.000,220.4,15.734,3187.789457,7629.781951,-1115.172914,1560.923758,-0.377414,4.775979,5.266402,987764.7409,-6276192.082,509285.2404,-0.623835496100491,-0.73300422823374,0.271171671080358
1 Jan 2025 13:41:59.000,220.394,15.81,3182.524565,7629.401409,-1110.396482,1566.189517,-0.383665,4.776891,5.265119,988135.4791,-6276146.022,509133.6517,-0.623525086710824,-0.732794960802558,0.272448181613747
1 Jan 2025 13:42:00.000,220.389,15.887,3177.261705,7629.014616,-1105.61914,1571.453989,-0.389915,4.777798,5.263831,988506.2186,-6276099.935,508982.0745,-0.623223321251941,-0.732569830843198,0.273740999461294
1 Jan 2025 13:42:01.000,220.384,15.963,3172.000894,7628.621573,-1100.840891,1576.717172,-0.396165,4.778702,5.262538,988876.9893,-6276053.817,508830.4965,-0.62292358437573,-0.732346986944696,0.275016542668834
1 Jan 2025 13:42:02.000,220.378,16.04,3166.742147,7628.222279,-1096.061741,1581.979059,-0.402415,4.779602,5.261241,989247.7612,-6276007.672,508678.93,-0.622606893142665,-0.732130000781381,0.276308375854034
1 Jan 2025 13:42:03.000,220.373,16.117,3161.485479,7627.816736,-1091.281693,1587.239648,-0.408665,4.780498,5.25994,989618.5047,-6275961.504,508527.3872,-0.622301904024746,-0.731900772818425,0.277599710005194
1 Jan 2025 13:42:04.000,220.367,16.194,3156.2309,7627.404944,-1086.500751,1592.498934,-0.414914,4.78139,5.258635,989989.2793,-6275915.305,508375.8436,-0.621983065700153,-0.731681030999507,0.278890542790066
1 Jan 2025 13:42:05.000,220.362,16.271,3150.978427,7626.986902,-1081.718919,1597.756912,-0.421163,4.782279,5.257325,990360.0254,-6275869.083,508224.3237,-0.621675923303656,-0.731449058662747,0.280180871877308
1 Jan 2025 13:42:06.000,220.356,16.349,3145.728075,7626.562612,-1076.9362,1603.013579,-0.427411,4.783163,5.256011,990730.8027,-6275822.83,508072.8031,-0.621351760068808,-0.731222818262703,0.281487442546454
1 Jan 2025 13:42:07.000,220.351,16.426,3140.47986,7626.132074,-1072.1526,1608.268929,-0.433659,4.784043,5.254693,991101.5813,-6275776.55,507921.294,-0.621042453411809,-0.730988084966501,0.282776750630685
1 Jan 2025 13:42:08.000,220.345,16.504,3135.233792,7625.695288,-1067.36812,1613.522959,-0.439907,4.78492,5.25337,991472.3313,-6275730.246,507769.8085,-0.620716107030817,-0.73075903783681,0.284082282256966
1 Jan 2025 13:42:09.000,220.34,16.582,3129.989889,7625.252254,-1062.582767,1618.775664,-0.446154,4.785792,5.252043,991843.0827,-6275683.916,507618.3345,-0.620401415242589,-0.730517748010177,0.285387287395799
1 Jan 2025 13:42:10.000,220.334,16.66,3124.748164,7624.802973,-1057.796542,1624.02704,-0.452401,4.786661,5.250712,992213.8652,-6275637.555,507466.8598,-0.62007287483083,-0.73028587728816,0.286691763628628
1 Jan 2025 13:42:11.000,220.329,16.738,3119.508636,7624.347445,-1053.009452,1629.277082,-0.458648,4.787525,5.249377,992584.649,-6275591.167,507315.3965,-0.619755982480822,-0.730041775546439,0.287995708537878
1 Jan 2025 13:42:12.000,220.323,16.817,3114.271314,7623.885671,-1048.221498,1634.525787,-0.464894,4.788386,5.248037,992955.4341,-6275544.751,507163.9448,-0.619421984120513,-0.729803232418962,0.289315826630762
1 Jan 2025 13:42:13.000,220.317,16.896,3109.036216,7623.417651,-1043.432686,1639.77315,-0.47114,4.789243,5.246693,993326.1906,-6275498.313,507012.5167,-0.619086865071395,-0.729563239783511,0.290635394700405
1 Jan 2025 13:42:14.000,220.312,16.974,3103.803357,7622.943385,-1038.643019,1645.019167,-0.477385,4.790096,5.245344,993696.9485,-6275451.847,506861.1,-0.618766651722335,-0.729314883937502,0.291937717302094
1 Jan 2025 13:42:15.000,220.306,17.054,3098.572754,7622.462874,-1033.8525,1650.263833,-0.48363,4.790945,5.243991,994067.7375,-6275405.351,506709.6827,-0.618425993389986,-0.729068113408916,0.293272870736405
1 Jan 2025 13:42:16.000,220.3,17.133,3093.344419,7621.976118,-1029.061135,1655.507144,-0.489875,4.79179,5.242634,994438.5279,-6275358.827,506558.2768,-0.618087513640154,-0.728823779482858,0.294590773688612
1 Jan 2025 13:42:17.000,220.294,17.212,3088.118369,7621.483118,-1024.268927,1660.749096,-0.496119,4.792631,5.241273,994809.2896,-6275312.281,506406.8946,-0.617747916936589,-0.728577996961949,0.295908116589286
1 Jan 2025 13:42:18.000,220.288,17.292,3082.894619,7620.983874,-1019.47588,1665.989684,-0.502363,4.793468,5.239907,995180.0825,-6275265.703,506255.5117,-0.617403849702902,-0.72832680888092,0.297241561423319
1 Jan 2025 13:42:19.000,220.283,17.372,3077.673187,7620.478386,-1014.681997,1671.228905,-0.508606,4.794301,5.238537,995550.8469,-6275219.103,506104.1525,-0.617071345540425,-0.728063366879603,0.298574426769718
1 Jan 2025 13:42:20.000,220.277,17.451,3072.454085,7619.966656,-1009.887284,1676.466753,-0.514849,4.795131,5.237163,995921.6423,-6275172.471,505952.7925,-0.616728370433101,-0.727813210213098,0.299890060092424
1 Jan 2025 13:42:21.000,220.271,17.532,3067.23733,7619.448682,-1005.091742,1681.703225,-0.521092,4.795956,5.235785,996292.4391,-6275125.812,505801.4441,-0.616377485469362,-0.727553583309514,0.301238408606792
1 Jan 2025 13:42:22.000,220.265,17.612,3062.022939,7618.924466,-1000.295378,1686.938316,-0.527334,4.796778,5.234402,996663.2073,-6275079.131,505650.1193,-0.616028843134132,-0.72729646640964,0.302569519903898
1 Jan 2025 13:42:23.000,220.259,17.693,3056.810929,7618.394009,-995.498194,1692.172023,-0.533575,4.797595,5.233015,997033.9768,-6275032.422,505498.806,-0.615675632772797,-0.727033818644532,0.303916669100209
1 Jan 2025 13:42:24.000,220.253,17.773,3051.601312,7617.85731,-990.700194,1697.40434,-0.539816,4.798409,5.231623,997404.7774,-6274985.682,505347.492,-0.615324696414652,-0.726773717803553,0.305246590631605
1 Jan 2025 13:42:25.000,220.247,17.854,3046.394107,7617.31437,-985.901383,1702.635263,-0.546057,4.799218,5.230227,997775.5793,-6274938.915,505196.1895,-0.61496916469432,-0.726508050266047,0.306592529872791
1 Jan 2025 13:42:26.000,220.241,17.935,3041.189329,7616.76519,-981.101764,1707.864789,-0.552297,4.800024,5.228827,998146.3824,-6274892.122,505044.8984,-0.614612466444154,-0.726240864116001,0.307937856359815
1 Jan 2025 13:42:27.000,220.235,18.017,3035.986998,7616.20977,-976.301341,1713.092912,-0.558537,4.800826,5.227423,998517.157,-6274845.305,504893.6311,-0.614251115899649,-0.725968038688544,0.309299164917631
1 Jan 2025 13:42:28.000,220.228,18.098,3030.787124,7615.64811,-971.500119,1718.319629,-0.564776,4.801624,5.226014,998887.9329,-6274798.46,504742.3752,-0.613879407044505,-0.725708512229447,0.310643250183246
1 Jan 2025 13:42:29.000,220.222,18.18,3025.589728,7615.080212,-966.6981,1723.544935,-0.571015,4.802418,5.224602,999258.7398,-6274751.586,504591.1186,-0.613515689077335,-0.725432589639812,0.312003296688415
1 Jan 2025 13:42:30.000,220.216,18.262,3020.394828,7614.506074,-961.89529,1728.768827,-0.577253,4.803208,5.223184,999629.5481,-6274704.684,504439.8736,-0.61315077915818,-0.725155112838437,0.313362704133711
1 Jan 2025 13:42:31.000,220.21,18.344,3015.202436,7613.925699,-957.091691,1733.991298,-0.583491,4.803994,5.221763,1000000.328,-6274657.759,504288.6521,-0.612784678355942,-0.724876082141089,0.314721469734732
1 Jan 2025 13:42:32.000,220.204,18.426,3010.012571,7613.339086,-952.287309,1739.212347,-0.589728,4.804776,5.220337,1000371.109,-6274610.806,504137.4422,-0.612417387741887,-0.724595497866927,0.316079590708389
1 Jan 2025 13:42:33.000,220.197,18.508,3004.82525,7612.746236,-947.482146,1744.431967,-0.595965,4.805554,5.218907,1000741.921,-6274563.823,503986.2316,-0.612036266643461,-0.724324042496815,0.317437064272916
1 Jan 2025 13:42:34.000,220.191,18.591,2999.640493,7612.147149,-942.676207,1749.650155,-0.602202,4.806328,5.217473,1001112.734,-6274516.813,503835.0325,-0.611663013826313,-0.72403609515047,0.31881043024997
1 Jan 2025 13:42:35.000,220.185,18.674,2994.458312,7611.541827,-937.869496,1754.866907,-0.608437,4.807098,5.216034,1001483.549,-6274469.776,503683.8449,-0.611288544610463,-0.723746558046503,0.320183127200454
1 Jan 2025 13:42:36.000,220.178,18.757,2989.278726,7610.930268,-933.062017,1760.082218,-0.614673,4.807865,5.214591,1001854.335,-6274422.716,503532.681,-0.610900233338232,-0.723466093865353,0.321555152243752
1 Jan 2025 13:42:37.000,220.172,18.84,2984.101753,7610.312475,-928.253773,1765.296084,-0.620908,4.808627,5.213144,1002225.122,-6274375.629,503381.5285,-0.61052333978027,-0.723173371720943,0.322926502500658
1 Jan 2025 13:42:38.000,220.165,18.924,2978.927413,7609.688447,-923.444769,1770.508501,-0.627142,4.809386,5.211693,1002595.94,-6274328.51,503230.3754,-0.610128965713592,-0.722885384323517,0.32431368507774
1 Jan 2025 13:42:39.000,220.159,19.008,2973.755719,7609.058186,-918.635008,1775.719464,-0.633376,4.81014,5.210237,1002966.76,-6274281.365,503079.2338,-0.609745971505926,-0.722585115481574,0.325700170581432
1 Jan 2025 13:42:40.000,220.152,19.091,2968.58669,7608.42169,-913.824495,1780.928969,-0.639609,4.810891,5.208777,1003337.551,-6274234.197,502928.1158,-0.609352811148889,-0.722298219646426,0.327069462714803
1 Jan 2025 13:42:41.000,220.146,19.176,2963.420344,7607.778962,-909.013233,1786.137013,-0.645842,4.811638,5.207313,1003708.373,-6274186.998,502776.9972,-0.608963660744326,-0.721990330124006,0.328471038449813
1 Jan 2025 13:42:42.000,220.139,19.26,2958.256702,7607.130001,-904.201226,1791.343589,-0.652074,4.81238,5.205844,1004079.166,-6274139.775,502625.9022,-0.608564356983368,-0.721695800665151,0.329855414858853
1 Jan 2025 13:42:43.000,220.133,19.344,2953.095777,7606.474809,-899.388479,1796.548696,-0.658305,4.813119,5.204372,1004449.991,-6274092.522,502474.8066,-0.608176417143301,-0.721389018490654,0.331239082283219
1 Jan 2025 13:42:44.000,220.126,19.429,2947.93759,7605.813385,-894.574995,1801.752327,-0.664536,4.813854,5.202894,1004820.816,-6274045.241,502323.7225,-0.607770914399051,-0.721086781038404,0.332638497204118
1 Jan 2025 13:42:45.000,220.119,19.514,2942.78216,7605.14573,-889.760778,1806.954479,-0.670767,4.814585,5.201413,1005191.614,-6273997.938,502172.662,-0.607364157162804,-0.720782868101608,0.334037180034104
1 Jan 2025 13:42:46.000,220.113,19.599,2937.629502,7604.471846,-884.945832,1812.155148,-0.676997,4.815312,5.199928,1005562.412,-6273950.607,502021.613,-0.606968721341336,-0.720466686545319,0.33543512769487
1 Jan 2025 13:42:47.000,220.106,19.685,2932.479636,7603.791731,-880.130161,1817.354329,-0.683226,4.816035,5.198438,1005933.242,-6273903.246,501870.5634,-0.606555666397834,-0.720154934301788,0.336848770461563
1 Jan 2025 13:42:48.000,220.099,19.77,2927.332581,7603.105388,-875.313769,1822.552018,-0.689455,4.816754,5.196944,1006304.072,-6273855.857,501719.5253,-0.606145132945839,-0.719845985133607,0.338245229815732
1 Jan 2025 13:42:49.000,220.092,19.856,2922.188357,7602.412816,-870.49666,1827.74821,-0.695683,4.817469,5.195445,1006674.904,-6273808.442,501568.4987,-0.605729532466355,-0.719530826980463,0.339657360472141
1 Jan 2025 13:42:50.000,220.085,19.942,2917.04698,7601.714016,-865.678838,1832.942903,-0.701911,4.81818,5.193943,1007045.708,-6273761.003,501417.4958,-0.605312653566603,-0.719213956793676,0.341068725897496
1 Jan 2025 13:42:51.000,220.078,20.028,2911.90847,7601.008989,-860.860307,1838.13609,-0.708138,4.818887,5.192436,1007416.512,-6273713.537,501266.5043,-0.60489449759785,-0.718895374970199,0.342479322912059
1 Jan 2025 13:42:52.000,220.071,20.115,2906.772848,7600.297735,-856.04107,1843.327768,-0.714364,4.81959,5.190924,1007787.348,-6273666.041,501115.5122,-0.604471202117617,-0.71857048878887,0.34390553710606
1 Jan 2025 13:42:53.000,220.065,20.201,2901.64013,7599.580255,-851.221133,1848.517934,-0.72059,4.82029,5.189409,1008158.185,-6273618.517,500964.5317,-0.604063016516663,-0.718237922827082,0.345314578739196
1 Jan 2025 13:42:54.000,220.057,20.288,2896.510336,7598.856549,-846.400498,1853.706581,-0.726815,4.820985,5.187889,1008528.993,-6273570.97,500813.5747,-0.603624592011123,-0.717920100088328,0.346739212966418
1 Jan 2025 13:42:55.000,220.05,20.375,2891.383485,7598.126619,-841.579169,1858.893707,-0.73304,4.821676,5.186365,1008899.803,-6273523.397,500662.6293,-0.603197400926162,-0.717589985791293,0.348163047734786
1 Jan 2025 13:42:56.000,220.043,20.462,2886.259601,7597.390464,-836.757151,1864.079307,-0.739264,4.822364,5.184837,1009270.643,-6273475.792,500511.6833,-0.602768908959039,-0.717258123153275,0.349586079761439
1 Jan 2025 13:42:57.000,220.036,20.55,2881.138697,7596.648086,-831.934448,1869.263376,-0.745487,4.823047,5.183305,1009641.485,-6273428.16,500360.7488,-0.602335176600804,-0.716919822002501,0.351024648492355
1 Jan 2025 13:42:58.000,220.029,20.638,2876.020796,7595.899485,-827.111064,1874.445911,-0.75171,4.823727,5.181768,1010012.328,-6273380.501,500209.8257,-0.601900115231327,-0.716579734226549,0.352462389171276
1 Jan 2025 13:42:59.000,220.022,20.726,2870.90592,7595.144661,-822.287001,1879.626907,-0.757932,4.824402,5.180227,1010383.142,-6273332.819,500058.9264,-0.601463726306903,-0.716237860298034,0.353899298406635
1 Jan 2025 13:43:00.000,220.015,20.814,2865.794083,7594.383615,-817.462265,1884.80636,-0.764153,4.825074,5.178682,1010753.958,-6273285.11,499908.0385,-0.601026011286821,-0.715894200694116,0.355335372808825
1 Jan 2025 13:43:01.000,220.007,20.902,2860.68531,7593.616348,-812.63686,1889.984265,-0.770374,4.825742,5.177133,1011124.804,-6273237.371,499757.1501,-0.600574482860141,-0.715559238007609,0.356770608990209
1 Jan 2025 13:43:02.000,220,20.991,2855.579621,7592.842861,-807.810789,1895.160619,-0.776594,4.826405,5.175579,1011495.652,-6273189.604,499606.2731,-0.600130107391505,-0.715207211507775,0.358221298654245
1 Jan 2025 13:43:03.000,219.993,21.08,2850.477034,7592.063154,-802.984056,1900.335418,-0.782814,4.827065,5.174021,1011866.501,-6273141.81,499455.4076,-0.599684379081279,-0.714853361231646,0.359671123975389
1 Jan 2025 13:43:04.000,219.985,21.169,2845.37757,7591.277227,-798.156665,1905.508656,-0.789033,4.827721,5.172459,1012237.321,-6273093.993,499304.5659,-0.599224829015448,-0.714508146252411,0.361120081455394
1 Jan 2025 13:43:05.000,219.978,21.258,2840.28125,7590.485083,-793.32862,1910.68033,-0.795251,4.828373,5.170892,1012608.143,-6273046.149,499153.7356,-0.598776405807918,-0.714150642156332,0.362568167598109
1 Jan 2025 13:43:06.000,219.97,21.348,2835.188097,7589.68672,-788.499926,1915.850435,-0.801469,4.829021,5.169322,1012978.995,-6272998.274,499002.9047,-0.59831009489987,-0.713796889359001,0.364031634727428
1 Jan 2025 13:43:07.000,219.963,21.438,2830.098128,7588.88214,-783.670585,1921.018968,-0.807685,4.829665,5.167747,1013349.849,-6272950.372,498852.0853,-0.597854870242012,-0.71343082441811,0.365494203644876
1 Jan 2025 13:43:08.000,219.955,21.528,2825.011366,7588.071343,-778.840603,1926.185923,-0.813902,4.830305,5.166168,1013720.674,-6272902.447,498701.2896,-0.597385823647989,-0.713073324864005,0.366955870741709
1 Jan 2025 13:43:09.000,219.948,21.618,2819.927833,7587.254331,-774.009983,1931.351298,-0.820117,4.830941,5.164584,1014091.501,-6272854.494,498550.5054,-0.59692785391902,-0.712703530353449,0.368416632411409
1 Jan 2025 13:43:10.000,219.94,21.709,2814.847548,7586.431103,-769.178728,1936.515086,-0.826332,4.831573,5.162997,1014462.358,-6272806.511,498399.7206,-0.596451933731928,-0.712337336416799,0.369892700514708
1 Jan 2025 13:43:11.000,219.932,21.799,2809.770533,7585.601661,-764.346844,1941.677286,-0.832546,4.832201,5.161405,1014833.217,-6272758.501,498248.9474,-0.595978783429646,-0.711974196394419,0.371351630358936
1 Jan 2025 13:43:12.000,219.924,21.89,2804.696812,7584.766005,-759.514333,1946.837891,-0.83876,4.832825,5.159809,1015204.076,-6272710.464,498098.1856,-0.59550009996014,-0.71160419109285,0.372825838920203
1 Jan 2025 13:43:13.000,219.917,21.982,2799.626403,7583.924136,-754.6812,1951.996898,-0.844972,4.833445,5.158208,1015574.907,-6272662.404,497947.4475,-0.595028250767492,-0.711216875018368,0.374315291536006
1 Jan 2025 13:43:14.000,219.909,22.073,2794.559329,7583.076054,-749.84745,1957.154302,-0.851184,4.834061,5.156604,1015945.74,-6272614.317,497796.7209,-0.594546772785688,-0.710843028284035,0.375787605051186
1 Jan 2025 13:43:15.000,219.901,22.165,2789.495612,7582.221761,-745.013084,1962.3101,-0.857396,4.834674,5.154995,1016316.603,-6272566.199,497645.9937,-0.59405968754721,-0.710462216268095,0.377275134201471
1 Jan 2025 13:43:16.000,219.893,22.257,2784.435277,7581.361257,-740.178109,1967.464287,-0.863606,4.835282,5.153382,1016687.467,-6272518.053,497495.2781,-0.593571188852866,-0.710079450114312,0.378761690630339
1 Jan 2025 13:43:17.000,219.885,22.349,2779.378341,7580.494543,-735.342527,1972.616859,-0.869816,4.835886,5.151765,1017058.303,-6272469.885,497344.5861,-0.593081278498236,-0.709694730407641,0.380247270505027
1 Jan 2025 13:43:18.000,219.877,22.441,2774.32483,7579.621619,-730.506343,1977.767811,-0.876025,4.836487,5.150143,1017429.17,-6272421.686,497193.8935,-0.59258995828235,-0.70930805773854,0.381731869995293
1 Jan 2025 13:43:19.000,219.869,22.534,2769.274767,7578.742486,-725.66956,1982.91714,-0.882234,4.837083,5.148518,1017800.008,-6272373.463,497043.2245,-0.592092942440577,-0.708914299188598,0.383231606105236
1 Jan 2025 13:43:20.000,219.861,22.627,2764.22817,7577.857145,-720.832183,1988.064842,-0.888442,4.837675,5.146888,1018170.877,-6272325.21,496892.555,-0.591594488429261,-0.708518547734706,0.384730332539591
1 Jan 2025 13:43:21.000,219.853,22.72,2759.185066,7576.965597,-715.994216,1993.210911,-0.894649,4.838264,5.145254,1018541.748,-6272276.93,496741.897,-0.591094598108366,-0.708120804010455,0.38622804534976
1 Jan 2025 13:43:22.000,219.845,22.814,2754.145478,7576.067842,-711.155662,1998.355344,-0.900855,4.838848,5.143615,1018912.589,-6272228.626,496591.2626,-0.590588937500241,-0.707715872920134,0.387740828543022
1 Jan 2025 13:43:23.000,219.836,22.907,2749.109426,7575.163882,-706.316526,2003.498136,-0.90706,4.839429,5.141973,1019283.432,-6272180.296,496440.6398,-0.590073819107081,-0.707324424767485,0.389236491264284
1 Jan 2025 13:43:24.000,219.828,23.001,2744.076934,7574.253716,-701.476811,2008.639284,-0.913265,4.840006,5.140326,1019654.306,-6272131.934,496290.0164,-0.58956525421326,-0.70691544133255,0.390747194270235
1 Jan 2025 13:43:25.000,219.82,23.095,2739.04803,7573.337346,-696.636521,2013.778783,-0.919469,4.840578,5.138675,1020025.181,-6272083.546,496139.4045,-0.589055228433428,-0.706504426724352,0.39225684554146
1 Jan 2025 13:43:26.000,219.811,23.19,2734.02273,7572.414773,-691.795661,2018.916629,-0.925672,4.841147,5.13702,1020396.057,-6272035.131,495988.8042,-0.588527019729119,-0.706096374258033,0.393781484212273
1 Jan 2025 13:43:27.000,219.803,23.285,2729.001062,7571.485997,-686.954234,2024.052818,-0.931874,4.841712,5.13536,1020766.904,-6271986.692,495838.2275,-0.588009652564777,-0.705675969263504,0.395305040310219
1 Jan 2025 13:43:28.000,219.794,23.38,2723.983052,7570.551018,-682.112244,2029.187345,-0.938076,4.842272,5.133697,1021137.753,-6271938.227,495687.6624,-0.587478488927926,-0.705263746859637,0.396827509646782
1 Jan 2025 13:43:29.000,219.786,23.475,2718.968718,7569.609839,-677.269696,2034.320206,-0.944277,4.842829,5.132029,1021508.632,-6271889.73,495537.0966,-0.58695815639289,-0.704839191620329,0.398348888036431
1 Jan 2025 13:43:30.000,219.777,23.57,2713.958088,7568.662459,-672.426593,2039.451398,-0.950477,4.843382,5.130357,1021879.513,-6271841.207,495386.5424,-0.586424046091448,-0.704422802024662,0.399869171296637
1 Jan 2025 13:43:31.000,219.769,23.666,2708.951187,7567.708879,-667.582939,2044.580915,-0.956676,4.843931,5.128681,1022250.365,-6271792.66,495236.0119,-0.585896274827821,-0.703988714634546,0.401404340796264
1 Jan 2025 13:43:32.000,219.76,23.762,2703.948036,7566.749101,-662.738738,2049.708754,-0.962875,4.844475,5.127,1022621.218,-6271744.086,495085.4929,-0.585354712286249,-0.703562733505403,0.402938383412016
1 Jan 2025 13:43:33.000,219.751,23.858,2698.948661,7565.783125,-657.893994,2054.83491,-0.969072,4.845016,5.125316,1022992.103,-6271695.482,494934.9734,-0.584811655050326,-0.703134624214981,0.404471294837293
1 Jan 2025 13:43:34.000,219.743,23.955,2693.953089,7564.810951,-653.048712,2059.95938,-0.975269,4.845553,5.123627,1023362.988,-6271646.85,494784.4653,-0.584274839170018,-0.702688741250356,0.406019020777154
1 Jan 2025 13:43:35.000,219.734,24.052,2688.961342,7563.832581,-648.202894,2065.082158,-0.981465,4.846086,5.121934,1023733.874,-6271598.192,494633.9688,-0.583724228377118,-0.702250895872027,0.407565583007783
1 Jan 2025 13:43:36.000,219.725,24.149,2683.973445,7562.848015,-643.356546,2070.203242,-0.98766,4.846615,5.120236,1024104.732,-6271549.51,494483.496,-0.583172096842791,-0.701810881850033,0.40911097709651
1 Jan 2025 13:43:37.000,219.716,24.246,2678.989427,7561.857254,-638.509671,2075.322626,-0.993855,4.84714,5.118535,1024475.591,-6271500.801,494333.0347,-0.582618446817085,-0.701368699957258,0.410655198614012
1 Jan 2025 13:43:38.000,219.707,24.344,2674.009308,7560.8603,-633.662272,2080.440307,-1.000048,4.847661,5.116829,1024846.481,-6271452.062,494182.5728,-0.582058684355255,-0.700918816201195,0.412214144664814
1 Jan 2025 13:43:39.000,219.698,24.442,2669.033116,7559.857152,-628.814355,2085.556279,-1.006241,4.848178,5.115119,1025217.372,-6271403.295,494032.1225,-0.58149737509846,-0.700466723072522,0.413771884764592
1 Jan 2025 13:43:40.000,219.689,24.54,2664.060879,7558.847812,-623.965922,2090.67054,-1.012433,4.848691,5.113405,1025588.264,-6271354.501,493881.6838,-0.580934521368951,-0.700012421397127,0.415328414356108
1 Jan 2025 13:43:41.000,219.68,24.638,2659.092619,7557.832281,-619.116979,2095.783085,-1.018624,4.8492,5.111687,1025959.127,-6271305.685,493731.2687,-0.580370125493198,-0.699555912008036,0.416883728885663
1 Jan 2025 13:43:42.000,219.67,24.737,2654.128363,7556.810559,-614.267528,2100.893909,-1.024814,4.849706,5.109965,1026329.992,-6271256.841,493580.8651,-0.579787326023579,-0.699101693567224,0.418453675612807
1 Jan 2025 13:43:43.000,219.661,24.836,2649.16814,7555.782647,-609.417574,2106.003009,-1.031003,4.850207,5.108238,1026700.887,-6271207.966,493430.461,-0.579215165747746,-0.698635096403971,0.420022373023659
1 Jan 2025 13:43:44.000,219.652,24.935,2644.211972,7554.748547,-604.567121,2111.11038,-1.037192,4.850704,5.106507,1027071.784,-6271159.064,493280.0684,-0.578641437423985,-0.698166250669843,0.421589816434788
1 Jan 2025 13:43:45.000,219.642,25.035,2639.259887,7553.708258,-599.716173,2116.216018,-1.043379,4.851197,5.104772,1027442.652,-6271110.14,493129.6995,-0.578049254360522,-0.697699559059248,0.423171814777137
1 Jan 2025 13:43:46.000,219.633,25.134,2634.311915,7552.661782,-594.864734,2121.319919,-1.049566,4.851686,5.103033,1027813.521,-6271061.188,492979.3421,-0.577472388893103,-0.697226187035654,0.424736723368508
1 Jan 2025 13:43:47.000,219.623,25.234,2629.368078,7551.60912,-590.012807,2126.422079,-1.055752,4.852172,5.10129,1028184.421,-6271012.205,492828.9842,-0.576877056943335,-0.696754906642571,0.42631615174879
1 Jan 2025 13:43:48.000,219.614,25.335,2624.428405,7550.550272,-585.160397,2131.522493,-1.061937,4.852653,5.099542,1028555.322,-6270963.195,492678.6379,-0.576287540642721,-0.69626550559855,0.427910056219249
1 Jan 2025 13:43:49.000,219.604,25.436,2619.492926,7549.48524,-580.307508,2136.621158,-1.068121,4.85313,5.09779,1028926.224,-6270914.158,492528.303,-0.575684258289939,-0.695783820392565,0.429502631001359
1 Jan 2025 13:43:50.000,219.595,25.536,2614.561663,7548.414025,-575.454143,2141.718069,-1.074304,4.853604,5.096034,1029297.098,-6270865.099,492377.9919,-0.5750963037139,-0.695295543962197,0.43107812285121
1 Jan 2025 13:43:51.000,219.585,25.638,2609.634647,7547.336626,-570.600307,2146.813222,-1.080487,4.854073,5.094274,1029667.972,-6270816.012,492227.6923,-0.574485014573794,-0.694803369111936,0.432683771709605
1 Jan 2025 13:43:52.000,219.575,25.739,2604.711906,7546.253046,-565.746004,2151.906612,-1.086668,4.854538,5.09251,1030038.878,-6270766.894,492077.3921,-0.573876923354994,-0.694314642068443,0.43427232775066
1 Jan 2025 13:43:53.000,219.565,25.841,2599.793466,7545.163284,-560.891237,2156.998237,-1.092849,4.855,5.090741,1030409.785,-6270717.749,491927.1036,-0.573262391851926,-0.693817701615731,0.435875242486739
1 Jan 2025 13:43:54.000,219.555,25.943,2594.879357,7544.067343,-556.036011,2162.08809,-1.099028,4.855457,5.088969,1030780.662,-6270668.581,491776.8386,-0.572646234888508,-0.693318368628242,0.437476775830088
1 Jan 2025 13:43:55.000,219.545,26.046,2589.969605,7542.965223,-551.18033,2167.176169,-1.105207,4.855911,5.087192,1031151.571,-6270619.382,491626.5731,-0.572023576021466,-0.692810734611104,0.43909260353966
1 Jan 2025 13:43:56.000,219.535,26.148,2585.064239,7541.856924,-546.324197,2172.26247,-1.111385,4.85636,5.085411,1031522.451,-6270570.16,491476.3313,-0.571404159718525,-0.692306597192076,0.440691345207385
1 Jan 2025 13:43:57.000,219.525,26.251,2580.163291,7540.742448,-541.467616,2177.346987,-1.117561,4.856806,5.083626,1031893.362,-6270520.907,491326.089,-0.570778213475699,-0.691794115841189,0.442304343533947
1 Jan 2025 13:43:58.000,219.515,26.354,2575.266785,7539.621795,-536.610592,2182.429717,-1.123737,4.857247,5.081837,1032264.275,-6270471.627,491175.8582,-0.570150619358605,-0.691279201118556,0.443915912472048
1 Jan 2025 13:43:59.000,219.505,26.458,2570.374752,7538.494968,-531.753129,2187.510655,-1.129912,4.857685,5.080043,1032635.158,-6270422.325,491025.6511,-0.569516433536846,-0.690755854351418,0.445541672137089
1 Jan 2025 13:44:00.000,219.495,26.562,2565.487223,7537.361965,-526.89523,2192.589798,-1.136086,4.858118,5.078245,1033006.042,-6270372.995,490875.4555,-0.568880571769031,-0.690230031099041,0.447165963857668
1 Jan 2025 13:44:01.000,219.484,26.666,2560.604224,7536.222789,-522.036899,2197.667141,-1.142259,4.858548,5.076444,1033376.958,-6270323.634,490725.2594,-0.568230999342413,-0.689711650100254,0.448788782282164
1 Jan 2025 13:44:02.000,219.474,26.771,2555.725787,7535.077441,-517.178141,2202.742681,-1.148432,4.858973,5.074638,1033747.874,-6270274.246,490575.0748,-0.567586806138013,-0.689174797904164,0.450425704674815
1 Jan 2025 13:44:03.000,219.463,26.875,2550.851942,7533.925921,-512.318959,2207.816412,-1.154603,4.859395,5.072828,1034118.792,-6270224.831,490424.9019,-0.566933907440279,-0.688651413108467,0.45204554617672
1 Jan 2025 13:44:04.000,219.453,26.98,2545.982717,7532.76823,-507.459358,2212.888331,-1.160773,4.859813,5.071013,1034489.681,-6270175.393,490274.7525,-0.566286341657974,-0.688109536309595,0.453679452137104
1 Jan 2025 13:44:05.000,219.442,27.086,2541.118145,7531.60437,-502.599341,2217.958434,-1.166942,4.860226,5.069195,1034860.571,-6270125.928,490124.6148,-0.565620031941177,-0.687568878225933,0.455327373613748
1 Jan 2025 13:44:06.000,219.431,27.192,2536.258252,7530.43434,-497.738912,2223.026716,-1.17311,4.860636,5.067372,1035231.491,-6270076.432,489974.4765,-0.564952015229725,-0.68702563598435,0.456973736650337
1 Jan 2025 13:44:07.000,219.421,27.298,2531.403071,7529.258143,-492.878076,2228.093173,-1.179278,4.861042,5.065545,1035602.413,-6270026.909,489824.3498,-0.56429427602442,-0.686469962080844,0.458618535611896
1 Jan 2025 13:44:08.000,219.41,27.404,2526.552635,7528.075779,-488.016836,2233.157802,-1.185444,4.861443,5.063715,1035973.306,-6269977.363,489674.2467,-0.563622845518973,-0.685921566805527,0.460261764868804
1 Jan 2025 13:44:09.000,219.399,27.511,2521.706971,7526.88725,-483.155196,2238.220598,-1.191609,4.861841,5.06188,1036344.201,-6269927.79,489524.1552,-0.562944600744646,-0.685364361218055,0.461918898579197
1 Jan 2025 13:44:10.000,219.388,27.618,2516.866111,7525.692555,-478.293161,2243.281556,-1.197774,4.862235,5.06004,1036715.126,-6269878.186,489374.0632,-0.562264627870165,-0.684804529881158,0.463574421317949
1 Jan 2025 13:44:11.000,219.377,27.725,2512.03009,7524.491697,-473.430733,2248.340674,-1.203937,4.862624,5.058197,1037086.052,-6269828.554,489223.9828,-0.561582930249888,-0.68424207406375,0.465228327311319
1 Jan 2025 13:44:12.000,219.366,27.832,2507.198934,7523.284676,-468.567918,2253.397946,-1.210099,4.86301,5.056349,1037456.979,-6269778.896,489073.9139,-0.560899511243635,-0.68367699504509,0.466880610791203
1 Jan 2025 13:44:13.000,219.355,27.94,2502.372681,7522.071492,-463.70472,2258.453368,-1.216261,4.863392,5.054498,1037827.878,-6269729.215,488923.8687,-0.560209188642146,-0.68310297097436,0.468546684981242
1 Jan 2025 13:44:14.000,219.343,28.049,2497.551356,7520.852149,-458.841141,2263.506936,-1.222421,4.86377,5.052642,1038198.777,-6269679.507,488773.8351,-0.559500001902941,-0.682529697989588,0.470226497799571
1 Jan 2025 13:44:15.000,219.332,28.157,2492.734995,7519.626645,-453.977187,2268.558647,-1.22858,4.864144,5.050782,1038569.708,-6269629.768,488623.801,-0.558806177926202,-0.681950305069347,0.471889221033215
1 Jan 2025 13:44:16.000,219.321,28.266,2487.923632,7518.394982,-449.112861,2273.608496,-1.234739,4.864513,5.048918,1038940.639,-6269580.002,488473.7784,-0.55810537472991,-0.681361853550409,0.473565639826137
1 Jan 2025 13:44:17.000,219.309,28.375,2483.117296,7517.157162,-444.248167,2278.656478,-1.240896,4.864879,5.04705,1039311.572,-6269530.209,488323.7674,-0.557390916927409,-0.680780420169954,0.475240344709962
1 Jan 2025 13:44:18.000,219.298,28.485,2478.316023,7515.913185,-439.383109,2283.702591,-1.247052,4.865241,5.045177,1039682.475,-6269480.393,488173.7801,-0.55668131005359,-0.680180095744343,0.476928670128181
1 Jan 2025 13:44:19.000,219.286,28.594,2473.519842,7514.663053,-434.517691,2288.746828,-1.253207,4.865599,5.043301,1040053.38,-6269430.55,488023.8043,-0.555963331166207,-0.679593185315807,0.478599913153867
1 Jan 2025 13:44:20.000,219.274,28.705,2468.728789,7513.406765,-429.651917,2293.789188,-1.259361,4.865953,5.04142,1040424.316,-6269380.676,487873.8281,-0.555232998157783,-0.678990565705412,0.480300041057426
1 Jan 2025 13:44:21.000,219.263,28.815,2463.942899,7512.144324,-424.785792,2298.829664,-1.265515,4.866303,5.039535,1040795.253,-6269330.775,487723.8634,-0.554518022596273,-0.678381956464447,0.481983074142016
1 Jan 2025 13:44:22.000,219.251,28.926,2459.162201,7510.875731,-419.919318,2303.868254,-1.271667,4.866649,5.037647,1041166.161,-6269280.851,487573.9224,-0.55378408719411,-0.677773725405301,0.483679606682777
1 Jan 2025 13:44:23.000,219.239,29.037,2454.386734,7509.600986,-415.052501,2308.904953,-1.277818,4.866991,5.035754,1041537.07,-6269230.899,487423.9929,-0.55304835299291,-0.677162672456091,0.485374323882047
1 Jan 2025 13:44:24.000,219.227,29.149,2449.616528,7508.32009,-410.185344,2313.939757,-1.283968,4.867329,5.033856,1041908.01,-6269180.917,487274.063,-0.55230544788079,-0.676542213814064,0.487082462390882
1 Jan 2025 13:44:25.000,219.215,29.261,2444.851618,7507.033045,-405.317851,2318.972661,-1.290116,4.867663,5.031955,1042278.951,-6269130.908,487124.1446,-0.551560717067811,-0.67591888812992,0.488788739699325
1 Jan 2025 13:44:26.000,219.203,29.373,2440.092042,7505.739852,-400.450025,2324.003662,-1.296264,4.867993,5.03005,1042649.893,-6269080.872,486974.2379,-0.550814164567621,-0.675292696994211,0.490493149287488
1 Jan 2025 13:44:27.000,219.19,29.485,2435.33783,7504.440511,-395.581872,2329.032756,-1.302411,4.868319,5.02814,1043020.806,-6269030.813,486824.3547,-0.550054019214405,-0.674673242366455,0.492195684642616
1 Jan 2025 13:44:28.000,219.178,29.598,2430.589022,7503.135025,-390.713395,2334.059938,-1.308557,4.868641,5.026227,1043391.72,-6268980.727,486674.4832,-0.549298400749719,-0.67403462974972,0.493911515184612
1 Jan 2025 13:44:29.000,219.165,29.711,2425.845647,7501.823393,-385.844598,2339.085205,-1.314701,4.868959,5.024309,1043762.665,-6268930.61,486524.6112,-0.548529184896946,-0.673402681778691,0.495625424579449
1 Jan 2025 13:44:30.000,219.153,29.825,2421.107747,7500.505617,-380.975485,2344.108551,-1.320845,4.869273,5.022387,1044133.611,-6268880.466,486374.7508,-0.547764412366971,-0.67275150815636,0.497352547814536
1 Jan 2025 13:44:31.000,219.14,29.939,2416.375352,7499.181699,-376.10606,2349.129974,-1.326987,4.869583,5.020461,1044504.528,-6268830.298,486224.914,-0.546986038357448,-0.672106926821636,0.499077702127034
1 Jan 2025 13:44:32.000,219.128,30.053,2411.6485,7497.851638,-371.236327,2354.149469,-1.333128,4.869889,5.018531,1044875.477,-6268780.1,486075.0767,-0.546217539366274,-0.671449832520187,0.50080088068739
1 Jan 2025 13:44:33.000,219.115,30.168,2406.92723,7496.515437,-366.366289,2359.167031,-1.339268,4.870191,5.016597,1045246.396,-6268729.879,485925.2631,-0.545429936941902,-0.670792501883749,0.502537166092313
1 Jan 2025 13:44:34.000,219.102,30.283,2402.211574,7495.173097,-361.495952,2364.182657,-1.345407,4.870489,5.014658,1045617.346,-6268679.627,485775.4491,-0.54464046427065,-0.670132145622336,0.504271426994089
1 Jan 2025 13:44:35.000,219.089,30.398,2397.501572,7493.824617,-356.625319,2369.196343,-1.351545,4.870783,5.012716,1045988.297,-6268629.348,485625.6466,-0.543849125864901,-0.669468765514573,0.506003656406134
1 Jan 2025 13:44:36.000,219.076,30.514,2392.797258,7492.470001,-351.754393,2374.208084,-1.357682,4.871073,5.010769,1046359.22,-6268579.046,485475.8677,-0.543050340228077,-0.668795483876787,0.507748883528249
1 Jan 2025 13:44:37.000,219.063,30.63,2388.098672,7491.109248,-346.88318,2379.217877,-1.363818,4.871359,5.008819,1046730.143,-6268528.717,485326.1005,-0.542249662843999,-0.668119132415825,0.509492029422928
1 Jan 2025 13:44:38.000,219.05,30.746,2383.405848,7489.74236,-342.011682,2384.225717,-1.369952,4.871641,5.006864,1047101.098,-6268478.356,485176.3328,-0.541447098345985,-0.667439713011789,0.511233086945137
1 Jan 2025 13:44:39.000,219.036,30.863,2378.718824,7488.369339,-337.139905,2389.2316,-1.376086,4.871919,5.004905,1047472.053,-6268427.969,485026.5767,-0.540625375392196,-0.666759709064468,0.512987030879254
1 Jan 2025 13:44:40.000,219.023,30.98,2374.037643,7486.990184,-332.267851,2394.235522,-1.382218,4.872193,5.002942,1047843.009,-6268377.555,484876.8322,-0.539813388586532,-0.666067141149682,0.514738835705463
1 Jan 2025 13:44:41.000,219.009,31.097,2369.362336,7485.604898,-327.395525,2399.237479,-1.388349,4.872463,5.000975,1048213.937,-6268327.118,484727.1113,-0.538987880577897,-0.665380868400149,0.516488494118901
1 Jan 2025 13:44:42.000,218.996,31.215,2364.692946,7484.213481,-322.522931,2404.237467,-1.394479,4.87273,4.999004,1048584.865,-6268276.654,484577.402,-0.538166402589366,-0.664675034423767,0.518250925457722
1 Jan 2025 13:44:43.000,218.982,31.333,2360.029509,7482.815935,-317.650073,2409.235482,-1.400608,4.872992,4.997028,1048955.825,-6268226.159,484427.6923,-0.537331402216049,-0.663975420541123,0.520011158639671
1 Jan 2025 13:44:44.000,218.968,31.452,2355.372066,7481.412261,-312.776954,2414.23152,-1.406735,4.87325,4.995049,1049326.785,-6268175.636,484277.9941,-0.536488770420495,-0.663265541080986,0.52178407529097
1 Jan 2025 13:44:45.000,218.954,31.571,2350.720653,7480.002459,-307.90358,2419.225576,-1.412862,4.873504,4.993065,1049697.717,-6268125.091,484128.3196,-0.535644204114705,-0.662552427841667,0.523554741129748
1 Jan 2025 13:44:46.000,218.94,31.69,2346.075311,7478.586532,-303.029953,2424.217646,-1.418987,4.873754,4.991078,1050068.649,-6268074.519,483978.6567,-0.534797708471259,-0.661836082912619,0.525323148517911
1 Jan 2025 13:44:47.000,218.926,31.81,2341.436082,7477.16448,-298.156078,2429.207727,-1.425111,4.874,4.989086,1050439.612,-6268023.916,483828.9934,-0.533943508429652,-0.661109351517176,0.527104121727741
1 Jan 2025 13:44:48.000,218.912,31.93,2336.803001,7475.736305,-293.281959,2434.195814,-1.431234,4.874243,4.98709,1050810.577,-6267973.286,483679.3417,-0.533087354078654,-0.660379341725706,0.528882782801013
1 Jan 2025 13:44:49.000,218.898,32.05,2332.176112,7474.302007,-288.4076,2439.181904,-1.437356,4.874481,4.985091,1051181.542,-6267922.629,483529.7015,-0.532229250724246,-0.659646055743047,0.530659123935647
1 Jan 2025 13:44:50.000,218.883,32.171,2327.555453,7472.861588,-283.533005,2444.165991,-1.443476,4.874715,4.983087,1051552.479,-6267871.949,483380.085,-0.531351870044362,-0.658911536012236,0.532447910983183
1 Jan 2025 13:44:51.000,218.869,32.292,2322.941066,7471.415049,-278.658177,2449.148073,-1.449596,4.874945,4.981079,1051923.416,-6267821.242,483230.4801,-0.530484028693657,-0.65816440426344,0.534234323365223
1 Jan 2025 13:44:52.000,218.854,32.414,2318.33299,7469.962392,-273.783121,2454.128144,-1.455714,4.875171,4.979067,1052294.384,-6267770.503,483080.8748,-0.529596875911931,-0.657415909784155,0.536033087212902
1 Jan 2025 13:44:53.000,218.84,32.536,2313.731269,7468.503617,-268.907841,2459.106202,-1.461831,4.875394,4.97705,1052665.354,-6267719.738,482931.2811,-0.528719211945851,-0.656654786870142,0.537829420727322
1 Jan 2025 13:44:54.000,218.825,32.658,2309.13594,7467.038725,-264.032341,2464.082241,-1.467946,4.875612,4.97503,1053036.324,-6267668.946,482781.699,-0.527828107626229,-0.655899508982538,0.539623315764043
1 Jan 2025 13:44:55.000,218.81,32.781,2304.54705,7465.567719,-259.156624,2469.056258,-1.474061,4.875826,4.973006,1053407.266,-6267618.131,482632.1405,-0.526929120262868,-0.655133471759383,0.541429438061413
1 Jan 2025 13:44:56.000,218.795,32.904,2299.964636,7464.090598,-254.280696,2474.028248,-1.480174,4.876036,4.970977,1053778.208,-6267567.289,482482.5936,-0.526028142630857,-0.654363988989771,0.543233065151345
1 Jan 2025 13:44:57.000,218.78,33.027,2295.388744,7462.607365,-249.404559,2478.998208,-1.486286,4.876243,4.968945,1054149.181,-6267516.416,482333.0464,-0.525125180624092,-0.653591063126606,0.545034188721724
1 Jan 2025 13:44:58.000,218.764,33.151,2290.819413,7461.118021,-244.528217,2483.966134,-1.492397,4.876445,4.966908,1054520.155,-6267465.516,482183.5107,-0.524202870565926,-0.652816404028648,0.54684741301532
1 Jan 2025 13:44:59.000,218.749,33.275,2286.256689,7459.622566,-239.651676,2488.932021,-1.498507,4.876643,4.964868,1054891.101,-6267414.593,482033.9986,-0.523289959896023,-0.652029089478241,0.548658075987399
1 Jan 2025 13:45:00.000,218.733,33.4,2281.700612,7458.121002,-234.774938,2493.895865,-1.504615,4.876837,4.962823,1055262.047,-6267363.643,481884.4982,-0.522357669543909,-0.651239909606385,0.550480740084995
1 Jan 2025 13:45:01.000,218.718,33.525,2277.151226,7456.613331,-229.898008,2498.857663,-1.510722,4.877028,4.960774,1055633.024,-6267312.662,481734.9973,-0.521434727812298,-0.650438058945976,0.552300784089527
1 Jan 2025 13:45:02.000,218.702,33.651,2272.608577,7455.099553,-225.02089,2503.81741,-1.516828,4.877214,4.958722,1056004.002,-6267261.653,481585.5081,-0.520492375258581,-0.649634210163807,0.554132728037721
1 Jan 2025 13:45:03.000,218.686,33.776,2268.072705,7453.57967,-220.143587,2508.775102,-1.522932,4.877396,4.956665,1056374.981,-6267210.618,481436.0305,-0.519554061132081,-0.64883431765396,0.555947484746249
1 Jan 2025 13:45:04.000,218.67,33.903,2263.543659,7452.053683,-215.266105,2513.730735,-1.529036,4.877574,4.954604,1056745.931,-6267159.56,481286.5765,-0.518601596857832,-0.64801566156961,0.557788567556746
1 Jan 2025 13:45:05.000,218.654,34.029,2259.021477,7450.521594,-210.388445,2518.684305,-1.535138,4.877749,4.952539,1057116.883,-6267108.475,481137.1341,-0.51765318404557,-0.647200967202376,0.559612445447555
1 Jan 2025 13:45:06.000,218.638,34.156,2254.506209,7448.983403,-205.510614,2523.635808,-1.541239,4.877919,4.95047,1057487.865,-6267057.359,480987.6913,-0.51669664572696,-0.646375009063657,0.561448059888415
1 Jan 2025 13:45:07.000,218.622,34.284,2249.997897,7447.439111,-200.632614,2528.58524,-1.547338,4.878085,4.948397,1057858.847,-6267006.216,480838.2601,-0.515731934950754,-0.645537709824537,0.563295336805164
1 Jan 2025 13:45:08.000,218.605,34.412,2245.496588,7445.888721,-195.75445,2533.532597,-1.553436,4.878248,4.946319,1058229.801,-6266955.05,480688.8526,-0.51475390696559,-0.644705684019831,0.565139802399533
1 Jan 2025 13:45:09.000,218.588,34.54,2241.002325,7444.332234,-190.876126,2538.477875,-1.559533,4.878406,4.944238,1058600.786,-6266903.853,480539.4446,-0.513773850081281,-0.643869916366603,0.566981447466072
1 Jan 2025 13:45:10.000,218.572,34.669,2236.515157,7442.76965,-185.997645,2543.421069,-1.565629,4.87856,4.942153,1058971.742,-6266852.633,480390.0604,-0.512796804213086,-0.643013697865661,0.568834617394171
1 Jan 2025 13:45:11.000,218.555,34.798,2232.035127,7441.200971,-181.119012,2548.362176,-1.571723,4.878711,4.940063,1059342.729,-6266801.382,480240.6756,-0.5118064703735,-0.642162656523601,0.57068490382204
1 Jan 2025 13:45:12.000,218.538,34.928,2227.562285,7439.626199,-176.240231,2553.301192,-1.577816,4.878857,4.93797,1059713.717,-6266750.104,480091.3026,-0.510807867528948,-0.641300011981578,0.572546606926421
1 Jan 2025 13:45:13.000,218.521,35.058,2223.096673,7438.045334,-171.361305,2558.238112,-1.583908,4.878999,4.935873,1060084.675,-6266698.803,479941.9531,-0.50980719304002,-0.640433529265249,0.574405362542441
1 Jan 2025 13:45:14.000,218.504,35.188,2218.638342,7436.458378,-166.482239,2563.172933,-1.589998,4.879138,4.933771,1060455.635,-6266647.475,479792.6153,-0.50880445424681,-0.639563211531855,0.576261161101167
1 Jan 2025 13:45:15.000,218.486,35.319,2214.187336,7434.865332,-161.603037,2568.105651,-1.596087,4.879272,4.931666,1060826.626,-6266596.116,479643.2771,-0.507782231877839,-0.638690026498744,0.57812823407977
1 Jan 2025 13:45:16.000,218.469,35.45,2209.743706,7433.266198,-156.723703,2573.03626,-1.602175,4.879402,4.929556,1061197.617,-6266544.73,479493.9505,-0.506769086902069,-0.637804078107059,0.579992284871487
1 Jan 2025 13:45:17.000,218.451,35.582,2205.307495,7431.660977,-151.84424,2577.964759,-1.608262,4.879529,4.927442,1061568.609,-6266493.317,479344.6355,-0.505736432867528,-0.636915123777005,0.581867498297121
1 Jan 2025 13:45:18.000,218.433,35.714,2200.878757,7430.04967,-146.964652,2582.891141,-1.614347,4.879651,4.925325,1061939.573,-6266441.881,479195.3442,-0.504701704267082,-0.6360222022968,0.583739623372811
1 Jan 2025 13:45:19.000,218.415,35.846,2196.457538,7428.432279,-142.084945,2587.815404,-1.62043,4.879769,4.923203,1062310.537,-6266390.419,479046.0645,-0.503664908982167,-0.635125317016618,0.585608650161971
1 Jan 2025 13:45:20.000,218.397,35.979,2192.043883,7426.808805,-137.205121,2592.737544,-1.626513,4.879884,4.921077,1062681.533,-6266338.925,478896.7844,-0.502619686391847,-0.634216435386726,0.587488692603285
1 Jan 2025 13:45:21.000,218.379,36.113,2187.637847,7425.179248,-132.325184,2597.657555,-1.632594,4.879994,4.918948,1063052.529,-6266287.404,478747.5159,-0.501565990955195,-0.633295477768705,0.589379669275112
1 Jan 2025 13:45:22.000,218.361,36.246,2183.239475,7423.543612,-127.445139,2602.575435,-1.638674,4.8801,4.916814,1063423.496,-6266235.86,478598.2711,-0.500516585924282,-0.632378547631644,0.591253346468325
1 Jan 2025 13:45:23.000,218.342,36.381,2178.848819,7421.901896,-122.56499,2607.491179,-1.644752,4.880203,4.914676,1063794.464,-6266184.289,478449.0379,-0.499441245541625,-0.631450090691011,0.593151941089417
1 Jan 2025 13:45:24.000,218.323,36.515,2174.465927,7420.254103,-117.684741,2612.404783,-1.650829,4.880301,4.912534,1064165.463,-6266132.687,478299.8043,-0.498370244441341,-0.630525631350372,0.59503321559867
1 Jan 2025 13:45:25.000,218.304,36.651,2170.090852,7418.600233,-112.804395,2617.316244,-1.656905,4.880395,4.910388,1064536.463,-6266081.058,478150.5823,-0.497284271443879,-0.629580730371943,0.596939240893795
1 Jan 2025 13:45:26.000,218.286,36.786,2165.723641,7416.940289,-107.923957,2622.225556,-1.662979,4.880486,4.908239,1064907.464,-6266029.402,478001.372,-0.49621362672563,-0.628631173925165,0.598827925051318
1 Jan 2025 13:45:27.000,218.266,36.922,2161.364349,7415.274271,-103.04343,2627.132717,-1.669052,4.880572,4.906085,1065278.435,-6265977.723,477852.1853,-0.495112470491073,-0.627686567628982,0.600727237922814
1 Jan 2025 13:45:28.000,218.247,37.059,2157.013023,7413.602181,-98.162819,2632.037722,-1.675123,4.880655,4.903927,1065649.408,-6265926.018,477703.0102,-0.494013673395441,-0.626720849434367,0.60263709426371
1 Jan 2025 13:45:29.000,218.228,37.195,2152.669718,7411.92402,-93.282128,2636.940566,-1.681193,4.880733,4.901765,1066020.412,-6265874.281,477553.8348,-0.492919277038936,-0.625759176019649,0.604529602212019
1 Jan 2025 13:45:30.000,218.208,37.333,2148.334483,7410.239789,-88.40136,2641.841247,-1.687262,4.880807,4.899599,1066391.416,-6265822.517,477404.671,-0.491798799003639,-0.624785269498055,0.606446459563267
1 Jan 2025 13:45:31.000,218.188,37.471,2144.007373,7408.549491,-83.52052,2646.73976,-1.693329,4.880878,4.897429,1066762.421,-6265770.726,477255.5189,-0.490676209329896,-0.623807031664658,0.608359798838953
1 Jan 2025 13:45:32.000,218.168,37.609,2139.688439,7406.853126,-78.639612,2651.636101,-1.699395,4.880944,4.895255,1067133.398,-6265718.913,477106.3903,-0.489551517415615,-0.62282446660423,0.610269608939546
1 Jan 2025 13:45:33.000,218.148,37.748,2135.377731,7405.150695,-73.758639,2656.530266,-1.70546,4.881007,4.893077,1067504.375,-6265667.072,476957.2735,-0.488418132841476,-0.621829175868823,0.612189679388625
1 Jan 2025 13:45:34.000,218.128,37.887,2131.075308,7403.442201,-68.877605,2661.422251,-1.711523,4.881065,4.890895,1067875.383,-6265615.2,476808.1562,-0.487282629561047,-0.620829509127889,0.614106146789052
1 Jan 2025 13:45:35.000,218.107,38.026,2126.781217,7401.727645,-63.996515,2666.312052,-1.717584,4.881119,4.888709,1068246.392,-6265563.301,476659.0506,-0.486134199103226,-0.61983395540417,0.616018999861438
1 Jan 2025 13:45:36.000,218.087,38.167,2122.495517,7400.007028,-59.115373,2671.199665,-1.723645,4.88117,4.886519,1068617.372,-6265511.38,476509.9686,-0.484981199051929,-0.618808552251146,0.617955671733009
1 Jan 2025 13:45:37.000,218.066,38.307,2118.218258,7398.280351,-54.234183,2676.085086,-1.729704,4.881216,4.884325,1068988.353,-6265459.431,476360.8983,-0.483821926729213,-0.617795633289402,0.619874905690316
1 Jan 2025 13:45:38.000,218.045,38.448,2113.949499,7396.547616,-49.352948,2680.96831,-1.735761,4.881259,4.882127,1069359.365,-6265407.451,476211.8276,-0.482653886759657,-0.616769711653351,0.621804107724321
1 Jan 2025 13:45:39.000,218.024,38.59,2109.689291,7394.808824,-44.471672,2685.849335,-1.741817,4.881297,4.879925,1069730.377,-6265355.445,476062.7685,-0.481477036482776,-0.615730704989285,0.623743186153695
1 Jan 2025 13:45:40.000,218.003,38.732,2105.437688,7393.063977,-39.590361,2690.728156,-1.747871,4.881331,4.877719,1070101.391,-6265303.411,475913.7211,-0.480298056811957,-0.614687135578878,0.625678433363731
1 Jan 2025 13:45:41.000,217.981,38.874,2101.19475,7391.313076,-34.709016,2695.604769,-1.753924,4.881362,4.875509,1070472.375,-6265251.354,475764.6974,-0.479106248079329,-0.613647370209712,0.627609837467556
1 Jan 2025 13:45:42.000,217.959,39.017,2096.960527,7389.556123,-29.827644,2700.47917,-1.759976,4.881388,4.873295,1070843.36,-6265199.271,475615.6852,-0.477905608958826,-0.612594346866475,0.629550947194054
1 Jan 2025 13:45:43.000,217.937,39.16,2092.73508,7387.793119,-24.946247,2705.351354,-1.766026,4.881411,4.871077,1071214.376,-6265147.156,475466.6727,-0.476702873816212,-0.611536675088484,0.631488135373173
1 Jan 2025 13:45:44.000,217.915,39.304,2088.518462,7386.024066,-20.064829,2710.221319,-1.772075,4.881429,4.868855,1071585.393,-6265095.015,475317.6719,-0.475491260077723,-0.610465637835488,0.633434895322172
1 Jan 2025 13:45:45.000,217.893,39.448,2084.310733,7384.248965,-15.183395,2715.08906,-1.778122,4.881444,4.866629,1071956.381,-6265042.85,475168.6947,-0.474277537283002,-0.609389903290938,0.635377654152105
1 Jan 2025 13:45:46.000,217.871,39.593,2080.111948,7382.467817,-10.301949,2719.954573,-1.784168,4.881454,4.864399,1072327.4,-6264990.655,475019.7172,-0.473054888036472,-0.608300695730859,0.637329849040631
1 Jan 2025 13:45:47.000,217.848,39.738,2075.922162,7380.680624,-5.420494,2724.817854,-1.790212,4.88146,4.862165,1072698.39,-6264938.436,474870.7633,-0.471819519262606,-0.60721497710069,0.639277962100534
1 Jan 2025 13:45:48.000,217.825,39.884,2071.741437,7378.887388,-0.539035,2729.678899,-1.796255,4.881463,4.859927,1073069.411,-6264886.187,474721.809,-0.470575215066228,-0.606115634646499,0.641235373636269
1 Jan 2025 13:45:49.000,217.802,40.03,2067.569826,7377.08811,4.342425,2734.537704,-1.802296,4.881461,4.857685,1073440.432,-6264833.91,474572.8664,-0.469328815701026,-0.605011454387498,0.643188621488749
1 Jan 2025 13:45:50.000,217.779,40.177,2063.407394,7375.282791,9.223881,2739.394265,-1.808336,4.881456,4.855439,1073811.424,-6264781.611,474423.9475,-0.468073434934621,-0.603893542048126,0.645151028350009
1 Jan 2025 13:45:51.000,217.755,40.324,2059.254195,7373.471433,14.10533,2744.248578,-1.814374,4.881446,4.853189,1074182.418,-6264729.284,474275.0402,-0.466805427587207,-0.602778890561438,0.647109188521262
1 Jan 2025 13:45:52.000,217.732,40.472,2055.110287,7371.654037,18.986767,2749.100639,-1.820411,4.881433,4.850935,1074553.442,-6264676.927,474126.1325,-0.465538933516562,-0.601642229271349,0.649076366337324
1 Jan 2025 13:45:53.000,217.708,40.62,2050.975733,7369.830606,23.868188,2753.950444,-1.826446,4.881415,4.848677,1074924.467,-6264624.542,473977.2365,-0.464259841998897,-0.600508735869831,0.651039213297615
1 Jan 2025 13:45:54.000,217.684,40.769,2046.850591,7368.00114,28.74959,2758.79799,-1.83248,4.881394,4.846416,1075295.492,-6264572.131,473828.3522,-0.462971718817385,-0.599361249022451,0.65301093462937
1 Jan 2025 13:45:55.000,217.659,40.918,2042.73492,7366.165641,33.630968,2763.643272,-1.838512,4.881368,4.84415,1075666.489,-6264519.697,473679.4915,-0.46167106852009,-0.598216791735447,0.654978239773863
1 Jan 2025 13:45:56.000,217.635,41.068,2038.628782,7364.32411,38.512319,2768.486286,-1.844543,4.881339,4.84188,1076037.487,-6264467.236,473530.6424,-0.460371804172166,-0.597050151722431,0.656954274094846
1 Jan 2025 13:45:57.000,217.61,41.218,2034.532236,7362.47655,43.393639,2773.327028,-1.850572,4.881305,4.839606,1076408.515,-6264414.743,473381.793,-0.459060044641923,-0.595886447205578,0.658925805724794
1 Jan 2025 13:45:58.000,217.585,41.369,2030.445346,7360.622961,48.274923,2778.165495,-1.8566,4.881268,4.837329,1076779.544,-6264362.224,473232.9553,-0.457739208367684,-0.594708485580593,0.660905919402575
1 Jan 2025 13:45:59.000,217.56,41.52,2026.368171,7358.763345,53.156167,2783.001682,-1.862626,4.881226,4.835047,1077150.544,-6264309.682,473084.1412,-0.45641631019871,-0.593525353038453,0.662881442706895
1 Jan 2025 13:46:00.000,217.534,41.671,2022.300772,7356.897703,58.037368,2787.835585,-1.868651,4.88118,4.832761,1077521.545,-6264257.112,472935.3388,-0.455081025279985,-0.592344998530444,0.664852361916604
1 Jan 2025 13:46:01.000,217.508,41.824,2018.243214,7355.026038,62.918521,2792.667201,-1.874674,4.881131,4.830472,1077892.577,-6264204.512,472786.536,-0.453729574282676,-0.591140974288079,0.666844676022088
1 Jan 2025 13:46:02.000,217.482,41.976,2014.195557,7353.148351,67.799623,2797.496525,-1.880695,4.881077,4.828178,1078263.61,-6264151.885,472637.745,-0.452383179713157,-0.589940892221045,0.668819259888687
1 Jan 2025 13:46:03.000,217.456,42.129,2010.157863,7351.264642,72.680669,2802.323554,-1.886715,4.88102,4.825881,1078634.643,-6264099.231,472488.9655,-0.451027666030059,-0.588726263119838,0.670802080787194
1 Jan 2025 13:46:04.000,217.43,42.283,2006.130199,7349.374915,77.561656,2807.148284,-1.892734,4.880958,4.823579,1079005.648,-6264046.554,472340.2097,-0.449662996915294,-0.587497001476207,0.672793030925278
1 Jan 2025 13:46:05.000,217.403,42.437,2002.112625,7347.47917,82.442579,2811.970709,-1.898751,4.880893,4.821274,1079376.653,-6263993.85,472191.4656,-0.448286057693016,-0.586270201252122,0.674779120603068
1 Jan 2025 13:46:06.000,217.376,42.592,1998.105205,7345.577409,87.323435,2816.790828,-1.904766,4.880823,4.818965,1079747.689,-6263941.114,472042.7212,-0.446899967968289,-0.585028610679752,0.676773184542695
1 Jan 2025 13:46:07.000,217.349,42.747,1994.108005,7343.669634,92.204219,2821.608635,-1.91078,4.88075,4.816651,1080118.726,-6263888.352,471893.9884,-0.445511879622902,-0.583781561230849,0.67876229556579
1 Jan 2025 13:46:08.000,217.321,42.903,1990.121088,7341.755845,97.084928,2826.424127,-1.916792,4.880672,4.814334,1080489.734,-6263835.567,471745.2793,-0.444104437090056,-0.582527362495645,0.680759223882271
1 Jan 2025 13:46:09.000,217.294,43.059,1986.144518,7339.836046,101.965557,2831.2373,-1.922802,4.880591,4.812013,1080860.772,-6263782.751,471596.5698,-0.442705181914034,-0.581259881364097,0.682751105618334
1 Jan 2025 13:46:10.000,217.266,43.216,1982.178363,7337.910236,106.846103,2836.04815,-1.928811,4.880505,4.809688,1081231.782,-6263729.912,471447.884,-0.44128658106689,-0.579985091716989,0.684750645677922
1 Jan 2025 13:46:11.000,217.237,43.373,1978.222687,7335.978419,111.726561,2840.856672,-1.934818,4.880416,4.807359,1081602.822,-6263677.042,471299.1979,-0.439855920531444,-0.578712375303803,0.686745044280384
1 Jan 2025 13:46:12.000,217.209,43.531,1974.277554,7334.040595,116.606928,2845.662864,-1.940824,4.880323,4.805026,1081973.863,-6263624.145,471150.5234,-0.438426170028123,-0.577416786875511,0.688746940224661
1 Jan 2025 13:46:13.000,217.18,43.69,1970.343034,7332.096766,121.487199,2850.466721,-1.946828,4.880225,4.802689,1082344.875,-6263571.225,471001.8726,-0.436977118493286,-0.5761135685334,0.690756218983959
1 Jan 2025 13:46:14.000,217.151,43.848,1966.419191,7330.146933,126.367371,2855.268238,-1.952831,4.880124,4.800348,1082715.887,-6263518.279,470853.2334,-0.435533437751202,-0.574814230236253,0.692747591348049
1 Jan 2025 13:46:15.000,217.121,44.008,1962.50609,7328.191099,131.247439,2860.067413,-1.958832,4.880018,4.798003,1083086.931,-6263465.301,470704.594,-0.434063229465704,-0.573497444819869,0.694758802470962
1 Jan 2025 13:46:16.000,217.092,44.168,1958.603803,7326.229265,136.1274,2864.864242,-1.964831,4.879909,4.795655,1083457.975,-6263412.296,470555.9662,-0.43260112353731,-0.572167253570314,0.696764595725171
1 Jan 2025 13:46:17.000,217.062,44.328,1954.712396,7324.261433,141.00725,2869.658719,-1.970829,4.879795,4.793302,1083829.02,-6263359.264,470407.3501,-0.431127141446958,-0.570838790654634,0.698764955469097
1 Jan 2025 13:46:18.000,217.032,44.489,1950.831935,7322.287604,145.886984,2874.450842,-1.976825,4.879678,4.790945,1084200.036,-6263306.209,470258.7576,-0.429643943698313,-0.569494724463099,0.700772317127367
1 Jan 2025 13:46:19.000,217.001,44.651,1946.962488,7320.307779,150.766598,2879.240606,-1.982819,4.879556,4.788585,1084571.053,-6263253.127,470110.1768,-0.428141583872384,-0.568142440399569,0.702786561892065
1 Jan 2025 13:46:20.000,216.97,44.813,1943.104127,7318.321961,155.646089,2884.028008,-1.988812,4.879431,4.78622,1084942.101,-6263200.015,469961.5958,-0.426637393214843,-0.566784154008095,0.704795188317976
1 Jan 2025 13:46:21.000,216.939,44.975,1939.256918,7316.330151,160.525453,2888.813044,-1.994803,4.879301,4.783852,1085313.149,-6263146.875,469813.0264,-0.425131389800972,-0.565419873778338,0.706798180347391
1 Jan 2025 13:46:22.000,216.907,45.138,1935.42093,7314.332351,165.404685,2893.595709,-2.000792,4.879168,4.78148,1085684.169,-6263093.712,469664.4806,-0.423606318162494,-0.564047109876428,0.708807833656531
1 Jan 2025 13:46:23.000,216.875,45.302,1931.596236,7312.328562,170.283782,2898.376,-2.00678,4.879031,4.779104,1086055.219,-6263040.519,469515.9345,-0.42207204249772,-0.56265832814007,0.710824026546954
1 Jan 2025 13:46:24.000,216.843,45.466,1927.782903,7310.318786,175.16274,2903.153913,-2.012766,4.878889,4.776724,1086426.24,-6262987.302,469367.4121,-0.420535995177473,-0.561263397269034,0.712834395667124
1 Jan 2025 13:46:25.000,216.811,45.631,1923.981003,7308.303025,180.041554,2907.929444,-2.018751,4.878744,4.77434,1086797.291,-6262934.054,469218.8894,-0.418990719595547,-0.559852337479146,0.714851129335292
1 Jan 2025 13:46:26.000,216.778,45.796,1920.190604,7306.28128,184.92022,2912.702589,-2.024733,4.878594,4.771952,1087168.344,-6262880.78,469070.3784,-0.417433932967646,-0.5584423679595,0.716861934597555
1 Jan 2025 13:46:27.000,216.745,45.962,1916.41178,7304.253553,189.798736,2917.473344,-2.030715,4.878441,4.76956,1087539.367,-6262827.482,468921.891,-0.415867944590986,-0.557016104402862,0.718878927287153
1 Jan 2025 13:46:28.000,216.711,46.129,1912.644601,7302.219846,194.677096,2922.241705,-2.036694,4.878284,4.767164,1087910.391,-6262774.158,468773.4152,-0.414283031838167,-0.555580689455961,0.720901981572124
1 Jan 2025 13:46:29.000,216.677,46.296,1908.889138,7300.18016,199.555296,2927.007668,-2.042672,4.878122,4.764764,1088281.446,-6262720.802,468624.9392,-0.412696452827216,-0.554138868229226,0.722918911456511
1 Jan 2025 13:46:30.000,216.643,46.463,1905.145465,7298.134498,204.433333,2931.77123,-2.048648,4.877957,4.762361,1088652.501,-6262667.42,468476.4749,-0.4111082280755,-0.552690650498508,0.724929699805546
1 Jan 2025 13:46:31.000,216.608,46.631,1901.413653,7296.08286,209.311203,2936.532387,-2.054622,4.877788,4.759953,1089023.558,-6262614.01,468328.0223,-0.409501191129336,-0.55123300878411,0.726946314723772
1 Jan 2025 13:46:32.000,216.573,46.8,1897.693775,7294.025249,214.188901,2941.291134,-2.060595,4.877614,4.757542,1089394.585,-6262560.578,468179.5933,-0.40788499027757,-0.549758651538664,0.728968627421411
1 Jan 2025 13:46:33.000,216.538,46.969,1893.985904,7291.961666,219.066424,2946.047468,-2.066566,4.877437,4.755127,1089765.613,-6262507.119,468031.176,-0.406267198231177,-0.548277740909468,0.730984597966742
1 Jan 2025 13:46:34.000,216.502,47.138,1890.290111,7289.892112,223.943768,2950.801385,-2.072535,4.877255,4.752708,1090136.672,-6262453.628,467882.7584,-0.404638293109192,-0.546797349650971,0.732994208820474
1 Jan 2025 13:46:35.000,216.466,47.309,1886.606474,7287.816591,228.820928,2955.55288,-2.078503,4.87707,4.750285,1090507.732,-6262400.111,467734.3526,-0.402992642836678,-0.545289735806933,0.735021111154717
1 Jan 2025 13:46:36.000,216.43,47.479,1882.935064,7285.735102,233.697901,2960.301951,-2.084469,4.876881,4.747858,1090878.762,-6262346.571,467585.9703,-0.40135309979904,-0.543785761132337,0.737029670550261
1 Jan 2025 13:46:37.000,216.393,47.651,1879.275957,7283.647649,238.574683,2965.048592,-2.090433,4.876687,4.745427,1091249.793,-6262293.004,467437.5997,-0.399687305315057,-0.542261362813562,0.73905525664159
1 Jan 2025 13:46:38.000,216.355,47.823,1875.629225,7281.554233,243.451269,2969.792802,-2.096395,4.87649,4.742992,1091620.855,-6262239.406,467289.2289,-0.398010611253154,-0.540737098167377,0.741074182518468
1 Jan 2025 13:46:39.000,216.318,47.995,1871.994946,7279.454855,248.327656,2974.534574,-2.102356,4.876289,4.740554,1091991.918,-6262185.78,467140.8698,-0.396341942742938,-0.539199056000938,0.743086429986748
1 Jan 2025 13:46:40.000,216.28,48.168,1868.373194,7277.349517,253.20384,2979.273906,-2.108315,4.876084,4.738111,1092362.981,-6262132.128,466992.5223,-0.394654779576896,-0.537650628400001,0.745103621477037
1 Jan 2025 13:46:41.000,216.241,48.342,1864.764044,7275.238221,258.079816,2984.010793,-2.114272,4.875874,4.735665,1092734.016,-6262078.453,466844.1985,-0.392949184937111,-0.536091638214304,0.747125620959396
1 Jan 2025 13:46:42.000,216.202,48.516,1861.167574,7273.120969,262.955581,2988.745233,-2.120227,4.875661,4.733215,1093105.051,-6262024.751,466695.8864,-0.39124227546941,-0.53452562943959,0.74914073000854
1 Jan 2025 13:46:43.000,216.163,48.691,1857.583856,7270.997762,267.831131,2993.47722,-2.126181,4.875444,4.730761,1093476.117,-6261971.018,466547.574,-0.389526339592531,-0.532942029673144,0.751160451416017
1 Jan 2025 13:46:44.000,216.123,48.866,1854.012971,7268.868602,272.706462,2998.206751,-2.132133,4.875222,4.728303,1093847.183,-6261917.258,466399.2733,-0.387799837100152,-0.531358136650022,0.753173165321835
1 Jan 2025 13:46:45.000,216.082,49.042,1850.454995,7266.733492,277.581569,3002.933822,-2.138083,4.874997,4.725841,1094218.221,-6261863.475,466250.9962,-0.386055113594193,-0.529763220150406,0.755190293795973
1 Jan 2025 13:46:46.000,216.041,49.218,1846.910003,7264.592432,282.456449,3007.658429,-2.144031,4.874768,4.723375,1094589.289,-6261809.661,466102.7189,-0.38430923279154,-0.528161078345304,0.757200296429091
1 Jan 2025 13:46:47.000,216,49.395,1843.378075,7262.445425,287.331098,3012.380569,-2.149978,4.874535,4.720906,1094960.328,-6261755.824,465954.4653,-0.382554432041166,-0.526541003857579,0.75921451367997
1 Jan 2025 13:46:48.000,215.958,49.573,1839.859285,7260.292472,292.205511,3017.100237,-2.155923,4.874297,4.718432,1095331.397,-6261701.956,465806.2114,-0.380781537216598,-0.524909553647232,0.761232803684148
1 Jan 2025 13:46:49.000,215.916,49.751,1836.353716,7258.133575,297.079686,3021.81743,-2.161866,4.874056,4.715955,1095702.468,-6261648.061,465657.9692,-0.379007569136959,-0.523270719346804,0.763243746657102
1 Jan 2025 13:46:50.000,215.873,49.929,1832.861443,7255.968736,301.953617,3026.532144,-2.167807,4.873811,4.713474,1096073.509,-6261594.144,465509.7506,-0.377223450663602,-0.521631098209859,0.765247323190236
1 Jan 2025 13:46:51.000,215.83,50.109,1829.382547,7253.797956,306.827301,3031.244374,-2.173746,4.873562,4.710989,1096444.551,-6261540.199,465361.5437,-0.375422692650122,-0.519962343800866,0.767265901022874
1 Jan 2025 13:46:52.000,215.787,50.288,1825.917104,7251.621238,311.700733,3035.954118,-2.179684,4.873309,4.7085,1096815.623,-6261486.223,465213.3366,-0.373628802607337,-0.518296938170542,0.769265754954195
1 Jan 2025 13:46:53.000,215.742,50.469,1822.465196,7249.438584,316.573911,3040.661371,-2.18562,4.873051,4.706007,1097186.697,-6261432.221,465065.1412,-0.371800221498131,-0.516615199908651,0.771280319026283
1 Jan 2025 13:46:54.000,215.697,50.65,1819.0269,7247.249994,321.446829,3045.366129,-2.191554,4.87279,4.70351,1097557.771,-6261378.191,464916.9575,-0.369970807053353,-0.514925751741969,0.773287186057844
1 Jan 2025 13:46:55.000,215.652,50.831,1815.602298,7245.055471,326.319484,3050.068388,-2.197486,4.872525,4.70101,1097928.816,-6261324.139,464768.7974,-0.368140588500568,-0.513228608202275,0.775286336021222
1 Jan 2025 13:46:56.000,215.606,51.013,1812.191469,7242.855017,331.191873,3054.768146,-2.203417,4.872256,4.698506,1098299.861,-6261270.059,464620.649,-0.366292768898297,-0.511519147348639,0.777288729719234
1 Jan 2025 13:46:57.000,215.56,51.196,1808.794494,7240.648633,336.063989,3059.465397,-2.209345,4.871983,4.695998,1098670.938,-6261215.949,464472.5004,-0.364436330778129,-0.509790822651502,0.779294217833855
1 Jan 2025 13:46:58.000,215.513,51.379,1805.411454,7238.436321,340.935831,3064.160138,-2.215272,4.871706,4.693486,1099042.015,-6261161.811,464324.3635,-0.362570324028753,-0.50806097267897,0.781291756115591
1 Jan 2025 13:46:59.000,215.465,51.563,1802.042428,7236.218084,345.807394,3068.852365,-2.221197,4.871425,4.69097,1099413.063,-6261107.651,464176.2502,-0.360686938033046,-0.506318380618908,0.783292174210743
1 Jan 2025 13:47:00.000,215.417,51.747,1798.687499,7233.993923,350.678674,3073.542074,-2.22712,4.87114,4.68845,1099784.141,-6261053.459,464028.1367,-0.358803011835558,-0.504567766092589,0.78528451412088
1 Jan 2025 13:47:01.000,215.368,51.932,1795.346748,7231.763839,355.549666,3078.229262,-2.233042,4.87085,4.685927,1100155.191,-6260999.245,463880.0468,-0.35690184787097,-0.502804169646464,0.787279517053769
1 Jan 2025 13:47:02.000,215.319,52.118,1792.020255,7229.527835,360.420368,3082.913924,-2.238961,4.870557,4.683399,1100526.271,-6260944.999,463731.9568,-0.354992283554518,-0.501021206805985,0.789277029278962
1 Jan 2025 13:47:03.000,215.269,52.304,1788.708104,7227.285913,365.290774,3087.596057,-2.244879,4.87026,4.680868,1100897.351,-6260890.727,463583.8784,-0.353073581129124,-0.499236226220582,0.791266223680557
1 Jan 2025 13:47:04.000,215.218,52.49,1785.410377,7225.038073,370.160881,3092.275657,-2.250794,4.869959,4.678333,1101268.403,-6260836.432,463435.8236,-0.351145867194795,-0.497449144276476,0.793247079295359
1 Jan 2025 13:47:05.000,215.167,52.678,1782.127156,7222.78432,375.030686,3096.95272,-2.256708,4.869654,4.675794,1101639.455,-6260782.11,463287.7806,-0.349201931726503,-0.495631089936121,0.795240739378467
1 Jan 2025 13:47:06.000,215.115,52.865,1778.858524,7220.524653,379.900183,3101.627242,-2.26262,4.869345,4.673251,1102010.538,-6260727.757,463139.7373,-0.347257142441234,-0.493822073710705,0.797215301245283
1 Jan 2025 13:47:07.000,215.063,53.054,1775.604564,7218.259075,384.769369,3106.29922,-2.26853,4.869032,4.670705,1102381.622,-6260673.376,462991.7058,-0.345296205166537,-0.491981839461293,0.799202352560271
1 Jan 2025 13:47:08.000,215.01,53.243,1772.365358,7215.987587,389.638241,3110.968649,-2.274439,4.868715,4.668155,1102752.706,-6260618.969,462843.686,-0.343326588579622,-0.490139089840407,0.801180707571454
1 Jan 2025 13:47:09.000,214.956,53.432,1769.14099,7213.710193,394.506793,3115.635526,-2.280345,4.868394,4.6656,1103123.762,-6260564.539,462695.6898,-0.341348424763157,-0.488293740116147,0.8031503447519
1 Jan 2025 13:47:10.000,214.901,53.622,1765.931544,7211.426893,399.375022,3120.299847,-2.28625,4.868069,4.663042,1103494.817,-6260510.083,462547.7053,-0.33935380639501,-0.48643418068397,0.80512159451075
1 Jan 2025 13:47:11.000,214.846,53.813,1762.737104,7209.137689,404.242925,3124.961608,-2.292152,4.86774,4.660481,1103865.904,-6260455.595,462399.7206,-0.337351298880889,-0.484554330534259,0.807094295546607
1 Jan 2025 13:47:12.000,214.79,54.004,1759.557753,7206.842584,409.110496,3129.620805,-2.298053,4.867408,4.657915,1104236.991,-6260401.079,462251.7476,-0.335340546655261,-0.482671550660982,0.809058027555177
1 Jan 2025 13:47:13.000,214.733,54.196,1756.393575,7204.541579,413.977733,3134.277435,-2.303952,4.867071,4.655346,1104608.049,-6260346.542,462103.7983,-0.333313621196263,-0.480774122673099,0.811022979263193
1 Jan 2025 13:47:14.000,214.675,54.389,1753.244655,7202.234676,418.844631,3138.931493,-2.309849,4.86673,4.652772,1104979.108,-6260291.977,461955.8606,-0.331270636453473,-0.478861851992036,0.812988986475505
1 Jan 2025 13:47:15.000,214.617,54.582,1750.111078,7199.921878,423.711186,3143.582977,-2.315744,4.866385,4.650195,1105350.197,-6260237.381,461807.9228,-0.329228113089872,-0.476940502795686,0.814945768959064
1 Jan 2025 13:47:16.000,214.558,54.775,1746.992929,7197.603185,428.577394,3148.231881,-2.321637,4.866036,4.647615,1105721.287,-6260182.758,461659.9967,-0.327177800007452,-0.475015806292356,0.816893304510881
1 Jan 2025 13:47:17.000,214.498,54.969,1743.890293,7195.2786,433.443251,3152.878203,-2.327528,4.865683,4.64503,1106092.378,-6260128.109,461512.0823,-0.325111743529793,-0.473075897943332,0.818841589688829
1 Jan 2025 13:47:18.000,214.437,55.164,1740.803254,7192.948124,438.308753,3157.521938,-2.333417,4.865326,4.642441,1106463.44,-6260073.436,461364.1916,-0.323030065134625,-0.471120581652334,0.820790457158638
1 Jan 2025 13:47:19.000,214.375,55.359,1737.731898,7190.611761,443.173897,3162.163083,-2.339305,4.864966,4.639849,1106834.502,-6260018.737,461216.3125,-0.320940996262559,-0.469161512219056,0.822729817358241
1 Jan 2025 13:47:20.000,214.313,55.555,1734.67631,7188.269511,448.038677,3166.801634,-2.34519,4.864601,4.637253,1107205.595,-6259964.006,461068.4333,-0.318844722135417,-0.467181149334554,0.824669519791312
1 Jan 2025 13:47:21.000,214.249,55.751,1731.636577,7185.921377,452.903091,3171.437586,-2.351073,4.864232,4.634653,1107576.688,-6259909.248,460920.5658,-0.316733147899518,-0.465202387054473,0.826599571800326
1 Jan 2025 13:47:22.000,214.185,55.948,1728.612784,7183.56736,457.767134,3176.070937,-2.356955,4.863859,4.63205,1107947.753,-6259854.468,460772.7219,-0.314614568819972,-0.463202083164429,0.828529723811015
1 Jan 2025 13:47:23.000,214.12,56.146,1725.605016,7181.207462,462.630803,3180.701682,-2.362835,4.863483,4.629442,1108318.848,-6259799.657,460624.8778,-0.312480962872844,-0.461185604448145,0.830459804019352
1 Jan 2025 13:47:24.000,214.054,56.344,1722.613361,7178.841686,467.494093,3185.329819,-2.368712,4.863102,4.626831,1108689.913,-6259744.822,460477.0574,-0.310340599798163,-0.45916478866394,0.832379966702777
1 Jan 2025 13:47:25.000,213.987,56.542,1719.637903,7176.470034,472.357,3189.955341,-2.374588,4.862717,4.624216,1109061.01,-6259689.957,460329.2368,-0.308193630741011,-0.457139548305885,0.834290188930305
1 Jan 2025 13:47:26.000,213.919,56.742,1716.678731,7174.092506,477.21952,3194.578247,-2.380462,4.862329,4.621597,1109432.107,-6259635.065,460181.4279,-0.306023919529005,-0.455085574070997,0.836209591519121
1 Jan 2025 13:47:27.000,213.85,56.941,1713.735929,7171.709106,482.08165,3199.198533,-2.386333,4.861936,4.618975,1109803.174,-6259580.15,460033.6426,-0.303856039153345,-0.453038999148725,0.838109284473309
1 Jan 2025 13:47:28.000,213.78,57.142,1710.809584,7169.319836,486.943385,3203.816194,-2.392203,4.861539,4.616348,1110174.243,-6259525.208,459885.8691,-0.301665701090646,-0.45096329053249,0.840017806583645
1 Jan 2025 13:47:29.000,213.709,57.343,1707.899784,7166.924696,491.804722,3208.431226,-2.398071,4.861139,4.613718,1110545.342,-6259470.234,459738.0954,-0.299469350725322,-0.448882582113135,0.841915990732804
1 Jan 2025 13:47:30.000,213.637,57.544,1705.006615,7164.52369,496.665656,3213.043627,-2.403937,4.860734,4.611084,1110916.442,-6259415.234,459590.3334,-0.297267146162385,-0.446796786060315,0.843803813560145
1 Jan 2025 13:47:31.000,213.564,57.746,1702.130164,7162.116818,501.526183,3217.653391,-2.409801,4.860326,4.608446,1111287.542,-6259360.207,459442.5832,-0.295051085888647,-0.444693515524799,0.84569056632206
1 Jan 2025 13:47:32.000,213.49,57.948,1699.270517,7159.704084,506.3863,3222.260517,-2.415662,4.859913,4.605805,1111658.613,-6259305.157,459294.8565,-0.292829485515484,-0.44258490626229,0.84756680749162
1 Jan 2025 13:47:33.000,213.414,58.152,1696.427763,7157.285489,511.246002,3226.864998,-2.421522,4.859497,4.60316,1112029.685,-6259250.08,459147.1417,-0.290578490389048,-0.440451192269027,0.849450933339893
1 Jan 2025 13:47:34.000,213.338,58.355,1693.601988,7154.861035,516.105286,3231.466833,-2.42738,4.859076,4.600511,1112400.787,-6259194.972,458999.4266,-0.288338163503533,-0.438319114596626,0.851315133923179
1 Jan 2025 13:47:35.000,213.26,58.559,1690.793278,7152.430725,520.964147,3236.066017,-2.433236,4.858652,4.597858,1112771.89,-6259139.837,458851.7233,-0.286077002551273,-0.436173901026399,0.853177752097822
1 Jan 2025 13:47:36.000,213.181,58.764,1688.001721,7149.994559,525.822582,3240.662546,-2.43909,4.858223,4.595201,1113142.964,-6259084.68,458704.0436,-0.283802858491528,-0.43401027734179,0.855038605370389
1 Jan 2025 13:47:37.000,213.101,58.969,1685.227405,7147.552541,530.680587,3245.256417,-2.444942,4.857791,4.592541,1113514.069,-6259029.491,458556.3637,-0.281524065483176,-0.431840569100041,0.856888512837684
1 Jan 2025 13:47:38.000,213.02,59.175,1682.470416,7145.104672,535.538157,3249.847625,-2.450791,4.857354,4.589877,1113885.144,-6258974.279,458408.7075,-0.279232625478474,-0.429652121993015,0.858736394323251
1 Jan 2025 13:47:39.000,212.937,59.381,1679.730842,7142.650954,540.395289,3254.436168,-2.456639,4.856914,4.587209,1114256.25,-6258919.037,458261.0511,-0.276929416385984,-0.427462172062702,0.860573175154533
1 Jan 2025 13:47:40.000,212.853,59.588,1677.008771,7140.191389,545.251978,3259.02204,-2.462485,4.85647,4.584538,1114627.356,-6258863.767,458113.4065,-0.274613982215451,-0.425253074026889,0.862407666827269
1 Jan 2025 13:47:41.000,212.768,59.796,1674.304289,7137.72598,550.108221,3263.60524,-2.468329,4.856021,4.581862,1114998.433,-6258808.475,457965.7854,-0.272286500782352,-0.42302462434733,0.86423968243046
1 Jan 2025 13:47:42.000,212.681,60.004,1671.617483,7135.254728,554.964014,3268.185762,-2.47417,4.855569,4.579183,1115369.511,-6258753.155,457818.1762,-0.269947970915067,-0.420794053495491,0.866060308258999
1 Jan 2025 13:47:43.000,212.593,60.212,1668.948442,7132.777635,559.819352,3272.763603,-2.48001,4.855113,4.5765,1115740.619,-6258697.805,457670.5667,-0.267605992357542,-0.41855648191816,0.867869520318941
1 Jan 2025 13:47:44.000,212.504,60.421,1666.297252,7130.294703,564.674233,3277.33876,-2.485848,4.854653,4.573814,1116111.728,-6258642.427,457522.969,-0.265252587289246,-0.416299022422557,0.8696759102484
1 Jan 2025 13:47:45.000,212.413,60.631,1663.664001,7127.805935,569.528651,3281.911228,-2.491683,4.854188,4.571123,1116482.838,-6258587.023,457375.3831,-0.262880718986856,-0.414026059605657,0.871479288079967
1 Jan 2025 13:47:46.000,212.32,60.841,1661.048775,7125.311333,574.382603,3286.481004,-2.497517,4.85372,4.568429,1116853.918,-6258531.596,457227.8207,-0.260498848937222,-0.411750145386849,0.873270958795889
1 Jan 2025 13:47:47.000,212.226,61.051,1658.451662,7122.810898,579.236084,3291.048084,-2.503348,4.853248,4.565731,1117224.999,-6258476.142,457080.2702,-0.258114427353249,-0.409466564847785,0.875050898327554
1 Jan 2025 13:47:48.000,212.131,61.262,1655.872748,7120.304632,584.089092,3295.612464,-2.509177,4.852772,4.56303,1117596.111,-6258420.656,456932.7194,-0.25571950031483,-0.407162273630225,0.876827474530195
1 Jan 2025 13:47:49.000,212.033,61.474,1653.312121,7117.792539,588.941621,3300.174141,-2.515005,4.852292,4.560325,1117967.223,-6258365.144,456785.1804,-0.253300138540975,-0.404845910242009,0.878600494408831
1 Jan 2025 13:47:50.000,211.934,61.686,1650.769868,7115.274619,593.793669,3304.733111,-2.52083,4.851808,4.557616,1118338.306,-6258309.609,456637.6651,-0.250878970185358,-0.402521299995562,0.88036148562316
1 Jan 2025 13:47:51.000,211.834,61.898,1648.246076,7112.750875,598.64523,3309.28937,-2.526653,4.85132,4.554903,1118709.389,-6258254.047,456490.1615,-0.248456186731689,-0.400188359441457,0.882110424063962
1 Jan 2025 13:47:52.000,211.731,62.111,1645.740831,7110.221308,603.496301,3313.842914,-2.532474,4.850828,4.552186,1119080.503,-6258198.454,456342.6577,-0.246009979838836,-0.397842473278048,0.88385544987611
1 Jan 2025 13:47:53.000,211.627,62.325,1643.254219,7107.685922,608.346879,3318.39374,-2.538293,4.850332,4.549466,1119451.618,-6258142.834,456195.1657,-0.24355461807061,-0.39547468016214,0.885596367069746
1 Jan 2025 13:47:54.000,211.521,62.539,1640.786328,7105.144718,613.196958,3322.941844,-2.54411,4.849832,4.546742,1119822.733,-6258087.187,456047.6855,-0.241091558975025,-0.393102186243246,0.887324929978738
1 Jan 2025 13:47:55.000,211.413,62.753,1638.337243,7102.597698,618.046535,3327.487222,-2.549925,4.849328,4.544015,1120193.82,-6258031.518,455900.2288,-0.238621126011597,-0.390724781615826,0.889041114489213
1 Jan 2025 13:47:56.000,211.303,62.968,1635.907051,7100.044864,622.895607,3332.02987,-2.555737,4.84882,4.541283,1120564.906,-6257975.821,455752.784,-0.236135566902154,-0.388328973267004,0.890752829108723
1 Jan 2025 13:47:57.000,211.191,63.184,1633.495837,7097.486219,627.744169,3336.569786,-2.561548,4.848308,4.538548,1120936.023,-6257920.093,455605.3389,-0.233635240323155,-0.385914428587368,0.892459874889189
1 Jan 2025 13:47:58.000,211.078,63.4,1631.103689,7094.921764,632.592217,3341.106964,-2.567356,4.847793,4.535809,1121307.141,-6257864.338,455457.9057,-0.231135259568413,-0.383490146583259,0.894154236839368
1 Jan 2025 13:47:59.000,210.962,63.616,1628.730691,7092.351502,637.439747,3345.641402,-2.573163,4.847273,4.533067,1121678.23,-6257808.561,455310.4961,-0.228622530434755,-0.381064030303709,0.895835890878627
1 Jan 2025 13:48:00.000,210.843,63.833,1626.376928,7089.775435,642.286755,3350.173096,-2.578967,4.846749,4.530321,1122049.349,-6257752.752,455163.0863,-0.226089485305756,-0.378622290826891,0.89751250995358
1 Jan 2025 13:48:01.000,210.723,64.05,1624.042486,7087.193564,647.133238,3354.702041,-2.584769,4.846221,4.527571,1122420.439,-6257696.921,455015.7002,-0.223557779447634,-0.376170149903031,0.89917625500809
1 Jan 2025 13:48:02.000,210.6,64.268,1621.72745,7084.605893,651.979191,3359.228235,-2.590569,4.84569,4.524817,1122791.559,-6257641.059,454868.3139,-0.221006578252227,-0.373701715145541,0.900834679875572
1 Jan 2025 13:48:03.000,210.475,64.486,1619.431906,7082.012422,656.82461,3363.751673,-2.596367,4.845154,4.52206,1123162.68,-6257585.169,454720.9394,-0.218450867693653,-0.371226282779303,0.902480063700994
1 Jan 2025 13:48:04.000,210.348,64.705,1617.155936,7079.413155,661.669492,3368.272352,-2.602162,4.844614,4.519299,1123533.772,-6257529.257,454573.5886,-0.215883023526193,-0.368730029507573,0.904119840227242
1 Jan 2025 13:48:05.000,210.218,64.924,1614.899627,7076.808093,666.513832,3372.790268,-2.607956,4.844071,4.516534,1123904.864,-6257473.318,454426.2495,-0.213305009926401,-0.366230006278921,0.905746407799247
1 Jan 2025 13:48:06.000,210.086,65.143,1612.663061,7074.197239,671.357626,3377.305417,-2.613747,4.843523,4.513766,1124275.987,-6257417.348,454278.9102,-0.210723661043262,-0.363722196310169,0.907359742653283
1 Jan 2025 13:48:07.000,209.951,65.363,1610.446324,7071.580595,676.200871,3381.817796,-2.619537,4.842972,4.510994,1124647.11,-6257361.35,454131.5828,-0.208125109232437,-0.36119628367902,0.908967097074174
1 Jan 2025 13:48:08.000,209.813,65.583,1608.249498,7068.958162,681.043563,3386.327402,-2.625324,4.842416,4.508218,1125018.234,-6257305.326,453984.2671,-0.205517804688651,-0.358665590583192,0.91056105017048
1 Jan 2025 13:48:09.000,209.672,65.804,1606.072666,7066.329943,685.885697,3390.834229,-2.631108,4.841857,4.505438,1125389.329,-6257249.28,453836.975,-0.20289436334856,-0.356115947517167,0.91214873197595
1 Jan 2025 13:48:10.000,209.529,66.025,1603.915912,7063.695941,690.72727,3395.338276,-2.636891,4.841294,4.502655,1125760.424,-6257193.206,453689.6947,-0.200269379146687,-0.353557268247097,0.913722843014144
1 Jan 2025 13:48:11.000,209.383,66.247,1601.779317,7061.056157,695.568277,3399.839537,-2.642672,4.840726,4.499868,1126131.55,-6257137.101,453542.4142,-0.197629259561313,-0.35097888477884,0.915290390097399
1 Jan 2025 13:48:12.000,209.234,66.468,1599.662965,7058.410594,700.408715,3404.338009,-2.64845,4.840155,4.497078,1126502.676,-6257080.969,453395.1456,-0.194990211844857,-0.348408258894517,0.916837227875695
1 Jan 2025 13:48:13.000,209.081,66.691,1597.566937,7055.759253,705.24858,3408.83369,-2.654226,4.83958,4.494283,1126873.773,-6257024.814,453247.9005,-0.192323270107374,-0.345806523082998,0.918384237870214
1 Jan 2025 13:48:14.000,208.925,66.913,1595.491315,7053.102137,710.087868,3413.326574,-2.66,4.839,4.491485,1127244.871,-6256968.633,453100.6672,-0.189658522856921,-0.343211787689238,0.919910492112623
1 Jan 2025 13:48:15.000,208.766,67.136,1593.43618,7050.439249,714.926574,3417.816658,-2.665772,4.838417,4.488684,1127615.999,-6256912.42,452953.4339,-0.186980937078987,-0.340595661849053,0.921429717503549
1 Jan 2025 13:48:16.000,208.604,67.359,1591.401612,7047.77059,719.764696,3422.303939,-2.671542,4.83783,4.485879,1127987.127,-6256856.18,452806.2123,-0.184298830985402,-0.33797182534836,0.922934984800182
1 Jan 2025 13:48:17.000,208.438,67.583,1589.387693,7045.096162,724.602228,3426.788412,-2.677309,4.837239,4.48307,1128358.257,-6256799.914,452659.0024,-0.181599199305497,-0.335328934296596,0.924432927061294
1 Jan 2025 13:48:18.000,208.269,67.807,1587.394501,7042.415968,729.439167,3431.270075,-2.683074,4.836644,4.480257,1128729.357,-6256743.624,452511.8162,-0.178896263770064,-0.332677497969624,0.925916739860439
1 Jan 2025 13:48:19.000,208.095,68.031,1585.422117,7039.73001,734.275509,3435.748924,-2.688837,4.836045,4.477441,1129100.457,-6256687.308,452364.6417,-0.176179045824908,-0.33002334454683,0.927386400518333
1 Jan 2025 13:48:20.000,207.918,68.255,1583.47062,7037.03829,739.11125,3440.224954,-2.694598,4.835442,4.474621,1129471.588,-6256630.961,452217.4672,-0.173459796376353,-0.327359815478995,0.928841886572
1 Jan 2025 13:48:21.000,207.737,68.48,1581.540088,7034.34081,743.946386,3444.698163,-2.700356,4.834835,4.471797,1129842.72,-6256574.586,452070.3044,-0.170725841295365,-0.324675203450802,0.930289578237965
1 Jan 2025 13:48:22.000,207.552,68.705,1579.630599,7031.637573,748.780913,3449.168546,-2.706113,4.834224,4.46897,1130213.852,-6256518.185,451923.1534,-0.167985500578188,-0.321983330422765,0.93172292368781
1 Jan 2025 13:48:23.000,207.362,68.931,1577.742233,7028.928581,753.614827,3453.636101,-2.711867,4.833609,4.466139,1130584.955,-6256461.761,451776.026,-0.165226418410859,-0.319272162322003,0.93314817527837
1 Jan 2025 13:48:24.000,207.168,69.156,1575.875064,7026.213836,758.448125,3458.100822,-2.717619,4.832991,4.463304,1130956.058,-6256405.31,451628.9104,-0.162469977529867,-0.316567150360274,0.934552698200706
1 Jan 2025 13:48:25.000,206.969,69.382,1574.02917,7023.49334,763.280802,3462.562707,-2.723368,4.832368,4.460466,1131327.192,-6256348.828,451481.7947,-0.159696482400697,-0.31384165865071,0.93594895523432
1 Jan 2025 13:48:26.000,206.766,69.608,1572.204628,7020.767096,768.112854,3467.021752,-2.729115,4.831741,4.457624,1131698.327,-6256292.319,451334.6908,-0.156919713044235,-0.31110682387873,0.937330650194585
1 Jan 2025 13:48:27.000,206.558,69.834,1570.401513,7018.035105,772.944277,3471.477953,-2.734861,4.831111,4.454779,1132069.432,-6256235.788,451187.6105,-0.154135014721434,-0.308364896889328,0.938697761584237
1 Jan 2025 13:48:28.000,206.345,70.061,1568.6199,7015.297371,777.775068,3475.931307,-2.740603,4.830476,4.45193,1132440.537,-6256179.229,451040.542,-0.151335983031548,-0.305600594114843,0.940056220189266
1 Jan 2025 13:48:29.000,206.126,70.288,1566.859863,7012.553895,782.605222,3480.38181,-2.746344,4.829837,4.449077,1132811.673,-6256122.639,450893.4734,-0.148525588028774,-0.302830537581417,0.941399923097966
1 Jan 2025 13:48:30.000,205.902,70.514,1565.121477,7009.804679,787.434736,3484.829458,-2.752082,4.829195,4.44622,1133182.81,-6256066.022,450746.4166,-0.145717294217197,-0.300066265786295,0.942723027353786
1 Jan 2025 13:48:31.000,205.673,70.741,1563.404816,7007.049726,792.263605,3489.274248,-2.757818,4.828549,4.44336,1133553.947,-6256009.378,450599.3715,-0.142897579141396,-0.29727765998853,0.94403722106031
1 Jan 2025 13:48:32.000,205.437,70.969,1561.709951,7004.289039,797.091826,3493.716177,-2.763552,4.827898,4.440497,1133925.055,-6255952.712,450452.3501,-0.140057220619302,-0.294468901038229,0.945342287890335
1 Jan 2025 13:48:33.000,205.196,71.196,1560.036956,7001.522618,801.919395,3498.155239,-2.769284,4.827244,4.437629,1134296.164,-6255896.019,450305.3404,-0.137221836566966,-0.291664097758157,0.946626759418996
1 Jan 2025 13:48:34.000,204.948,71.423,1558.3859,6998.750468,806.746307,3502.591433,-2.775013,4.826586,4.434758,1134667.303,-6255839.294,450158.3307,-0.13437513036713,-0.288852543814127,0.947896372116132
1 Jan 2025 13:48:35.000,204.694,71.651,1556.756857,6995.972589,811.572559,3507.024753,-2.78074,4.825923,4.431884,1135038.442,-6255782.543,450011.3328,-0.131516401048264,-0.286016055233207,0.949156600569236
1 Jan 2025 13:48:36.000,204.433,71.878,1555.149895,6993.188984,816.398146,3511.455197,-2.786464,4.825257,4.429005,1135409.552,-6255725.769,449864.3585,-0.128655696242114,-0.283186247902149,0.950396370375834
1 Jan 2025 13:48:37.000,204.165,72.106,1553.565084,6990.399657,821.223066,3515.882762,-2.792187,4.824587,4.426123,1135780.693,-6255668.963,449717.3841,-0.125780485733539,-0.280332146184218,0.951626584971429
1 Jan 2025 13:48:38.000,203.89,72.333,1552.002494,6987.604607,826.047313,3520.307442,-2.797907,4.823913,4.423238,1136151.804,-6255612.136,449570.4334,-0.122905689632222,-0.277483192396764,0.952836433703775
1 Jan 2025 13:48:39.000,203.607,72.561,1550.462192,6984.803839,830.870885,3524.729235,-2.803624,4.823235,4.420349,1136522.946,-6255555.276,449423.4826,-0.120014254017693,-0.274610318462182,0.954036556860729
1 Jan 2025 13:48:40.000,203.316,72.789,1548.944246,6981.997355,835.693776,3529.148137,-2.80934,4.822553,4.417456,1136894.088,-6255498.39,449276.5436,-0.117114415529457,-0.271727732894752,0.955221572647452
1 Jan 2025 13:48:41.000,203.018,73.016,1547.448724,6979.185156,840.515983,3533.564145,-2.815053,4.821867,4.41456,1137265.201,-6255441.481,449129.6282,-0.114218843348443,-0.268847871644332,0.956386364256861
1 Jan 2025 13:48:42.000,202.71,73.244,1545.975689,6976.367245,845.337503,3537.977255,-2.820764,4.821177,4.41166,1137636.314,-6255384.546,448982.7245,-0.111301795873837,-0.265945120375947,0.957541175711772
1 Jan 2025 13:48:43.000,202.394,73.471,1544.52521,6973.543625,850.15833,3542.387462,-2.826472,4.820483,4.408756,1138007.458,-6255327.579,448835.8209,-0.108387209304869,-0.263045262797345,0.958675858973709
1 Jan 2025 13:48:44.000,202.068,73.698,1543.097348,6970.714298,854.978462,3546.794765,-2.832178,4.819786,4.405849,1138378.602,-6255270.585,448688.929,-0.105460959785246,-0.260135724444591,0.959795494274099
1 Jan 2025 13:48:45.000,201.733,73.925,1541.69217,6967.879265,859.797894,3551.199158,-2.837882,4.819084,4.402938,1138749.747,-6255213.564,448542.0489,-0.102529340542359,-0.257213532417765,0.960900064038464
1 Jan 2025 13:48:46.000,201.388,74.152,1540.309737,6965.03853,864.616623,3555.600639,-2.843583,4.818378,4.400024,1139120.862,-6255156.521,448395.1924,-0.0995895814247082,-0.254279411623226,0.961989550928802
1 Jan 2025 13:48:47.000,201.033,74.379,1538.950111,6962.192095,869.434644,3559.999204,-2.849282,4.817669,4.397106,1139491.978,-6255099.451,448248.3477,-0.0966435213789693,-0.251332213216191,0.963063937843861
1 Jan 2025 13:48:48.000,200.666,74.606,1537.613355,6959.339961,874.251953,3564.394849,-2.854979,4.816955,4.394184,1139863.125,-6255042.349,448101.503,-0.0936843482252712,-0.248374078455855,0.964123207919408
1 Jan 2025 13:48:49.000,200.288,74.832,1536.299529,6956.482132,879.068547,3568.78757,-2.860674,4.816238,4.391259,1140234.271,-6254985.22,447954.6701,-0.0907243743274524,-0.245417806669465,0.965162778018527
1 Jan 2025 13:48:50.000,199.899,75.058,1535.008692,6953.61861,883.884421,3573.177365,-2.866366,4.815516,4.38833,1140605.389,-6254928.069,447807.8608,-0.0877596111624759,-0.242446470511732,0.966187331517556
1 Jan 2025 13:48:51.000,199.497,75.283,1533.740903,6950.749397,888.699572,3577.564229,-2.872055,4.814791,4.385398,1140976.507,-6254870.892,447661.0632,-0.0847894004548686,-0.239477729182612,0.967192418702733
1 Jan 2025 13:48:52.000,199.081,75.508,1532.496221,6947.874496,893.513996,3581.948159,-2.877743,4.814062,4.382462,1141347.656,-6254813.682,447514.2657,-0.0818061646658978,-0.236495713940127,0.968182590584341
1 Jan 2025 13:48:53.000,198.653,75.733,1531.274702,6944.993908,898.327689,3586.329151,-2.883428,4.813328,4.379523,1141718.805,-6254756.446,447367.4799,-0.0788206293613779,-0.233496049791236,0.969157831892703
1 Jan 2025 13:48:54.000,198.21,75.957,1530.076403,6942.107637,903.140646,3590.707202,-2.88911,4.812591,4.376579,1142089.954,-6254699.183,447220.706,-0.075828306711396,-0.230497512140299,0.970113892694263
1 Jan 2025 13:48:55.000,197.752,76.181,1528.901378,6939.215684,907.952864,3595.082308,-2.89479,4.81185,4.373633,1142461.074,-6254641.897,447073.9556,-0.0728264506151688,-0.227482418442028,0.971055125824771
1 Jan 2025 13:48:56.000,197.279,76.404,1527.749684,6936.318053,912.764339,3599.454465,-2.900468,4.811105,4.370683,1142832.195,-6254584.584,446927.217,-0.0698229113952937,-0.224465291923546,0.971977414226258
1 Jan 2025 13:48:57.000,196.79,76.626,1526.621372,6933.414745,917.575067,3603.823671,-2.906143,4.810356,4.367729,1143203.346,-6254527.24,446780.4785,-0.0668162697260527,-0.22144583754632,0.97288094191083
1 Jan 2025 13:48:58.000,196.283,76.848,1525.516496,6930.505762,922.385045,3608.18992,-2.911816,4.809603,4.364771,1143574.497,-6254469.869,446633.7517,-0.0637967460842847,-0.218408395424414,0.973769863980802
1 Jan 2025 13:48:59.000,195.759,77.069,1524.435108,6927.591108,927.194267,3612.553211,-2.917487,4.808846,4.36181,1143945.649,-6254412.472,446487.0367,-0.060776090208343,-0.215366263270866,0.974640261585643
1 Jan 2025 13:49:00.000,195.216,77.289,1523.377258,6924.670784,932.002731,3616.913539,-2.923155,4.808086,4.358846,1144316.772,-6254355.051,446340.3453,-0.0577496930142504,-0.212319828213867,0.975492318526391
1 Jan 2025 13:49:01.000,194.653,77.508,1522.342995,6921.744794,936.810431,3621.2709,-2.928821,4.807321,4.355878,1144687.895,-6254297.604,446193.6658,-0.0547170343600873,-0.209268157303123,0.976326218274298
1 Jan 2025 13:49:02.000,194.07,77.727,1521.332369,6918.813138,941.617366,3625.625292,-2.934484,4.806552,4.352906,1145059.049,-6254240.126,446046.9862,-0.0516772734546121,-0.206192723252994,0.977145854151677
1 Jan 2025 13:49:03.000,193.465,77.944,1520.345427,6915.875821,946.423529,3629.97671,-2.940145,4.80578,4.349931,1145430.202,-6254182.62,445900.3184,-0.0486351032400536,-0.203126336037849,0.977943923924408
1 Jan 2025 13:49:04.000,192.838,78.16,1519.382216,6912.932844,951.228918,3634.325151,-2.945804,4.805003,4.346952,1145801.327,-6254125.092,445753.6742,-0.0455898718816182,-0.200050347874984,0.978724385052766
1 Jan 2025 13:49:05.000,192.186,78.375,1518.442782,6909.98421,956.033529,3638.670611,-2.95146,4.804223,4.343969,1146172.452,-6254067.537,445607.0418,-0.0425349448902046,-0.196964903951791,0.979487419559051
1 Jan 2025 13:49:06.000,191.51,78.588,1517.527169,6907.02992,960.837357,3643.013087,-2.957114,4.803439,4.340984,1146543.608,-6254009.951,445460.4095,-0.0394813062181718,-0.193883604708501,0.980229755865708
1 Jan 2025 13:49:07.000,190.807,78.801,1516.635422,6904.069979,965.640399,3647.352576,-2.962765,4.80265,4.337994,1146914.764,-6253952.338,445313.7889,-0.0364159874767103,-0.190772661560362,0.980958545228733
1 Jan 2025 13:49:08.000,190.077,79.011,1515.767582,6901.104387,970.442651,3651.689073,-2.968414,4.801858,4.335001,1147285.92,-6253894.697,445167.1802,-0.033353161931932,-0.187679924816992,0.981663798054013
1 Jan 2025 13:49:09.000,189.318,79.22,1514.923692,6898.133147,975.244108,3656.022576,-2.97406,4.801062,4.332004,1147657.047,-6253837.035,445020.595,-0.0302841094082607,-0.184570429278545,0.982352599300924
1 Jan 2025 13:49:10.000,188.528,79.428,1514.103792,6895.156263,980.044768,3660.35308,-2.979704,4.800262,4.329004,1148028.175,-6253779.346,444874.0217,-0.0272074096423444,-0.181442431187489,0.983025127362127
1 Jan 2025 13:49:11.000,187.706,79.633,1513.307921,6892.173736,984.844625,3664.680582,-2.985345,4.799458,4.326001,1148399.332,-6253721.625,444727.4483,-0.0241298394984822,-0.178327496122639,0.983675279232129
1 Jan 2025 13:49:12.000,186.851,79.837,1512.536119,6889.185568,989.643677,3669.005079,-2.990984,4.79865,4.322993,1148770.491,-6253663.877,444580.8868,-0.0210482255025918,-0.17518924162102,0.984309759081684
1 Jan 2025 13:49:13.000,185.96,80.038,1511.788421,6886.191763,994.441919,3673.326567,-2.996621,4.797838,4.319983,1149141.62,-6253606.106,444434.3489,-0.0179627844127451,-0.172059887948328,0.984922704244018
1 Jan 2025 13:49:14.000,185.032,80.237,1511.064865,6883.192323,999.239346,3677.645043,-3.002255,4.797022,4.316969,1149512.779,-6253548.305,444287.8109,-0.0148736155867199,-0.168919557517977,0.985517609506451
1 Jan 2025 13:49:15.000,184.065,80.434,1510.365485,6880.18725,1004.035957,3681.960502,-3.007887,4.796203,4.313951,1149883.909,-6253490.481,444141.2966,-0.011780445599047,-0.165765542807818,0.986094826027962
1 Jan 2025 13:49:16.000,183.057,80.628,1509.690316,6877.176546,1008.831745,3686.272942,-3.013516,4.795379,4.310929,1150255.069,-6253432.625,443994.7824,-0.00868436354908489,-0.162612081799729,0.986651859919448
1 Jan 2025 13:49:17.000,182.006,80.819,1509.03939,6874.160215,1013.626708,3690.582359,-3.019142,4.794552,4.307905,1150626.23,-6253374.743,443848.2799,-0.00558504666746116,-0.159456052251247,0.987189229405472
1 Jan 2025 13:49:18.000,180.91,81.007,1508.41274,6871.138258,1018.420841,3694.888749,-3.024766,4.79372,4.304876,1150997.361,-6253316.838,443701.801,-0.00248254887859124,-0.156294080027363,0.987707445299197
1 Jan 2025 13:49:19.000,179.768,81.192,1507.810395,6868.110678,1023.214141,3699.192109,-3.030388,4.792885,4.301844,1151368.493,-6253258.906,443555.334,0.000620021734364967,-0.153122562217948,0.988207010961195
1 Jan 2025 13:49:20.000,178.576,81.373,1507.232385,6865.077478,1028.006604,3703.492436,-3.036007,4.792046,4.298809,1151739.655,-6253200.943,443408.8669,0.00372767099001644,-0.149954942091803,0.988685804394517
1 Jan 2025 13:49:21.000,177.333,81.55,1506.678738,6862.03866,1032.798226,3707.789725,-3.041624,4.791202,4.29577,1152110.817,-6253142.953,443262.4117,0.00683757533074762,-0.146787109566176,0.989144474800726
1 Jan 2025 13:49:22.000,176.036,81.724,1506.149482,6858.994227,1037.589002,3712.083974,-3.047238,4.790355,4.292728,1152481.98,-6253084.936,443115.9683,0.00995064228924751,-0.143597342534186,0.989586170040361
1 Jan 2025 13:49:23.000,174.684,81.893,1505.644643,6855.944181,1042.378929,3716.375178,-3.05285,4.789504,4.289682,1152853.114,-6253026.896,442969.5485,0.0130655140299066,-0.140415629584458,0.990006435995006
1 Jan 2025 13:49:24.000,173.275,82.058,1505.164245,6852.888524,1047.168003,3720.663335,-3.058459,4.788649,4.286632,1153224.248,-6252968.83,442823.1405,0.016180339654797,-0.137219928075807,0.990408445010202
1 Jan 2025 13:49:25.000,171.806,82.218,1504.708313,6849.82726,1051.956221,3724.94844,-3.064065,4.78779,4.283579,1153595.412,-6252910.732,442676.7326,0.0192985381562525,-0.13402199236994,0.99079042788383
1 Jan 2025 13:49:26.000,170.276,82.372,1504.276867,6846.76039,1056.743577,3729.230491,-3.069669,4.786928,4.280523,1153966.577,-6252852.607,442530.3364,0.0224202160514292,-0.130833661284007,0.991150789227971
1 Jan 2025 13:49:27.000,168.684,82.521,1503.869931,6843.687917,1061.530069,3733.509484,-3.075271,4.786061,4.277463,1154337.712,-6252794.46,442383.9639,0.0255405414635017,-0.127632422330727,0.991492635127333
1 Jan 2025 13:49:28.000,167.027,82.664,1503.487523,6840.609844,1066.315692,3737.785414,-3.08087,4.78519,4.274399,1154708.848,-6252736.286,442237.6032,0.0286648748334849,-0.124428700680907,0.991814409754991
1 Jan 2025 13:49:29.000,165.305,82.801,1503.129663,6837.526174,1071.100443,3742.05828,-3.086466,4.784316,4.271332,1155080.014,-6252678.081,442091.2425,0.0317893317021492,-0.121216820876131,0.992116888640958
1 Jan 2025 13:49:30.000,163.518,82.931,1502.796369,6834.436908,1075.884317,3746.328077,-3.09206,4.783437,4.268262,1155451.181,-6252619.848,441944.8937,0.0349151506422654,-0.118007699148538,0.992398667470536
1 Jan 2025 13:49:31.000,161.665,83.054,1502.487656,6831.34205,1080.66731,3750.594802,-3.097652,4.782555,4.265188,1155822.348,-6252561.589,441798.5567,0.0380424434290459,-0.114794448292912,0.992660569952828
1 Jan 2025 13:49:32.000,159.747,83.17,1502.20354,6828.241601,1085.44942,3754.858451,-3.103241,4.781669,4.26211,1156193.485,-6252503.307,441652.2433,0.0411674209719414,-0.111571186826428,0.992903375822976
1 Jan 2025 13:49:33.000,157.764,83.278,1501.944036,6825.135565,1090.230641,3759.11902,-3.108827,4.780779,4.259029,1156564.623,-6252444.999,441505.9417,0.0442951348272709,-0.108347266440562,0.993125777978546
1 Jan 2025 13:49:34.000,155.719,83.378,1501.709155,6822.023944,1095.01097,3763.376507,-3.114411,4.779884,4.255945,1156935.792,-6252386.659,441359.6401,0.047420391614862,-0.105117453322747,0.993328559675012
1 Jan 2025 13:49:35.000,153.614,83.469,1501.49891,6818.90674,1099.790403,3767.630908,-3.119992,4.778986,4.252857,1157306.96,-6252328.292,441213.3504,0.050548252986298,-0.101891300763679,0.993510461418861
1 Jan 2025 13:49:36.000,151.452,83.551,1501.313311,6815.783957,1104.568936,3771.88222,-3.12557,4.778085,4.249766,1157678.13,-6252269.898,441067.0725,0.0536765607623778,-0.098662726378618,0.993672226263903
1 Jan 2025 13:49:37.000,149.237,83.623,1501.152367,6812.655597,1109.346565,3776.130438,-3.131146,4.777179,4.246671,1158049.269,-6252211.481,440920.8182,0.0568109790993471,-0.0954413819143438,0.993812585587471
1 Jan 2025 13:49:38.000,146.974,83.686,1501.016086,6809.521661,1114.123286,3780.37556,-3.13672,4.776269,4.243573,1158420.409,-6252153.038,440774.5758,0.0599397128336404,-0.0922074322942312,0.993934112632787
1 Jan 2025 13:49:39.000,144.669,83.739,1500.904475,6806.382154,1118.899096,3784.617581,-3.142291,4.775355,4.240471,1158791.58,-6252094.564,440628.3333,0.0630679815313297,-0.0889719930788869,0.994035418963094
1 Jan 2025 13:49:40.000,142.328,83.782,1500.817539,6803.237077,1123.67399,3788.8565,-3.147859,4.774438,4.237366,1159162.751,-6252036.062,440482.1028,0.0661936280472924,-0.0857311024117293,0.994116985915242
1 Jan 2025 13:49:41.000,139.958,83.814,1500.755282,6800.086433,1128.447965,3793.092311,-3.153424,4.773516,4.234257,1159533.892,-6251977.538,440335.8958,0.0693249925774259,-0.082495422980089,0.994177323515014
1 Jan 2025 13:49:42.000,137.568,83.836,1500.717707,6796.930224,1133.221016,3797.325011,-3.158987,4.772591,4.231145,1159905.034,-6251918.988,440189.7006,0.0724472838628239,-0.0792509641504547,0.994218625726818
1 Jan 2025 13:49:43.000,135.166,83.847,1500.704817,6793.768454,1137.993141,3801.554598,-3.164548,4.771662,4.228029,1160276.206,-6251860.405,440043.5056,0.0755704995327417,-0.0760096658740683,0.99423922186468
1 Jan 2025 13:49:44.000,132.758,83.847,1500.716611,6790.601125,1142.764333,3805.781067,-3.170106,4.770729,4.22491,1160647.378,-6251801.796,439897.3223,0.0786973268318973,-0.0727674409020213,0.99423922186468
1 Jan 2025 13:49:45.000,130.356,83.836,1500.753089,6787.428239,1147.534591,3810.004416,-3.175661,4.769792,4.221787,1161018.551,-6251743.16,439751.1509,0.0818233588752824,-0.0695288587583888,0.994218625726818
1 Jan 2025 13:49:46.000,127.965,83.815,1500.814249,6784.2498,1152.30391,3814.22464,-3.181214,4.768851,4.218661,1161389.695,-6251684.501,439605.0031,0.0849400600314006,-0.0662789287799428,0.994179204068183
1 Jan 2025 13:49:47.000,125.596,83.783,1500.900088,6781.065809,1157.072286,3818.441737,-3.186764,4.767906,4.215532,1161760.839,-6251625.816,439458.8671,0.0880585960602259,-0.0630344645731029,0.994118876159126
1 Jan 2025 13:49:48.000,123.255,83.74,1501.010601,6777.876269,1161.839715,3822.655702,-3.192311,4.766957,4.212399,1162132.013,-6251567.099,439312.7312,0.0911837331487414,-0.0597940534413894,0.994037322227947
1 Jan 2025 13:49:49.000,120.95,83.687,1501.145783,6774.681183,1166.606193,3826.866533,-3.197856,4.766005,4.209263,1162503.187,-6251508.355,439166.6071,0.0943033575529055,-0.0565512259385213,0.993936031945265
1 Jan 2025 13:49:50.000,118.686,83.624,1501.305626,6771.480554,1171.371717,3831.074226,-3.203398,4.765048,4.206123,1162874.332,-6251449.589,439020.5067,0.0974224374358149,-0.0533062906588494,0.993814523973291
1 Jan 2025 13:49:51.000,116.471,83.552,1501.490123,6768.274384,1176.136283,3835.278777,-3.208937,4.764088,4.20298,1163245.508,-6251390.792,438874.4063,0.100527758009003,-0.0500577772442611,0.993674186444957
1 Jan 2025 13:49:52.000,114.309,83.47,1501.699264,6765.062675,1180.899886,3839.480183,-3.214474,4.763123,4.199833,1163616.654,-6251331.972,438728.3295,0.103640555435622,-0.046815105260331,0.993512446418493
1 Jan 2025 13:49:53.000,112.203,83.379,1501.933039,6761.845432,1185.662523,3843.678441,-3.220008,4.762155,4.196683,1163987.83,-6251273.12,438582.2528,0.10675173870271,-0.0435710981274823,0.99333057221245
1 Jan 2025 13:49:54.000,110.157,83.28,1502.191436,6758.622655,1190.424189,3847.873547,-3.22554,4.761183,4.193529,1164359.006,-6251214.242,438436.1879,0.109850318007279,-0.0403234712199728,0.993129863261835
1 Jan 2025 13:49:55.000,108.174,83.172,1502.474441,6755.394348,1195.184882,3852.065497,-3.231069,4.760207,4.190372,1164730.153,-6251155.342,438290.1466,0.112958264339678,-0.0370819962772585,0.99290752644416
1 Jan 2025 13:49:56.000,106.256,83.057,1502.782041,6752.160514,1199.944596,3856.254289,-3.236595,4.759227,4.187212,1165101.301,-6251096.414,438144.1172,0.116049070095933,-0.0338384047813768,0.992666900672991
1 Jan 2025 13:49:57.000,104.402,82.934,1503.114221,6748.921155,1204.703329,3860.439919,-3.242119,4.758243,4.184048,1165472.478,-6251037.455,437998.0879,0.119146858626666,-0.0305961469977775,0.992405109755229
1 Jan 2025 13:49:58.000,102.615,82.804,1503.470962,6745.676273,1209.461076,3864.622384,-3.24764,4.757256,4.180881,1165843.656,-6250978.469,437852.0704,0.122240050576972,-0.0273574918815175,0.992123448807099
1 Jan 2025 13:49:59.000,100.893,82.667,1503.852248,6742.425872,1214.217833,3868.801679,-3.253158,4.756264,4.17771,1166214.835,-6250919.456,437706.0647,0.125336109897481,-0.0241200503171155,0.991821094113483
1 Jan 2025 13:50:00.000,99.236,82.524,1504.25806,6739.169954,1218.973597,3872.977802,-3.258673,4.755269,4.174536,1166585.984,-6250860.421,437560.0827,0.128424077577344,-0.0208829782225568,0.991499449076481
1 Jan 2025 13:50:01.000,97.643,82.375,1504.688377,6735.908522,1223.728364,3877.15075,-3.264186,4.754269,4.171359,1166957.133,-6250801.359,437414.1125,0.131510069544805,-0.0176476540626262,0.99115773815998
1 Jan 2025 13:50:02.000,96.112,82.221,1505.143177,6732.641578,1228.482129,3881.320518,-3.269696,4.753266,4.168178,1167328.313,-6250742.265,437268.1423,0.134583046885711,-0.0144112881611386,0.990797516278929
1 Jan 2025 13:50:03.000,94.643,82.061,1505.622439,6729.369126,1233.234889,3885.487103,-3.275204,4.752259,4.164993,1167699.493,-6250683.145,437122.1841,0.137665483377984,-0.0111802937049062,0.990415678247764
1 Jan 2025 13:50:04.000,93.233,81.897,1506.126138,6726.091167,1237.98664,3889.650503,-3.280709,4.751248,4.161806,1168070.643,-6250624.002,436976.2494,0.140728735080249,-0.00794926770634063,0.990016278788206
1 Jan 2025 13:50:05.000,91.881,81.728,1506.654249,6722.807705,1242.737378,3893.810713,-3.286211,4.750233,4.158615,1168441.794,-6250564.833,436830.3266,0.143795085315718,-0.00472243806277726,0.989596216654949
1 Jan 2025 13:50:06.000,90.585,81.555,1507.206746,6719.518742,1247.487099,3897.96773,-3.29171,4.749214,4.15542,1168812.975,-6250505.631,436684.4039,0.146852301260701,-0.00149943996486053,0.989157294516008
1 Jan 2025 13:50:07.000,89.341,81.377,1507.783602,6716.224281,1252.2358,3902.121551,-3.297207,4.748192,4.152222,1169184.156,-6250446.403,436538.493,0.149922326509059,0.00172444062937001,0.988696274049127
1 Jan 2025 13:50:08.000,88.149,81.196,1508.384788,6712.924325,1256.983476,3906.272173,-3.302701,4.747165,4.149021,1169555.338,-6250387.148,436392.594,0.152974964043614,0.00494373600211991,0.988217698612101
1 Jan 2025 13:50:09.000,87.006,81.012,1509.010274,6709.618877,1261.730123,3910.419591,-3.308192,4.746135,4.145816,1169926.491,-6250327.871,436246.7186,0.156014351518241,0.00815998313156206,0.987721082490212
1 Jan 2025 13:50:10.000,85.91,80.824,1509.66003,6706.307938,1266.475738,3914.563803,-3.313681,4.7451,4.142608,1170297.643,-6250268.567,436100.8551,0.159061558109545,0.0113737704829184,0.98720314934504
1 Jan 2025 13:50:11.000,84.859,80.633,1510.334024,6702.991512,1271.220317,3918.704806,-3.319166,4.744062,4.139397,1170668.826,-6250209.231,435954.9916,0.162102968525251,0.0145842344022238,0.986666066966024
1 Jan 2025 13:50:12.000,83.851,80.439,1511.032222,6699.669602,1275.963856,3922.842595,-3.324649,4.74302,4.136182,1171040.009,-6250149.868,435809.14,0.16514195319723,0.0177914409277413,0.986109324529445
1 Jan 2025 13:50:13.000,82.884,80.243,1511.754592,6696.34221,1280.706351,3926.977167,-3.33013,4.741974,4.132963,1171411.193,-6250090.479,435663.3003,0.168164549180418,0.0209936924782928,0.985535361757798
1 Jan 2025 13:50:14.000,81.956,80.044,1512.501095,6693.009339,1285.447798,3931.10852,-3.335607,4.740924,4.129742,1171782.347,-6250031.067,435517.4841,0.171190748199252,0.0241933668609674,0.984940814836562
1 Jan 2025 13:50:15.000,81.065,79.843,1513.271698,6689.670992,1290.188193,3935.236649,-3.341082,4.739871,4.126517,1172153.501,-6249971.628,435371.6798,0.174206131292845,0.0273889886389553,0.984328231395054
1 Jan 2025 13:50:16.000,80.209,79.64,1514.066363,6686.327172,1294.927532,3939.361552,-3.346554,4.738813,4.123288,1172524.686,-6249912.158,435225.8757,0.177213111580864,0.0305813531643915,0.983697257250656
1 Jan 2025 13:50:17.000,79.387,79.435,1514.88505,6682.977881,1299.665812,3943.483224,-3.352024,4.737752,4.120057,1172895.871,-6249852.661,435080.0834,0.180214399424664,0.033768531365132,0.983047535233902
1 Jan 2025 13:50:18.000,78.597,79.228,1515.727719,6679.623122,1304.403029,3947.601663,-3.35749,4.736686,4.116822,1173267.027,-6249793.142,434934.3146,0.183211979325352,0.0369519982059092,0.982378705215192
1 Jan 2025 13:50:19.000,77.838,79.019,1516.594332,6676.262897,1309.139179,3951.716866,-3.362954,4.735617,4.113583,1173638.182,-6249733.595,434788.5578,0.186208222714202,0.0401303903321436,0.981690404132284
1 Jan 2025 13:50:20.000,77.107,78.809,1517.484845,6672.897211,1313.874257,3955.828828,-3.368415,4.734544,4.110341,1174009.368,-6249674.018,434642.8011,0.189187198892252,0.0433053274742059,0.98098565350756
1 Jan 2025 13:50:21.000,76.405,78.597,1518.399215,6669.526064,1318.60826,3959.937546,-3.373873,4.733467,4.107096,1174380.555,-6249614.413,434497.0562,0.192169170041745,0.0464728639872677,0.980260823963851
1 Jan 2025 13:50:22.000,75.728,78.383,1519.337399,6666.149461,1323.341185,3964.043018,-3.379329,4.732387,4.103847,1174751.741,-6249554.781,434351.3232,0.195153583817466,0.0496424709478342,0.979515545461833
1 Jan 2025 13:50:23.000,75.077,78.169,1520.299352,6662.767404,1328.073027,3968.14524,-3.384781,4.731302,4.100596,1175122.899,-6249495.127,434205.6138,0.198110695597044,0.0527983464917105,0.978756602479798
1 Jan 2025 13:50:24.000,74.449,77.953,1521.285028,6659.379895,1332.803782,3972.244208,-3.390231,4.730213,4.09734,1175494.056,-6249435.447,434059.9162,0.201073439078269,0.0559553916118245,0.977976720708016
1 Jan 2025 13:50:25.000,73.844,77.736,1522.294379,6655.986938,1337.533446,3976.339919,-3.395678,4.729121,4.094082,1175865.244,-6249375.734,433914.2188,0.20402762418314,0.0591056353633885,0.9771792325047
1 Jan 2025 13:50:26.000,73.261,77.518,1523.327359,6652.588535,1342.262017,3980.432369,-3.401123,4.728025,4.09082,1176236.432,-6249315.995,433768.5333,0.206974621139076,0.0622489574298361,0.976363955450648
1 Jan 2025 13:50:27.000,72.699,77.299,1524.383918,6649.184689,1346.989489,3984.521556,-3.406564,4.726925,4.087554,1176607.59,-6249256.233,433622.8714,0.209915652677961,0.0653854642459689,0.97553070675716
1 Jan 2025 13:50:28.000,72.156,77.079,1525.464006,6645.775403,1351.715859,3988.607476,-3.412003,4.725821,4.084286,1176978.779,-6249196.44,433477.2096,0.212850592872426,0.0685192007648836,0.97467930327898
1 Jan 2025 13:50:29.000,71.631,76.859,1526.567572,6642.36068,1356.441123,3992.690126,-3.417439,4.724713,4.081014,1177349.938,-6249136.625,433331.5713,0.21576406012742,0.071645515049904,0.973813529650603
1 Jan 2025 13:50:30.000,71.125,76.638,1527.694564,6638.940522,1361.165278,3996.769502,-3.422872,4.723601,4.077738,1177721.127,-6249076.778,433185.9333,0.218675507170794,0.0747627764037051,0.972929365281985
1 Jan 2025 13:50:31.000,70.635,76.415,1528.844931,6635.514932,1365.888319,4000.845601,-3.428302,4.722485,4.07446,1178092.317,-6249016.904,433040.3071,0.221598968717313,0.0778851938779773,0.972022527330521
1 Jan 2025 13:50:32.000,70.162,76.193,1530.018617,6632.083914,1370.610242,4004.91842,-3.43373,4.721366,4.071178,1178463.477,-6248957.009,432894.7045,0.224489508619478,0.0809894216542139,0.971105130302534
1 Jan 2025 13:50:33.000,69.705,75.97,1531.215568,6628.647469,1375.331044,4008.987955,-3.439155,4.720243,4.067892,1178834.638,-6248897.086,432749.1137,0.227379667101533,0.0840877358176065,0.97016892326742
1 Jan 2025 13:50:34.000,69.262,75.746,1532.43573,6625.205601,1380.050721,4013.054203,-3.444576,4.719116,4.064604,1179205.828,-6248837.131,432603.5231,0.23026815190227,0.0871856532771035,0.969213722603099
1 Jan 2025 13:50:35.000,68.833,75.521,1533.679044,6621.758313,1384.769268,4017.117161,-3.449995,4.717985,4.061312,1179577.019,-6248777.15,432457.9444,0.233156428119897,0.0902809612224527,0.968239344411867
1 Jan 2025 13:50:36.000,68.418,75.297,1534.945455,6618.305608,1389.486683,4021.176825,-3.455412,4.71685,4.058016,1179948.21,-6248717.142,432312.3776,0.23601460038971,0.0933590321911003,0.967254464715065
1 Jan 2025 13:50:37.000,68.016,75.072,1536.234904,6614.847487,1394.202961,4025.233192,-3.460825,4.715711,4.054718,1180319.372,-6248657.111,432166.8344,0.238874156786013,0.0964338375783265,0.966250305143387
1 Jan 2025 13:50:38.000,67.627,74.846,1537.54733,6611.383955,1398.918098,4029.286259,-3.466235,4.714568,4.051416,1180690.534,-6248597.054,432021.303,0.241736497997624,0.099503352271374,0.965226682402949
1 Jan 2025 13:50:39.000,67.249,74.62,1538.882677,6607.915013,1403.632091,4033.336023,-3.471643,4.713422,4.048111,1181061.726,-6248536.965,431875.7718,0.244583953702273,0.10256758320317,0.964188042068157
1 Jan 2025 13:50:40.000,66.883,74.394,1540.240881,6604.440666,1408.344935,4037.382479,-3.477048,4.712272,4.044802,1181432.918,-6248476.849,431730.2524,0.247419678616339,0.105620213948008,0.963134400298818
1 Jan 2025 13:50:41.000,66.527,74.168,1541.621882,6600.960915,1413.056628,4041.425626,-3.48245,4.711118,4.04149,1181804.081,-6248416.711,431584.7567,0.25024137260642,0.108667855958932,0.962065773488145
1 Jan 2025 13:50:42.000,66.182,73.942,1543.025616,6597.475764,1417.767164,4045.465458,-3.487849,4.70996,4.038175,1182175.244,-6248356.547,431439.2728,0.25305217948723,0.111704286035191,0.960982178262496
1 Jan 2025 13:50:43.000,65.847,73.715,1544.452023,6593.985215,1422.47654,4049.501974,-3.493245,4.708798,4.034857,1182546.438,-6248296.35,431293.7891,0.255866755015156,0.114738890791143,0.95987873745491
1 Jan 2025 13:50:44.000,65.522,73.488,1545.901035,6590.489271,1427.184752,4053.53517,-3.498638,4.707632,4.031535,1182917.631,-6248236.127,431148.3173,0.258670928869512,0.117763204366619,0.958760229804663
1 Jan 2025 13:50:45.000,65.206,73.261,1547.372591,6586.987936,1431.891797,4057.565043,-3.504028,4.706463,4.02821,1183288.825,-6248175.876,431002.8574,0.261463840008813,0.120780030545574,0.957626672868533
1 Jan 2025 13:50:46.000,64.898,73.034,1548.866623,6583.481211,1436.597671,4061.591589,-3.509416,4.705289,4.024882,1183659.99,-6248115.604,430857.421,0.264244431319671,0.123792384674688,0.956478084439522
1 Jan 2025 13:50:47.000,64.6,72.807,1550.383066,6579.969101,1441.302369,4065.614804,-3.514801,4.704112,4.02155,1184031.154,-6248055.305,430711.9965,0.267018088393708,0.126789510241731,0.955314482546576
1 Jan 2025 13:50:48.000,64.309,72.58,1551.921853,6576.451607,1446.005888,4069.634687,-3.520182,4.702931,4.018215,1184402.349,-6247994.974,430566.5723,0.269779301829221,0.129783821768657,0.954135885454299
1 Jan 2025 13:50:49.000,64.026,72.353,1553.482916,6572.928733,1450.708224,4073.651233,-3.525561,4.701746,4.014877,1184773.544,-6247934.616,430421.1599,0.272531216130709,0.1327692994533,0.952942311662672
1 Jan 2025 13:50:50.000,63.751,72.126,1555.066186,6569.400481,1455.409373,4077.664439,-3.530937,4.700557,4.011535,1185144.739,-6247874.231,430275.7593,0.275274825850504,0.135744548462807,0.951733779906757
1 Jan 2025 13:50:51.000,63.484,71.899,1556.671595,6565.866856,1460.109331,4081.674302,-3.53631,4.699365,4.008191,1185515.905,-6247813.824,430130.3824,0.278011135010749,0.138708186483087,0.950510309156407
1 Jan 2025 13:50:52.000,63.223,71.672,1558.299073,6562.327858,1464.808095,4085.680819,-3.54168,4.698168,4.004843,1185887.071,-6247753.39,429985.0173,0.280736210996779,0.141668642833682,0.949271918615965
1 Jan 2025 13:50:53.000,62.969,71.445,1559.948549,6558.783492,1469.505661,4089.683986,-3.547048,4.696968,4.001491,1186258.267,-6247692.925,429839.6525,0.283453289061045,0.144619896310452,0.948018627723965
1 Jan 2025 13:50:54.000,62.721,71.218,1561.619952,6555.23376,1474.202024,4093.6838,-3.552412,4.695764,3.998137,1186629.464,-6247632.433,429694.2995,0.28616066748126,0.147565735050837,0.946750456152827
1 Jan 2025 13:50:55.000,62.48,70.991,1563.313212,6551.678665,1478.897181,4097.680257,-3.557773,4.694556,3.994779,1187000.631,-6247571.918,429548.9701,0.288861699911496,0.150500062594917,0.945467423808545
1 Jan 2025 13:50:56.000,62.245,70.764,1565.028254,6548.118211,1483.591129,4101.673356,-3.563132,4.693344,3.991418,1187371.798,-6247511.377,429403.6526,0.291554595734124,0.153426780553698,0.944169550830379
1 Jan 2025 13:50:57.000,62.016,70.538,1566.765008,6544.552399,1488.283863,4105.663091,-3.568487,4.692128,3.988053,1187742.995,-6247450.804,429258.3353,0.294225562815995,0.156337130367553,0.942862672850108
1 Jan 2025 13:50:58.000,61.792,70.312,1568.523397,6540.981233,1492.975379,4109.649461,-3.57384,4.690909,3.984686,1188114.192,-6247390.204,429113.0299,0.296887200389496,0.159242895440166,0.94154112522859
1 Jan 2025 13:50:59.000,61.573,70.085,1570.303349,6537.404716,1497.665674,4113.632461,-3.579189,4.689686,3.981315,1188485.39,-6247329.577,428967.7364,0.299554537037541,0.162151011469483,0.940198983630406
1 Jan 2025 13:51:00.000,61.36,69.859,1572.10479,6533.822851,1502.354743,4117.612089,-3.584536,4.688458,3.977941,1188856.558,-6247268.928,428822.4664,0.302202144154359,0.165039754421276,0.938848093958268
1 Jan 2025 13:51:01.000,61.152,69.634,1573.927643,6530.235641,1507.042584,4121.588341,-3.58988,4.687227,3.974563,1189227.727,-6247208.253,428677.2084,0.304827999240785,0.167913317275741,0.937488671270387
1 Jan 2025 13:51:02.000,60.949,69.408,1575.771834,6526.643089,1511.729191,4125.561214,-3.595221,4.685993,3.971183,1189598.925,-6247147.545,428531.9505,0.307461426559419,0.170786594911539,0.936108652976015
1 Jan 2025 13:51:03.000,60.751,69.183,1577.637285,6523.045197,1516.414562,4129.530704,-3.600559,4.684754,3.967799,1189970.124,-6247086.811,428386.7046,0.310074426619376,0.173642913476584,0.934720272892393
1 Jan 2025 13:51:04.000,60.557,68.958,1579.523919,6519.441969,1521.098693,4133.496809,-3.605893,4.683512,3.964411,1190341.293,-6247026.054,428241.4822,0.312678868729117,0.176494786930771,0.933317478265859
1 Jan 2025 13:51:05.000,60.368,68.733,1581.431661,6515.833407,1525.781579,4137.459526,-3.611225,4.682265,3.961021,1190712.493,-6246965.266,428096.26,0.315278355157111,0.179336016762341,0.931900290729241
1 Jan 2025 13:51:06.000,60.183,68.508,1583.36043,6512.219515,1530.463217,4141.41885,-3.616554,4.681015,3.957627,1191083.663,-6246904.456,427951.0615,0.317870330637324,0.182171324349574,0.930468732137325
1 Jan 2025 13:51:07.000,60.002,68.284,1585.310149,6508.600295,1535.143602,4145.374779,-3.62188,4.679761,3.954231,1191454.862,-6246843.614,427805.8631,0.320441231251471,0.184991917410928,0.929029282534555
1 Jan 2025 13:51:08.000,59.825,68.06,1587.280742,6504.975751,1539.822732,4149.32731,-3.627203,4.678504,3.950831,1191826.062,-6246782.746,427660.6766,0.323005675165584,0.187805160932632,0.927575633216986
1 Jan 2025 13:51:09.000,59.652,67.837,1589.272125,6501.345886,1544.500603,4153.276439,-3.632523,4.677242,3.947427,1192197.233,-6246721.855,427515.5137,0.325550196732216,0.190602216136167,0.926114390672987
1 Jan 2025 13:51:10.000,59.482,67.613,1591.284221,6497.710702,1549.17721,4157.222163,-3.63784,4.675977,3.944021,1192568.404,-6246660.937,427370.3628,0.328099849990037,0.193404447394232,0.924632471939336
1 Jan 2025 13:51:11.000,59.317,67.39,1593.316951,6494.070202,1553.852549,4161.164479,-3.643154,4.674707,3.940611,1192939.604,-6246599.988,427225.212,0.330633972960984,0.196183424020461,0.923143130865221
1 Jan 2025 13:51:12.000,59.155,67.168,1595.370231,6490.42439,1558.526617,4165.103384,-3.648465,4.673434,3.937198,1193310.805,-6246539.011,427080.0731,0.333146392962772,0.198949907219293,0.921646578289818
1 Jan 2025 13:51:13.000,58.996,66.945,1597.443983,6486.773269,1563.199411,4169.038874,-3.653773,4.672157,3.933782,1193682.007,-6246478.008,426934.9462,0.335665121618342,0.201719848348926,0.920129354444814
1 Jan 2025 13:51:14.000,58.84,66.723,1599.538126,6483.11684,1567.870925,4172.970946,-3.659078,4.670877,3.930362,1194053.178,-6246416.983,426789.8428,0.338162930087455,0.204476214500978,0.918605089479705
1 Jan 2025 13:51:15.000,58.688,66.502,1601.652575,6479.455109,1572.541158,4176.899597,-3.664381,4.669592,3.92694,1194424.35,-6246355.931,426644.7513,0.34064391928022,0.207212480311871,0.9170739927947
1 Jan 2025 13:51:16.000,58.539,66.281,1603.787251,6475.788077,1577.210103,4180.824824,-3.66968,4.668304,3.923514,1194795.552,-6246294.847,426499.6601,0.343118682256402,0.20994227420711,0.915529252065371
1 Jan 2025 13:51:17.000,58.393,66.06,1605.942072,6472.115747,1581.877759,4184.746623,-3.674976,4.667012,3.920085,1195166.754,-6246233.736,426354.5807,0.34558756957054,0.212665097018685,0.913970890274061
1 Jan 2025 13:51:18.000,58.25,65.839,1608.116952,6468.438123,1586.54412,4188.664992,-3.680268,4.665716,3.916653,1195537.927,-6246172.604,426209.5249,0.348050933111457,0.215380452663871,0.912398930605768
1 Jan 2025 13:51:19.000,58.11,65.619,1610.31181,6464.755207,1591.209183,4192.579927,-3.685558,4.664416,3.913217,1195909.1,-6246111.444,426064.4811,0.3504956285858,0.218079449977982,0.910820601347788
1 Jan 2025 13:51:20.000,57.972,65.399,1612.526564,6461.067003,1595.872945,4196.491425,-3.690845,4.663112,3.909779,1196280.302,-6246050.253,425919.4375,0.352931741684566,0.220776121833022,0.909228843438147
1 Jan 2025 13:51:21.000,57.838,65.18,1614.761129,6457.373513,1600.535402,4200.399483,-3.696129,4.661805,3.906337,1196651.506,-6245989.034,425774.4058,0.355353876081495,0.223449274308671,0.907631006833055
1 Jan 2025 13:51:22.000,57.706,64.961,1617.01542,6453.674742,1605.196549,4204.304097,-3.70141,4.660494,3.902892,1197022.709,-6245927.789,425629.386,0.35776813051047,0.226119188741744,0.906019909976496
1 Jan 2025 13:51:23.000,57.576,64.743,1619.289355,6449.97069,1609.856383,4208.205265,-3.706688,4.659179,3.899443,1197393.883,-6245866.522,425484.3897,0.360161396519926,0.228777052035923,0.904403023501453
1 Jan 2025 13:51:24.000,57.449,64.525,1621.582847,6446.261363,1614.5149,4212.102983,-3.711963,4.65786,3.895992,1197765.056,-6245805.228,425339.4054,0.362551339843886,0.231424623612823,0.902773044326793
1 Jan 2025 13:51:25.000,57.324,64.307,1623.895815,6442.546762,1619.172096,4215.997248,-3.717234,4.656537,3.892537,1198136.26,-6245743.902,425194.4213,0.364934231079523,0.23406780472105,0.901129996049108
1 Jan 2025 13:51:26.000,57.202,64.09,1626.22817,6438.826892,1623.827968,4219.888056,-3.722503,4.655211,3.88908,1198507.465,-6245682.55,425049.4492,0.367301223382979,0.236691339849931,0.899481528960663
1 Jan 2025 13:51:27.000,57.082,63.874,1628.579829,6435.101754,1628.482512,4223.775406,-3.727769,4.653881,3.885619,1198878.639,-6245621.175,424904.5006,0.369648622872787,0.239301182433226,0.897827845243347
1 Jan 2025 13:51:28.000,56.964,63.657,1630.950707,6431.371352,1633.135723,4227.659292,-3.733031,4.652547,3.882155,1199249.844,-6245559.769,424759.5522,0.372002999113221,0.24191401808193,0.896153656749904
1 Jan 2025 13:51:29.000,56.848,63.442,1633.340717,6427.635689,1637.787599,4231.539713,-3.738291,4.651209,3.878687,1199621.019,-6245498.34,424614.6275,0.374325235014,0.244503935581757,0.89448222112949
1 Jan 2025 13:51:30.000,56.735,63.226,1635.749775,6423.894768,1642.438134,4235.416666,-3.743547,4.649867,3.875217,1199992.224,-6245436.88,424469.703,0.376659199933845,0.247089612958338,0.892790328281672
1 Jan 2025 13:51:31.000,56.623,63.012,1638.177793,6420.148592,1647.087327,4239.290146,-3.7488,4.648522,3.871743,1200363.429,-6245375.393,424324.7904,0.378957447485062,0.249658191362498,0.891101588193632
1 Jan 2025 13:51:32.000,56.514,62.797,1640.624686,6416.397165,1651.735171,4243.160151,-3.75405,4.647173,3.868266,1200734.604,-6245313.884,424179.9014,0.381267954781087,0.252221801259407,0.889392438480622
1 Jan 2025 13:51:33.000,56.406,62.583,1643.090367,6412.640488,1656.381665,4247.026677,-3.759298,4.64582,3.864786,1201105.78,-6245252.348,424035.0243,0.383556249272387,0.254776270603984,0.887678802034398
1 Jan 2025 13:51:34.000,56.3,62.37,1645.574751,6408.878567,1661.026804,4250.889722,-3.764542,4.644463,3.861303,1201476.986,-6245190.78,423890.1475,0.385827032614291,0.257314644293886,0.885960876526702
1 Jan 2025 13:51:35.000,56.196,62.157,1648.077752,6405.111403,1665.670584,4254.749283,-3.769783,4.643102,3.857817,1201848.192,-6245129.186,423745.2825,0.388093472069187,0.259845173006055,0.884230706887483
1 Jan 2025 13:51:36.000,56.094,61.945,1650.59928,6401.338999,1670.313002,4258.605355,-3.77502,4.641738,3.854328,1202219.398,-6245067.564,423600.4296,0.390343005502372,0.262358952674896,0.882496525775998
1 Jan 2025 13:51:37.000,55.994,61.733,1653.13925,6397.561359,1674.954053,4262.457936,-3.780255,4.64037,3.850835,1202590.574,-6245005.921,423455.6001,0.392588718138451,0.264864254314149,0.880750262660771
1 Jan 2025 13:51:38.000,55.895,61.521,1655.697576,6393.778486,1679.593734,4266.307024,-3.785487,4.638998,3.847339,1202961.751,-6244944.251,423310.7826,0.394826164466538,0.267367662067953,0.878991941449385
1 Jan 2025 13:51:39.000,55.799,61.311,1658.27417,6389.990383,1684.232042,4270.152614,-3.790715,4.637622,3.84384,1203332.958,-6244882.549,423165.9654,0.397039528879374,0.269837915454579,0.877238343832719
1 Jan 2025 13:51:40.000,55.703,61.1,1660.868945,6386.197053,1688.868971,4273.994704,-3.795941,4.636242,3.840338,1203704.165,-6244820.82,423021.1601,0.399253011824404,0.272321307491312,0.875464527000018
1 Jan 2025 13:51:41.000,55.61,60.89,1663.481815,6382.398499,1693.50452,4277.83329,-3.801163,4.634859,3.836833,1204075.342,-6244759.069,422876.3784,0.401455676632239,0.27477953391438,0.873687328191011
1 Jan 2025 13:51:42.000,55.517,60.681,1666.112693,6378.594724,1698.138682,4281.668369,-3.806382,4.633472,3.833325,1204446.549,-6244697.286,422731.5969,0.403633475431293,0.277233307932484,0.871906939119118
1 Jan 2025 13:51:43.000,55.427,60.472,1668.761489,6374.785732,1702.771456,4285.499938,-3.811598,4.632081,3.829814,1204817.727,-6244635.481,422586.839,0.405813638587544,0.279669925415454,0.870114948472012
1 Jan 2025 13:51:44.000,55.338,60.264,1671.428117,6370.971525,1707.402837,4289.327995,-3.816811,4.630686,3.826299,1205188.934,-6244573.645,422442.0814,0.407974200868476,0.282094602102572,0.868320037135111
1 Jan 2025 13:51:45.000,55.25,60.056,1674.112491,6367.152107,1712.032822,4293.152535,-3.822021,4.629288,3.822781,1205560.142,-6244511.782,422297.3357,0.410127798265681,0.284515777357699,0.866513682248751
1 Jan 2025 13:51:46.000,55.164,59.849,1676.814522,6363.327481,1716.661406,4296.973557,-3.827227,4.627885,3.819261,1205931.32,-6244449.896,422152.6136,0.412267143949872,0.286917459270166,0.864704674201179
1 Jan 2025 13:51:47.000,55.079,59.642,1679.534123,6359.497649,1721.288586,4300.791055,-3.832431,4.626479,3.815737,1206302.499,-6244387.984,422007.9035,0.414399872144019,0.289315214727213,0.862884379563315
1 Jan 2025 13:51:48.000,54.995,59.436,1682.271208,6355.662616,1725.914358,4304.605029,-3.837631,4.625069,3.81221,1206673.707,-6244326.04,421863.1936,0.41651376605245,0.291700250678497,0.861061697233658
1 Jan 2025 13:51:49.000,54.913,59.23,1685.025688,6351.822384,1730.538718,4308.415474,-3.842828,4.623656,3.80868,1207044.915,-6244264.07,421718.4956,0.418626438656037,0.294073711655024,0.85922788419115
1 Jan 2025 13:51:50.000,54.832,59.025,1687.797477,6347.976957,1735.161662,4312.222387,-3.848022,4.622238,3.805146,1207416.124,-6244202.072,421573.8096,0.420720700725668,0.296434042330097,0.857391946853212
1 Jan 2025 13:51:51.000,54.752,58.82,1690.586487,6344.126337,1739.783188,4316.025765,-3.853213,4.620817,3.80161,1207787.303,-6244140.052,421429.1471,0.422808955195419,0.298789696805228,0.855545033583621
1 Jan 2025 13:51:52.000,54.674,58.616,1693.39263,6340.270528,1744.40329,4319.825606,-3.858401,4.619392,3.798071,1208158.482,-6244078.006,421284.4966,0.424884394984068,0.301124477785954,0.853696257328776
1 Jan 2025 13:51:53.000,54.596,58.413,1696.215822,6336.409532,1749.021965,4323.621905,-3.863585,4.617963,3.794528,1208529.691,-6244015.927,421139.8464,0.426936757530233,0.303453022138658,0.851845800849242
1 Jan 2025 13:51:54.000,54.52,58.21,1699.055971,6332.543354,1753.63921,4327.41466,-3.868767,4.616531,3.790982,1208900.9,-6243953.822,420995.2081,0.428988882467849,0.305768918434181,0.84998465117823
1 Jan 2025 13:51:55.000,54.445,58.007,1701.912992,6328.671996,1758.255021,4331.203868,-3.873945,4.615095,3.787434,1209272.08,-6243891.695,420850.5933,0.431035607506844,0.308079421258808,0.848112831678689
1 Jan 2025 13:51:56.000,54.372,57.806,1704.786798,6324.795461,1762.869393,4334.989526,-3.87912,4.613655,3.783882,1209643.26,-6243829.541,420705.9905,0.433058433231518,0.310359604432969,0.846248964160828
1 Jan 2025 13:51:57.000,54.299,57.604,1707.677303,6320.913753,1767.482323,4338.771631,-3.884292,4.612211,3.780327,1210014.469,-6243767.356,420561.388,0.435082787266687,0.312650212973236,0.84436533121158
1 Jan 2025 13:51:58.000,54.227,57.403,1710.584419,6317.026875,1772.093808,4342.550178,-3.88946,4.610763,3.776769,1210385.679,-6243705.143,420416.7975,0.43709016733069,0.314926363507649,0.842480605824655
1 Jan 2025 13:51:59.000,54.157,57.203,1713.508059,6313.13483,1776.703843,4346.325167,-3.894626,4.609312,3.773208,1210756.889,-6243642.903,420272.2189,0.439086315266806,0.317180249512496,0.840594966119004
1 Jan 2025 13:52:00.000,54.087,57.004,1716.448136,6309.237621,1781.312425,4350.096592,-3.899788,4.607857,3.769643,1211128.069,-6243580.642,420127.6638,0.441060403818959,0.319427023157621,0.838708588879187
1 Jan 2025 13:52:01.000,54.019,56.805,1719.404565,6305.335252,1785.91955,4353.864452,-3.904947,4.606398,3.766076,1211499.25,-6243518.354,419983.1207,0.443035566785774,0.321659766834044,0.836812094178303
1 Jan 2025 13:52:02.000,53.951,56.606,1722.377258,6301.427725,1790.525214,4357.628743,-3.910103,4.604935,3.762506,1211870.46,-6243456.034,419838.5779,0.44500070815401,0.323893759804146,0.834905504894035
1 Jan 2025 13:52:03.000,53.884,56.408,1725.366129,6297.515044,1795.129413,4361.389462,-3.915255,4.603469,3.758932,1212241.671,-6243393.687,419694.047,0.446949751478941,0.326112584248701,0.83299850062743
1 Jan 2025 13:52:04.000,53.819,56.211,1728.371092,6293.597212,1799.732145,4365.146607,-3.920405,4.601999,3.755356,1212612.852,-6243331.318,419549.5398,0.448888630598731,0.328308274489208,0.831091255050319
1 Jan 2025 13:52:05.000,53.754,56.014,1731.39206,6289.674232,1804.333404,4368.900173,-3.925551,4.600525,3.751776,1212984.063,-6243268.917,419405.0328,0.4508177978091,0.330504894201337,0.829174184407303
1 Jan 2025 13:52:06.000,53.69,55.818,1734.428948,6285.746108,1808.933188,4372.650158,-3.930694,4.599047,3.748194,1213355.244,-6243206.494,419260.5494,0.45273140269014,0.332685946697151,0.827257117157924
1 Jan 2025 13:52:07.000,53.627,55.622,1737.48167,6281.812842,1813.531491,4376.396559,-3.935833,4.597566,3.744608,1213726.455,-6243144.04,419116.0663,0.454641245584384,0.334859850509291,0.825330369203978
1 Jan 2025 13:52:08.000,53.565,55.427,1740.55014,6277.874439,1818.128312,4380.139372,-3.94097,4.59608,3.741019,1214097.666,-6243081.559,418971.5951,0.456535856806173,0.337017926744277,0.823403867189875
1 Jan 2025 13:52:09.000,53.504,55.232,1743.634273,6273.9309,1822.723645,4383.878596,-3.946103,4.594591,3.737427,1214468.848,-6243019.055,418827.1476,0.458426963041722,0.339168583035319,0.821467827634264
1 Jan 2025 13:52:10.000,53.444,55.038,1746.733983,6269.98223,1827.317488,4387.614226,-3.951233,4.593099,3.733832,1214840.029,-6242956.525,418682.7119,0.460303166480107,0.341303158708875,0.819532274400302
1 Jan 2025 13:52:11.000,53.384,54.845,1749.849184,6266.028432,1831.909836,4391.346259,-3.95636,4.591602,3.730234,1215211.241,-6242893.963,418538.2766,0.462158672900145,0.343429604464194,0.817597375143012
1 Jan 2025 13:52:12.000,53.326,54.652,1752.979793,6262.069509,1836.500686,4395.074693,-3.961483,4.590102,3.726634,1215582.453,-6242831.375,418393.8533,0.464017050082045,0.345540209543139,0.815653198867043
1 Jan 2025 13:52:13.000,53.268,54.46,1756.125724,6258.105463,1841.090034,4398.799525,-3.966603,4.588598,3.723029,1215953.664,-6242768.759,418249.4419,0.465854982478874,0.34764250750708,0.813709912852115
1 Jan 2025 13:52:14.000,53.211,54.268,1759.286892,6254.136299,1845.677875,4402.520751,-3.97172,4.58709,3.719422,1216324.846,-6242706.121,418105.054,0.46769000866318,0.349736807138686,0.811757489358165
1 Jan 2025 13:52:15.000,53.154,54.077,1762.463214,6250.16202,1850.264208,4406.238369,-3.976834,4.585579,3.715812,1216696.029,-6242643.457,417960.6781,0.469504768307375,0.351822692264643,0.809806190235847
1 Jan 2025 13:52:16.000,53.099,53.886,1765.654602,6246.182629,1854.849026,4409.952375,-3.981944,4.584064,3.712199,1217067.241,-6242580.761,417816.3026,0.471322978313938,0.353892165741664,0.807845891949667
1 Jan 2025 13:52:17.000,53.044,53.696,1768.860976,6242.198129,1859.432328,4413.662766,-3.987051,4.582545,3.708583,1217438.453,-6242518.038,417671.939,0.473121172415179,0.355953058821057,0.80588694996781
1 Jan 2025 13:52:18.000,52.99,53.507,1772.082252,6238.208524,1864.014109,4417.36954,-3.992155,4.581022,3.704964,1217809.636,-6242455.293,417527.5989,0.474905687388722,0.35799707460138,0.803929525930414
1 Jan 2025 13:52:19.000,52.936,53.318,1775.318345,6234.213816,1868.594366,4421.072693,-3.997256,4.579496,3.701342,1218180.848,-6242392.516,417383.2592,0.476681603973357,0.360040868556683,0.801963354151758
1 Jan 2025 13:52:20.000,52.883,53.129,1778.569172,6230.214009,1873.173094,4424.772222,-4.002353,4.577965,3.697716,1218552.031,-6242329.717,417238.9431,0.478455224367223,0.362076053475669,0.799988456026207
1 Jan 2025 13:52:21.000,52.831,52.942,1781.834649,6226.209107,1877.75029,4428.468125,-4.007447,4.576431,3.694088,1218923.244,-6242266.887,417094.6273,0.480204440736126,0.364085670563332,0.798025889046059
1 Jan 2025 13:52:22.000,52.78,52.755,1785.114694,6222.199112,1882.32595,4432.160397,-4.012538,4.574894,3.690457,1219294.456,-6242204.029,416950.3235,0.481951679545635,0.366086465139961,0.796054821368773
1 Jan 2025 13:52:23.000,52.729,52.568,1788.409224,6218.184029,1886.900071,4435.849037,-4.017625,4.573352,3.686823,1219665.64,-6242141.15,416806.0432,0.483690604946985,0.368086753256587,0.794075273990473
1 Jan 2025 13:52:24.000,52.679,52.382,1791.718157,6214.163859,1891.472648,4439.534041,-4.02271,4.571807,3.683185,1220036.823,-6242078.244,416661.7749,0.485416665830696,0.370069646530097,0.792097921503964
1 Jan 2025 13:52:25.000,52.629,52.197,1795.04141,6210.138607,1896.043679,4443.215407,-4.02779,4.570258,3.679545,1220408.036,-6242015.306,416517.5069,0.487123561193027,0.372043556758646,0.790122919554293
1 Jan 2025 13:52:26.000,52.581,52.012,1798.378901,6206.108276,1900.613158,4446.89313,-4.032868,4.568706,3.675902,1220779.249,-6241952.341,416373.2509,0.488835359774741,0.373999780200726,0.788139680160635
1 Jan 2025 13:52:27.000,52.532,51.828,1801.730547,6202.072869,1905.181084,4450.567209,-4.037942,4.567149,3.672255,1221150.462,-6241889.349,416229.0069,0.490521676067955,0.375955443155106,0.786159010677568
1 Jan 2025 13:52:28.000,52.485,51.644,1805.09627,6198.032389,1909.747451,4454.23764,-4.043013,4.565589,3.668606,1221521.646,-6241826.336,416084.7864,0.492213139181999,0.377893199988869,0.784170233443463
1 Jan 2025 13:52:29.000,52.438,51.461,1808.475987,6193.986841,1914.312256,4457.90442,-4.048081,4.564026,3.664954,1221892.829,-6241763.295,415940.5779,0.493885857326831,0.379821760100079,0.782184243312929
1 Jan 2025 13:52:30.000,52.391,51.278,1811.869617,6189.936226,1918.875495,4461.567546,-4.053145,4.562458,3.661298,1222264.043,-6241700.223,415796.3697,0.495550706224273,0.381749438929907,0.780190273867424
1 Jan 2025 13:52:31.000,52.345,51.096,1815.27708,6185.880549,1923.437165,4465.227016,-4.058206,4.560887,3.65764,1222635.257,-6241637.124,415652.1735,0.497203614866497,0.38365922987439,0.778199306537778
1 Jan 2025 13:52:32.000,52.3,50.915,1818.698294,6181.819812,1927.997262,4468.882826,-4.063263,4.559312,3.653979,1223006.44,-6241574.003,415508.0008,0.49884477173609,0.385551053604067,0.776211491010254
1 Jan 2025 13:52:33.000,52.255,50.734,1822.13318,6177.75402,1932.555783,4472.534973,-4.068317,4.557733,3.650315,1223377.624,-6241510.855,415363.8402,0.500478287208715,0.387441839451038,0.774215929231262
1 Jan 2025 13:52:34.000,52.211,50.554,1825.581657,6173.683175,1937.112722,4476.183454,-4.073368,4.556151,3.646647,1223748.838,-6241447.675,415219.6799,0.502100291587608,0.389314535705498,0.772223730194852
1 Jan 2025 13:52:35.000,52.167,50.374,1829.043647,6169.607281,1941.668077,4479.828266,-4.078416,4.554565,3.642977,1224120.052,-6241384.469,415075.5315,0.503714761156438,0.391186104609734,0.770223909621984
1 Jan 2025 13:52:36.000,52.124,50.195,1832.519071,6165.526341,1946.221845,4483.469407,-4.08346,4.552975,3.639304,1224491.266,-6241321.235,414931.3951,0.505317959248158,0.393039465719748,0.768227660559038
1 Jan 2025 13:52:37.000,52.081,50.016,1836.007849,6161.440358,1950.77402,4487.106873,-4.088501,4.551381,3.635628,1224862.45,-6241257.98,414787.2823,0.506913728975434,0.394891612843153,0.766223913410664
1 Jan 2025 13:52:38.000,52.039,49.838,1839.509903,6157.349336,1955.324601,4490.740662,-4.093538,4.549784,3.631949,1225233.635,-6241194.698,414643.1815,0.508498465717348,0.396725438076692,0.764223944368377
1 Jan 2025 13:52:39.000,51.997,49.661,1843.025154,6153.253279,1959.873581,4494.370769,-4.098573,4.548183,3.628267,1225604.849,-6241131.384,414499.081,0.510065397646666,0.398549774603629,0.762227897211159
1 Jan 2025 13:52:40.000,51.956,49.484,1846.553524,6149.152189,1964.42096,4497.997193,-4.103603,4.546578,3.624581,1225976.063,-6241068.043,414354.9925,0.511632050001942,0.400363884100287,0.760224575845152
1 Jan 2025 13:52:41.000,51.915,49.307,1850.094933,6145.04607,1968.966731,4501.619931,-4.108631,4.54497,3.620893,1226347.248,-6241004.681,414210.9275,0.513191486345931,0.402176614776342,0.758213999388758
1 Jan 2025 13:52:42.000,51.875,49.132,1853.649308,6140.934925,1973.510892,4505.238979,-4.113655,4.543357,3.617202,1226718.462,-6240941.286,414066.863,0.514729980108653,0.403962659163862,0.756219027516901
1 Jan 2025 13:52:43.000,51.835,48.957,1857.216569,6136.818758,1978.05344,4508.854335,-4.118675,4.541742,3.613508,1227089.647,-6240877.87,413922.822,0.516261430086667,0.405747275134649,0.754217000952429
1 Jan 2025 13:52:44.000,51.796,48.782,1860.79664,6132.697572,1982.594369,4512.465995,-4.123693,4.540122,3.609812,1227460.861,-6240814.421,413778.7813,0.517792937421033,0.407521399937435,0.75220793837205
1 Jan 2025 13:52:45.000,51.757,48.608,1864.389445,6128.57137,1987.133677,4516.073957,-4.128707,4.538499,3.606112,1227832.076,-6240750.946,413634.7527,0.519307156573007,0.409285887186915,0.750203398873718
1 Jan 2025 13:52:46.000,51.719,48.434,1867.994904,6124.440157,1991.67136,4519.678218,-4.133717,4.536872,3.602409,1228203.26,-6240687.449,413490.7476,0.520821599993618,0.411039756064434,0.748191940557086
1 Jan 2025 13:52:47.000,51.681,48.261,1871.612946,6120.303934,1996.207414,4523.278774,-4.138724,4.535241,3.598703,1228574.445,-6240623.926,413346.7545,0.52231892613572,0.412783944202148,0.746185201414063
1 Jan 2025 13:52:48.000,51.643,48.089,1875.243494,6116.162706,2000.741836,4526.875623,-4.143728,4.533607,3.594995,1228945.66,-6240560.37,413202.7618,0.523799222652326,0.414518472152025,0.744183317868366
1 Jan 2025 13:52:49.000,51.606,47.917,1878.886471,6112.016477,2005.274621,4530.468762,-4.148728,4.531969,3.591283,1229316.875,-6240496.787,413058.781,0.525279994368526,0.416242238113715,0.742174727895182
1 Jan 2025 13:52:50.000,51.569,47.746,1882.541804,6107.865248,2009.805766,4534.058188,-4.153725,4.530327,3.587568,1229688.09,-6240433.178,412914.8122,0.526743906518541,0.417956305032574,0.74017118562472
1 Jan 2025 13:52:51.000,51.533,47.575,1886.209414,6103.709025,2014.335268,4537.643898,-4.158718,4.528681,3.583851,1230059.275,-6240369.547,412770.867,0.528208458260182,0.419659490857348,0.738161050419048
1 Jan 2025 13:52:52.000,51.497,47.405,1889.889234,6099.547809,2018.863122,4541.225889,-4.163708,4.527032,3.580131,1230430.46,-6240305.889,412626.9338,0.529656319693193,0.421352941812154,0.736156152888302
1 Jan 2025 13:52:53.000,51.461,47.236,1893.581185,6095.381606,2023.389325,4544.804158,-4.168695,4.525379,3.576407,1230801.675,-6240242.199,412483.001,0.5310875780632,0.423036681737602,0.734156625204325
1 Jan 2025 13:52:54.000,51.426,47.066,1897.285194,6091.210417,2027.913874,4548.378702,-4.173678,4.523722,3.572681,1231172.89,-6240178.482,412339.0801,0.532529713580992,0.424717376104286,0.732138821937778
1 Jan 2025 13:52:55.000,51.391,46.898,1901.001187,6087.034247,2032.436764,4551.949519,-4.178658,4.522062,3.568952,1231544.075,-6240114.743,412195.1828,0.533945391973602,0.426380344425827,0.73013842542183
1 Jan 2025 13:52:56.000,51.357,46.73,1904.729093,6082.853099,2036.957992,4555.516605,-4.183634,4.520398,3.56522,1231915.29,-6240050.973,412051.2859,0.535362119047673,0.428032187929667,0.728131751529164
1 Jan 2025 13:52:57.000,51.323,46.563,1908.468839,6078.666976,2041.477554,4559.079957,-4.188607,4.51873,3.561485,1232286.475,-6239987.181,411907.4126,0.536762578724655,0.429674259871888,0.726130817748706
1 Jan 2025 13:52:58.000,51.289,46.396,1912.220352,6074.475882,2045.995446,4562.639573,-4.193577,4.517059,3.557747,1232657.69,-6239923.356,411763.5397,0.538156719607074,0.431314491183116,0.724123715146247
1 Jan 2025 13:52:59.000,51.256,46.229,1915.983558,6070.279821,2050.511666,4566.19545,-4.198543,4.515384,3.554006,1233028.905,-6239859.505,411619.6787,0.539552088909616,0.432943444107176,0.722110460773064
1 Jan 2025 13:53:00.000,51.223,46.064,1919.758389,6066.078795,2055.026208,4569.747585,-4.203505,4.513705,3.550262,1233400.091,-6239795.633,411475.8413,0.540921582113276,0.434554723662513,0.720115292259974
1 Jan 2025 13:53:01.000,51.191,45.899,1923.544772,6061.872808,2059.53907,4573.295974,-4.208464,4.512023,3.546516,1233771.276,-6239731.733,411332.0159,0.542292526224894,0.436154652791297,0.718114151684205
1 Jan 2025 13:53:02.000,51.158,45.734,1927.342636,6057.661864,2064.050248,4576.840615,-4.21342,4.510337,3.542766,1234142.491,-6239667.801,411188.1909,0.543649715795065,0.437762117337975,0.716107055641625
1 Jan 2025 13:53:03.000,51.126,45.57,1931.151909,6053.445966,2068.559737,4580.381506,-4.218372,4.508647,3.539014,1234513.706,-6239603.843,411044.3779,0.544998691777529,0.439350322187936,0.71410623884275
1 Jan 2025 13:53:04.000,51.095,45.406,1934.972523,6049.225117,2073.067535,4583.918642,-4.223321,4.506953,3.535259,1234884.922,-6239539.858,410900.5769,0.546349295357785,0.440927032397538,0.712099571382509
1 Jan 2025 13:53:05.000,51.064,45.243,1938.804408,6044.999322,2077.573638,4587.452022,-4.228266,4.505256,3.531501,1235256.107,-6239475.85,410756.7995,0.547684237336832,0.442493928713478,0.710099358698826
1 Jan 2025 13:53:06.000,51.033,45.081,1942.647492,6040.768582,2082.078041,4590.981642,-4.233208,4.503555,3.527739,1235627.292,-6239411.817,410613.034,0.549003603604196,0.444051042583082,0.708105722904769
1 Jan 2025 13:53:07.000,51.002,44.919,1946.501706,6036.532903,2086.580742,4594.5075,-4.238146,4.501851,3.523976,1235998.508,-6239347.751,410469.2689,0.550317057764633,0.445606161025364,0.706106426248561
1 Jan 2025 13:53:08.000,50.972,44.757,1950.366984,6032.292287,2091.081737,4598.029592,-4.243081,4.500143,3.520209,1236369.723,-6239283.658,410325.5159,0.551632396189048,0.44714963792808,0.70410148471333
1 Jan 2025 13:53:09.000,50.942,44.596,1954.243255,6028.046739,2095.581021,4601.547917,-4.248013,4.498431,3.516439,1236740.908,-6239219.544,410181.7864,0.552932345390037,0.448683315811654,0.702103342488648
1 Jan 2025 13:53:10.000,50.912,44.436,1958.130449,6023.79626,2100.078592,4605.06247,-4.252941,4.496715,3.512667,1237112.094,-6239155.402,410038.0689,0.554216991007695,0.450207227826885,0.70011211880013
1 Jan 2025 13:53:11.000,50.883,44.276,1962.028503,6019.540855,2104.574445,4608.573249,-4.257865,4.494996,3.508891,1237483.309,-6239091.229,409894.3518,0.555503755980255,0.451719399420837,0.698115435496671
1 Jan 2025 13:53:12.000,50.854,44.117,1965.937347,6015.280528,2109.068578,4612.080251,-4.262786,4.493273,3.505113,1237854.524,-6239027.029,409750.6467,0.556775379159996,0.453221793811961,0.696125838318843
1 Jan 2025 13:53:13.000,50.825,43.958,1969.856911,6011.015282,2113.560985,4615.583473,-4.267703,4.491547,3.501332,1238225.74,-6238962.802,409606.9536,0.55804133743025,0.454722098422235,0.694130880256409
1 Jan 2025 13:53:14.000,50.797,43.8,1973.787132,6006.74512,2118.051664,4619.082913,-4.272617,4.489816,3.497548,1238596.925,-6238898.554,409463.2841,0.559300224969442,0.45620289917287,0.692143173870407
1 Jan 2025 13:53:15.000,50.768,43.642,1977.727943,6002.470046,2122.540612,4622.578568,-4.277527,4.488082,3.493761,1238968.111,-6238834.278,409319.6265,0.560545558496432,0.457691350827205,0.690150204106246
1 Jan 2025 13:53:16.000,50.741,43.485,1981.679276,5998.190063,2127.027823,4626.070434,-4.282434,4.486345,3.489971,1239339.326,-6238769.971,409175.9694,0.561791995530435,0.459150486094968,0.688164649540128
1 Jan 2025 13:53:17.000,50.713,43.328,1985.641064,5993.905175,2131.513295,4629.558509,-4.287338,4.484604,3.486179,1239710.541,-6238705.636,409032.3243,0.563024925717299,0.460617274659689,0.686173927882801
1 Jan 2025 13:53:18.000,50.686,43.172,1989.613246,5989.615386,2135.997024,4633.04279,-4.292237,4.482859,3.482383,1240081.727,-6238641.281,408888.7028,0.564251156297254,0.462064503264137,0.684190782925697
1 Jan 2025 13:53:19.000,50.659,43.016,1993.595754,5985.320698,2140.479006,4636.523275,-4.297134,4.48111,3.478585,1240452.942,-6238576.893,408745.0817,0.565471966332393,0.463509562257505,0.682202565949464
1 Jan 2025 13:53:20.000,50.632,42.861,1997.588521,5981.021116,2144.959238,4639.999959,-4.302027,4.479358,3.474784,1240824.127,-6238512.483,408601.4841,0.566678170993067,0.464944905738357,0.680222085166236
1 Jan 2025 13:53:21.000,50.605,42.706,2001.591487,5976.716643,2149.437716,4643.472841,-4.306916,4.477602,3.47098,1241195.343,-6238448.041,408457.887,0.567879002540148,0.466378084090214,0.678236626225941
1 Jan 2025 13:53:22.000,50.579,42.552,2005.604586,5972.407282,2153.914436,4646.941918,-4.311802,4.475843,3.467173,1241566.558,-6238383.573,408314.3019,0.569073501521504,0.467791654819619,0.676259060972329
1 Jan 2025 13:53:23.000,50.553,42.398,2009.627752,5968.093038,2158.389395,4650.407187,-4.316684,4.474079,3.463364,1241937.743,-6238319.083,408170.7404,0.57026272461059,0.469203024107459,0.674276610218774
1 Jan 2025 13:53:24.000,50.527,42.245,2013.660926,5963.773913,2162.862588,4653.868644,-4.321562,4.472313,3.459551,1242308.928,-6238254.566,408027.1908,0.571437607880736,0.470604717926226,0.672302208657029
1 Jan 2025 13:53:25.000,50.502,42.093,2017.704042,5959.449911,2167.334014,4657.326288,-4.326437,4.470542,3.455736,1242680.144,-6238190.017,407883.6417,0.572606472974323,0.471986781380595,0.670335964505779
1 Jan 2025 13:53:26.000,50.476,41.941,2021.757036,5955.121036,2171.803666,4660.780115,-4.331309,4.468768,3.451918,1243051.359,-6238125.441,407740.1046,0.573761950144419,0.47337664480737,0.668365002612637
1 Jan 2025 13:53:27.000,50.451,41.789,2025.81985,5950.787291,2176.271543,4664.230123,-4.336177,4.46699,3.448097,1243422.574,-6238060.838,407596.5795,0.574920533103731,0.474754286288904,0.666389336848989
1 Jan 2025 13:53:28.000,50.426,41.638,2029.892416,5946.44868,2180.73764,4667.676308,-4.341041,4.465209,3.444273,1243793.759,-6237996.214,407453.078,0.576065039650413,0.476122298042031,0.664422025071222
1 Jan 2025 13:53:29.000,50.402,41.487,2033.974678,5942.105207,2185.201954,4671.118669,-4.345902,4.463424,3.440447,1244164.944,-6237931.562,407309.5885,0.577212795571247,0.477478015858331,0.662450098498609
1 Jan 2025 13:53:30.000,50.378,41.337,2038.066573,5937.756874,2189.664481,4674.557201,-4.350759,4.461635,3.436617,1244536.159,-6237866.879,407166.0994,0.578346629571506,0.478824109172691,0.660486675519089
1 Jan 2025 13:53:31.000,50.354,41.188,2042.168036,5933.403686,2194.125218,4677.991903,-4.355613,4.459843,3.432785,1244907.374,-6237802.169,407022.6223,0.579466624407942,0.48016061918449,0.65853186026314
1 Jan 2025 13:53:32.000,50.33,41.039,2046.279012,5929.045646,2198.58416,4681.422771,-4.360463,4.458047,3.42895,1245278.559,-6237737.437,406879.1688,0.580581683356466,0.481494902428163,0.656572591482972
1 Jan 2025 13:53:33.000,50.306,40.89,2050.399438,5924.682757,2203.041305,4684.849802,-4.36531,4.456247,3.425113,1245649.774,-6237672.674,406735.7158,0.581691800942706,0.482826945976948,0.654608882428741
1 Jan 2025 13:53:34.000,50.283,40.742,2054.529252,5920.315024,2207.496648,4688.272995,-4.370153,4.454444,3.421272,1246020.959,-6237607.888,406592.2863,0.582796659824029,0.484139286409093,0.65265397007392
1 Jan 2025 13:53:35.000,50.259,40.594,2058.668398,5915.94245,2211.950185,4691.692346,-4.374992,4.452637,3.417429,1246392.174,-6237543.071,406448.8573,0.583888198520176,0.485459550453543,0.650694702992354
1 Jan 2025 13:53:36.000,50.236,40.447,2062.816813,5911.565038,2216.401915,4695.107852,-4.379828,4.450826,3.413583,1246763.389,-6237478.227,406305.4403,0.584974630899294,0.486760120864277,0.648744376422971
1 Jan 2025 13:53:37.000,50.214,40.3,2066.974443,5907.182792,2220.851831,4698.519511,-4.38466,4.449012,3.409734,1247134.573,-6237413.361,406162.0468,0.586064781839858,0.488048207258064,0.64678977951046
1 Jan 2025 13:53:38.000,50.191,40.154,2071.141226,5902.795716,2225.299932,4701.927319,-4.389489,4.447194,3.405882,1247505.758,-6237348.468,406018.6654,0.58713298701201,0.489337030521855,0.644844265014746
1 Jan 2025 13:53:39.000,50.169,40.009,2075.317101,5898.403813,2229.746213,4705.331274,-4.394314,4.445373,3.402028,1247876.973,-6237283.543,405875.2844,0.588196386660965,0.490606157758231,0.642907931735711
1 Jan 2025 13:53:40.000,50.147,39.863,2079.502016,5894.007086,2234.190671,4708.731374,-4.399135,4.443547,3.398171,1248248.187,-6237218.592,405731.9155,0.589263720191699,0.491880198821854,0.64095408421572
1 Jan 2025 13:53:41.000,50.125,39.719,2083.695911,5889.60554,2238.633302,4712.127614,-4.403953,4.441719,3.394311,1248619.402,-6237153.613,405588.5585,0.590309218520828,0.493137635884412,0.639022924943747
1 Jan 2025 13:53:42.000,50.103,39.574,2087.898725,5885.199178,2243.074102,4715.519994,-4.408767,4.439886,3.390448,1248990.587,-6237088.613,405445.2251,0.591358640992461,0.494399963778588,0.637074276312645
1 Jan 2025 13:53:43.000,50.081,39.431,2092.110406,5880.788004,2247.513068,4718.908509,-4.413578,4.43805,3.386582,1249361.771,-6237023.587,405301.9038,0.592386391091538,0.495645775416209,0.635148509375255
1 Jan 2025 13:53:44.000,50.06,39.287,2096.330894,5876.372021,2251.950197,4722.293157,-4.418385,4.436211,3.382714,1249732.985,-6236958.528,405158.5829,0.59342672836703,0.496886098155643,0.633205277551651
1 Jan 2025 13:53:45.000,50.039,39.145,2100.560136,5871.951233,2256.385484,4725.673936,-4.423188,4.434368,3.378843,1250104.2,-6236893.442,405015.2741,0.59444559876158,0.498109957295852,0.631285118275183
1 Jan 2025 13:53:46.000,50.018,39.002,2104.798072,5867.525643,2260.818926,4729.050842,-4.427988,4.432521,3.374969,1250475.384,-6236828.334,404871.9887,0.595468418118176,0.499338626972722,0.62934751817802
1 Jan 2025 13:53:47.000,49.997,38.86,2109.044651,5863.095256,2265.250519,4732.423873,-4.432784,4.43067,3.371092,1250846.568,-6236763.2,404728.7154,0.596478320264502,0.50055796216218,0.627419588449775
1 Jan 2025 13:53:48.000,49.977,38.719,2113.299814,5858.660074,2269.68026,4735.793026,-4.437576,4.428816,3.367213,1251217.782,-6236698.034,404585.4426,0.597484143292443,0.501757579906728,0.625501422476591
1 Jan 2025 13:53:49.000,49.956,38.578,2117.563506,5854.220102,2274.108145,4739.158299,-4.442365,4.426959,3.363331,1251588.996,-6236632.841,404442.1819,0.598476805693611,0.502965366231343,0.623579468406829
1 Jan 2025 13:53:50.000,49.936,38.437,2121.835675,5849.775343,2278.534171,4742.519687,-4.44715,4.425097,3.359446,1251960.21,-6236567.621,404298.9331,0.599473838881568,0.504160437436723,0.621653737880026
1 Jan 2025 13:53:51.000,49.916,38.297,2126.116263,5845.3258,2282.958333,4745.87719,-4.451931,4.423232,3.355559,1252331.394,-6236502.38,404155.7079,0.600458205525786,0.50534624660154,0.619737940150906
1 Jan 2025 13:53:52.000,49.896,38.158,2130.40522,5840.871478,2287.380629,4749.230804,-4.456709,4.421364,3.351668,1252702.578,-6236437.111,404012.4947,0.601429985512202,0.506522839658956,0.617832166069896
1 Jan 2025 13:53:53.000,49.877,38.019,2134.702491,5836.41238,2291.801055,4752.580526,-4.461483,4.419492,3.347775,1253073.792,-6236371.811,403869.282,0.602406339320117,0.507686676326326,0.61592275573132
1 Jan 2025 13:53:54.000,49.857,37.88,2139.008019,5831.94851,2296.219606,4755.926354,-4.466254,4.417616,3.34388,1253445.005,-6236306.484,403726.0814,0.603369561607376,0.508858757822986,0.614009720373034
1 Jan 2025 13:53:55.000,49.838,37.742,2143.321756,5827.479871,2300.63628,4759.268284,-4.471021,4.415736,3.339981,1253816.189,-6236241.135,403582.9042,0.604329226057036,0.510011139671714,0.612106872975678
1 Jan 2025 13:53:56.000,49.819,37.604,2147.643645,5823.006467,2305.051073,4762.606315,-4.475784,4.413853,3.33608,1254187.402,-6236175.754,403439.7276,0.605284687632811,0.511161254042878,0.61020047466596
1 Jan 2025 13:53:57.000,49.8,37.467,2151.973638,5818.528302,2309.463981,4765.940443,-4.480543,4.411967,3.332176,1254558.586,-6236110.351,403296.5746,0.606227833339196,0.512302238911211,0.608304389340916
1 Jan 2025 13:53:58.000,49.781,37.33,2156.311678,5814.045379,2313.875001,4769.270666,-4.485299,4.410077,3.328269,1254929.799,-6236044.917,403153.422,0.607166823702426,0.513440975238485,0.606404826119698
1 Jan 2025 13:53:59.000,49.762,37.194,2160.657719,5809.557702,2318.284128,4772.59698,-4.490051,4.408183,3.32436,1255301.012,-6235979.455,403010.2815,0.608093600911554,0.514570638529264,0.604515699129481
1 Jan 2025 13:54:00.000,49.744,37.058,2165.011703,5805.065274,2322.691361,4775.919384,-4.4948,4.406286,3.320448,1255672.195,-6235913.973,402867.1645,0.609025270923716,0.515687443093243,0.602623166176216
1 Jan 2025 13:54:01.000,49.725,36.922,2169.373585,5800.568101,2327.096694,4779.237875,-4.499544,4.404385,3.316533,1256043.378,-6235848.463,402724.0596,0.609943848688499,0.516812622779947,0.600727237922814
1 Jan 2025 13:54:02.000,49.707,36.787,2173.743311,5796.066184,2331.500124,4782.552449,-4.504285,4.40248,3.312615,1256414.591,-6235782.921,402580.9552,0.610859379104467,0.517918134723478,0.598841902913162
1 Jan 2025 13:54:03.000,49.689,36.652,2178.120828,5791.559528,2335.901648,4785.863105,-4.509023,4.400572,3.308695,1256785.804,-6235717.352,402437.8628,0.611770884625519,0.519021396463464,0.596953243342916
1 Jan 2025 13:54:04.000,49.671,36.518,2182.506091,5787.048137,2340.301261,4789.169839,-4.513757,4.39866,3.304772,1257157.017,-6235651.757,402294.7824,0.612670444101203,0.52011567795102,0.595075296474645
1 Jan 2025 13:54:05.000,49.653,36.385,2186.899045,5782.532013,2344.698962,4792.472648,-4.518486,4.396745,3.300847,1257528.2,-6235586.14,402151.7256,0.613558135411668,0.521201026959488,0.593208145566573
1 Jan 2025 13:54:06.000,49.636,36.251,2191.299645,5778.011162,2349.094745,4795.771531,-4.523213,4.394826,3.296918,1257899.382,-6235520.496,402008.6808,0.614458879213531,0.522280135478336,0.591323723387099
1 Jan 2025 13:54:07.000,49.618,36.118,2195.707838,5773.485586,2353.488607,4799.066484,-4.527935,4.392903,3.292987,1258270.594,-6235454.82,401865.6366,0.615338705532473,0.523361041283536,0.589450165781835
1 Jan 2025 13:54:08.000,49.601,35.986,2200.123578,5768.95529,2357.880545,4802.357505,-4.532654,4.390977,3.289054,1258641.807,-6235389.117,401722.6044,0.616215941701925,0.524422328726492,0.587587554603987
1 Jan 2025 13:54:09.000,49.584,35.854,2204.546813,5764.420276,2362.270556,4805.64459,-4.537369,4.389048,3.285117,1259012.989,-6235323.392,401579.5957,0.617089332337331,0.525481398306995,0.585721824716129
1 Jan 2025 13:54:10.000,49.567,35.722,2208.977499,5759.88055,2366.658634,4808.927738,-4.542081,4.387114,3.281178,1259384.171,-6235257.641,401436.5991,0.617958874198351,0.526538242214161,0.583852986020906
1 Jan 2025 13:54:11.000,49.55,35.591,2213.415582,5755.336113,2371.044778,4812.206946,-4.546788,4.385177,3.277236,1259755.383,-6235191.858,401293.603,0.618816834408741,0.527586262550137,0.581995241407284
1 Jan 2025 13:54:12.000,49.534,35.46,2217.861021,5750.786972,2375.428983,4815.48221,-4.551492,4.383237,3.273292,1260126.595,-6235126.048,401150.6189,0.619680219230051,0.52862126397116,0.580134454391849
1 Jan 2025 13:54:13.000,49.517,35.33,2222.313762,5746.233128,2379.811246,4818.753529,-4.556192,4.381293,3.269345,1260497.807,-6235060.211,401007.6469,0.62052291463609,0.529658302258143,0.578284873795393
1 Jan 2025 13:54:14.000,49.501,35.2,2226.773763,5741.674585,2384.191563,4822.020899,-4.560889,4.379345,3.265395,1260868.988,-6234994.352,400864.6984,0.621371117701973,0.530682314535663,0.576432316169793
1 Jan 2025 13:54:15.000,49.484,35.071,2231.240972,5737.111348,2388.569931,4825.284319,-4.565582,4.377394,3.261443,1261240.17,-6234928.467,400721.762,0.62219869518385,0.531708453501704,0.574591075623648
1 Jan 2025 13:54:16.000,49.468,34.942,2235.715349,5732.54342,2392.946345,4828.543784,-4.570271,4.375439,3.257488,1261611.381,-6234862.55,400578.8261,0.623031862987898,0.532721560091757,0.572746922396999
1 Jan 2025 13:54:17.000,49.452,34.813,2240.19684,5727.970806,2397.320803,4831.799293,-4.574956,4.373481,3.25353,1261982.592,-6234796.606,400435.9022,0.623861355931043,0.533732472088692,0.570899865838112
1 Jan 2025 13:54:18.000,49.436,34.685,2244.685406,5723.393507,2401.693301,4835.050843,-4.579637,4.371519,3.24957,1262353.803,-6234730.634,400292.9904,0.624679626019437,0.534734723695706,0.569064267117777
1 Jan 2025 13:54:19.000,49.421,34.557,2249.180996,5718.81153,2406.063836,4838.298432,-4.584315,4.369554,3.245607,1262724.984,-6234664.642,400150.1021,0.625503618223727,0.535723887200736,0.567225828283198
1 Jan 2025 13:54:20.000,49.405,34.429,2253.683568,5714.224876,2410.432403,4841.542055,-4.588989,4.367585,3.241641,1263096.165,-6234598.622,400007.2259,0.62631464669078,0.536721775540495,0.565384558509747
1 Jan 2025 13:54:21.000,49.389,34.302,2258.193074,5709.63355,2414.798999,4844.781712,-4.593659,4.365612,3.237672,1263467.376,-6234532.571,399864.3502,0.62711457465768,0.537711076691887,0.563554884864614
1 Jan 2025 13:54:22.000,49.374,34.176,2262.709472,5705.037556,2419.163621,4848.0174,-4.598325,4.363636,3.233702,1263838.586,-6234466.493,399721.4866,0.627912879415483,0.538680880887392,0.561736881849982
1 Jan 2025 13:54:23.000,49.359,34.05,2267.232714,5700.436898,2423.526265,4851.249115,-4.602988,4.361656,3.229728,1264209.767,-6234400.393,399578.6465,0.628707683332397,0.539648533961425,0.559916162217251
1 Jan 2025 13:54:24.000,49.344,33.924,2271.76276,5695.831579,2427.886927,4854.476855,-4.607647,4.359673,3.225752,1264580.947,-6234334.266,399435.8185,0.629498983747154,0.540614029466903,0.558092734771613
1 Jan 2025 13:54:25.000,49.329,33.798,2276.29956,5691.221602,2432.245605,4857.700617,-4.612302,4.357686,3.221773,1264952.157,-6234268.107,399292.991,0.630286778018564,0.541577360965644,0.556266608331352
1 Jan 2025 13:54:26.000,49.314,33.673,2280.843077,5686.606973,2436.602294,4860.920399,-4.616953,4.355696,3.217791,1265323.367,-6234201.922,399150.1756,0.631063725599967,0.542532213535563,0.55445231671271
1 Jan 2025 13:54:27.000,49.299,33.549,2285.393262,5681.987694,2440.95699,4864.136199,-4.621601,4.353702,3.213807,1265694.577,-6234135.709,399007.3722,0.631829900969672,0.543478637032376,0.552649931991388
1 Jan 2025 13:54:28.000,49.285,33.425,2289.950076,5677.36377,2445.309691,4867.348013,-4.626245,4.351704,3.20982,1266065.757,-6234069.475,398864.5924,0.632602167164471,0.544411911603413,0.550844958770735
1 Jan 2025 13:54:29.000,49.27,33.301,2294.513472,5672.735203,2449.660393,4870.555839,-4.630885,4.349703,3.205831,1266436.937,-6234003.215,398721.8246,0.633361534460385,0.54535409966595,0.549037405504878
1 Jan 2025 13:54:30.000,49.256,33.177,2299.083411,5668.101999,2454.009092,4873.759674,-4.635521,4.347699,3.201839,1266808.146,-6233936.922,398579.0573,0.634127020392009,0.546283099967576,0.547227280660027
1 Jan 2025 13:54:31.000,49.241,33.054,2303.659847,5663.46416,2458.355784,4876.959516,-4.640153,4.34569,3.197844,1267179.355,-6233870.602,398436.3022,0.634872359287516,0.547214813269303,0.545429221394807
1 Jan 2025 13:54:32.000,49.227,32.932,2308.242742,5658.821691,2462.700467,4880.155362,-4.644782,4.343679,3.193847,1267550.534,-6233804.261,398293.5705,0.635616709915113,0.548127141512281,0.54364329740581
1 Jan 2025 13:54:33.000,49.213,32.809,2312.832049,5654.174596,2467.043136,4883.347209,-4.649406,4.341664,3.189847,1267921.743,-6233737.887,398150.8395,0.636364931639608,0.549043558058986,0.541840239492459
1 Jan 2025 13:54:34.000,49.199,32.687,2317.427733,5649.522877,2471.383788,4886.535056,-4.654027,4.339645,3.185845,1268292.922,-6233671.493,398008.132,0.637102676352674,0.54995168297429,0.540049373833547
1 Jan 2025 13:54:35.000,49.185,32.566,2322.029745,5644.86654,2475.722419,4889.718898,-4.658644,4.337622,3.18184,1268664.131,-6233605.066,397865.425,0.637830017289427,0.55085156660945,0.538270768859394
1 Jan 2025 13:54:36.000,49.172,32.445,2326.638051,5640.205587,2480.059026,4892.898735,-4.663258,4.335596,3.177832,1269035.339,-6233538.612,397722.7301,0.638563742133961,0.551738236086129,0.536489763250371
1 Jan 2025 13:54:37.000,49.158,32.324,2331.252605,5635.540024,2484.393606,4896.074562,-4.667867,4.333567,3.173822,1269406.517,-6233472.137,397580.0588,0.639284604853994,0.552633963197225,0.534706364949587
1 Jan 2025 13:54:38.000,49.145,32.204,2335.873368,5630.869852,2488.726155,4899.246378,-4.672473,4.331534,3.169809,1269777.696,-6233405.635,397437.3995,0.640004842914219,0.553510355417185,0.532935350199522
1 Jan 2025 13:54:39.000,49.131,32.084,2340.500303,5626.195077,2493.056668,4902.41418,-4.677074,4.329498,3.165794,1270148.903,-6233339.1,397294.7408,0.640712233388458,0.554395856901282,0.531161997734277
1 Jan 2025 13:54:40.000,49.118,31.964,2345.133364,5621.515702,2497.385144,4905.577965,-4.681672,4.327458,3.161776,1270520.111,-6233272.539,397152.0941,0.641426110757645,0.555268109634299,0.529386315332643
1 Jan 2025 13:54:41.000,49.105,31.845,2349.772518,5616.831731,2501.711578,4908.737731,-4.686266,4.325414,3.157755,1270891.319,-6233205.951,397009.4596,0.642129851293693,0.556132249842247,0.527623137061804
1 Jan 2025 13:54:42.000,49.092,31.726,2354.417718,5612.143168,2506.035966,4911.893475,-4.690857,4.323367,3.153732,1271262.496,-6233139.342,396866.8485,0.642830463271484,0.556994338337747,0.525857682790567
1 Jan 2025 13:54:43.000,49.079,31.608,2359.068932,5607.450016,2510.358306,4915.045194,-4.695443,4.321316,3.149706,1271633.674,-6233072.706,396724.2495,0.643521032870807,0.557848378430938,0.524104824376635
1 Jan 2025 13:54:44.000,49.066,31.489,2363.726115,5602.75228,2514.678593,4918.192887,-4.700026,4.319262,3.145678,1272004.881,-6233006.038,396581.6511,0.64421540628321,0.558706366897647,0.522334859927414
1 Jan 2025 13:54:45.000,49.053,31.372,2368.389233,5598.049964,2518.996824,4921.33655,-4.704604,4.317205,3.141647,1272376.087,-6232939.342,396439.0648,0.644892919752614,0.559550379487613,0.520592446034532
1 Jan 2025 13:54:46.000,49.04,31.254,2373.058243,5593.34307,2523.312996,4924.476181,-4.709179,4.315143,3.137614,1272747.264,-6232872.626,396296.502,0.645574233128963,0.560398330519465,0.518832941004085
1 Jan 2025 13:54:47.000,49.028,31.137,2377.733112,5588.631604,2527.627105,4927.611777,-4.71375,4.313079,3.133578,1273118.441,-6232805.883,396153.9513,0.646255438738624,0.561227045202944,0.517086174281928
1 Jan 2025 13:54:48.000,49.015,31.021,2382.413796,5583.915569,2531.939147,4930.743336,-4.718317,4.31101,3.129539,1273489.647,-6232739.107,396011.4011,0.646917031627447,0.562059120867389,0.515352208533262
1 Jan 2025 13:54:49.000,49.003,30.904,2387.10026,5579.194968,2536.24912,4933.870855,-4.72288,4.308939,3.125498,1273860.853,-6232672.305,395868.8631,0.647592218834299,0.562883799419605,0.513601155037855
1 Jan 2025 13:54:50.000,48.991,30.788,2391.79247,5574.469806,2540.557018,4936.994332,-4.72744,4.306863,3.121455,1274232.059,-6232605.475,395726.337,0.648257647710616,0.56370057567606,0.511862953501402
1 Jan 2025 13:54:51.000,48.979,30.673,2396.490382,5569.740087,2544.86284,4940.113764,-4.731995,4.304785,3.117409,1274603.235,-6232538.625,395583.8346,0.648913388771251,0.56450950054988,0.510137665402523
1 Jan 2025 13:54:52.000,48.966,30.557,2401.193965,5565.005814,2549.166582,4943.229148,-4.736547,4.302702,3.11336,1274974.41,-6232471.747,395441.3442,0.649563032258016,0.565333612453194,0.508395292812978
1 Jan 2025 13:54:53.000,48.955,30.443,2405.903177,5560.266992,2553.468239,4946.340483,-4.741095,4.300616,3.109309,1275345.616,-6232404.838,395298.8544,0.65021609666176,0.566121419846392,0.50668093079674
1 Jan 2025 13:54:54.000,48.943,30.328,2410.617986,5555.523624,2557.767809,4949.447765,-4.745639,4.298527,3.105255,1275716.821,-6232337.901,395156.3767,0.650863059959306,0.566924405394855,0.504949498215512
1 Jan 2025 13:54:55.000,48.931,30.214,2415.338352,5550.775713,2562.065287,4952.550992,-4.750179,4.296434,3.101198,1276088.026,-6232270.938,395013.911,0.651500472225037,0.56771963222125,0.503231113784833
1 Jan 2025 13:54:56.000,48.919,30.1,2420.06424,5546.023265,2566.360671,4955.650161,-4.754715,4.294338,3.09714,1276459.201,-6232203.954,394871.4689,0.652135001210163,0.568512902853048,0.501510737159457
1 Jan 2025 13:54:57.000,48.907,29.987,2424.795617,5541.266283,2570.653957,4958.74527,-4.759247,4.292238,3.093078,1276830.375,-6232136.942,394729.0389,0.652760071153074,0.569298479439779,0.499803492200475
1 Jan 2025 13:54:58.000,48.896,29.873,2429.532442,5536.50477,2574.945141,4961.836317,-4.763775,4.290135,3.089014,1277201.579,-6232069.899,394586.6095,0.653398802286907,0.570076439283772,0.498079168951656
1 Jan 2025 13:54:59.000,48.884,29.761,2434.274685,5531.738732,2579.234221,4964.923298,-4.768299,4.288028,3.084948,1277572.784,-6232002.828,394444.1921,0.654011655693555,0.570852429328801,0.496383176735857
1 Jan 2025 13:55:00.000,48.873,29.648,2439.022307,5526.96817,2583.521191,4968.006212,-4.77282,4.285917,3.080879,1277943.958,-6231935.736,394301.7983,0.654638194154806,0.571620772535316,0.494670119534081
1 Jan 2025 13:55:01.000,48.862,29.536,2443.775276,5522.193091,2587.80605,4971.085055,-4.777336,4.283804,3.076807,1278315.131,-6231868.618,394159.4166,0.655255436006919,0.57238149319518,0.492970323479049
1 Jan 2025 13:55:02.000,48.851,29.424,2448.533553,5517.413497,2592.088793,4974.159826,-4.781849,4.281686,3.072734,1278686.335,-6231801.467,394017.0354,0.655869906476085,0.573140284285842,0.491268643725403
1 Jan 2025 13:55:03.000,48.84,29.313,2453.297106,5512.629392,2596.369416,4977.230522,-4.786358,4.279565,3.068657,1279057.538,-6231734.289,393874.6664,0.656475170924762,0.573891518086644,0.489580305391782
1 Jan 2025 13:55:04.000,48.828,29.202,2458.065903,5507.84078,2600.647918,4980.297139,-4.790862,4.277441,3.064578,1279428.741,-6231667.085,393732.3094,0.657067678131063,0.574652319079458,0.487890129570229
1 Jan 2025 13:55:05.000,48.818,29.091,2462.839906,5503.047666,2604.924293,4983.359677,-4.795363,4.275313,3.060497,1279799.914,-6231599.859,393589.976,0.657677515011219,0.575388279186089,0.486198122604293
1 Jan 2025 13:55:06.000,48.807,28.98,2467.619085,5498.250052,2609.198538,4986.418132,-4.79986,4.273182,3.056413,1280171.087,-6231532.606,393447.6547,0.65827459164341,0.57613379882634,0.484504290844398
1 Jan 2025 13:55:07.000,48.796,28.87,2472.403402,5493.447944,2613.470651,4989.472501,-4.804353,4.271047,3.052326,1280542.289,-6231465.321,393305.3339,0.658862596004571,0.576871855055491,0.482823924874227
1 Jan 2025 13:55:08.000,48.785,28.761,2477.192826,5488.641345,2617.740627,4992.522783,-4.808842,4.268909,3.048237,1280913.491,-6231398.009,393163.0253,0.659441596074004,0.577602498442358,0.481157079507843
1 Jan 2025 13:55:09.000,48.775,28.651,2481.987326,5483.830259,2622.008463,4995.568975,-4.813327,4.266767,3.044146,1281284.663,-6231330.676,393020.7402,0.660034341511272,0.578325289924459,0.47947317657985
1 Jan 2025 13:55:10.000,48.764,28.542,2486.786864,5479.014689,2626.274155,4998.611074,-4.817808,4.264622,3.040052,1281655.865,-6231263.311,392878.4557,0.660608044912156,0.579052206999071,0.477802838592283
1 Jan 2025 13:55:11.000,48.754,28.433,2491.591412,5474.194641,2630.5377,5001.649078,-4.822286,4.262473,3.035955,1282027.036,-6231195.924,392736.1948,0.661189221978457,0.579765729672903,0.476130771360525
1 Jan 2025 13:55:12.000,48.743,28.325,2496.400933,5469.370117,2634.799095,5004.682984,-4.826759,4.260321,3.031857,1282398.237,-6231128.505,392593.9345,0.661751420860133,0.580483463309155,0.474472344625274
1 Jan 2025 13:55:13.000,48.733,28.216,2501.215397,5464.541122,2639.058336,5007.71279,-4.831228,4.258165,3.027755,1282769.438,-6231061.06,392451.6863,0.662327363959645,0.581193254383133,0.472796852791778
1 Jan 2025 13:55:14.000,48.723,28.109,2506.034775,5459.70766,2643.31542,5010.738494,-4.835693,4.256006,3.023651,1283140.609,-6230993.593,392309.4616,0.662888323299899,0.581890311075642,0.471150439572055
1 Jan 2025 13:55:15.000,48.713,28.001,2510.859029,5454.869734,2647.570343,5013.760092,-4.840155,4.253843,3.019545,1283511.78,-6230926.099,392167.249,0.663452905222314,0.5825909582905,0.469486973057003
1 Jan 2025 13:55:16.000,48.703,27.894,2515.688132,5450.027349,2651.823101,5016.777583,-4.844612,4.251677,3.015436,1283882.98,-6230858.573,392025.037,0.664008771342267,0.583284361197206,0.467837263974664
1 Jan 2025 13:55:17.000,48.693,27.787,2520.522049,5445.180509,2656.073691,5019.790964,-4.849066,4.249508,3.011325,1284254.18,-6230791.02,391882.8371,0.664562100190953,0.583975941221346,0.466185923280007
1 Jan 2025 13:55:18.000,48.683,27.68,2525.36075,5440.329217,2660.32211,5022.800233,-4.853515,4.247335,3.007211,1284625.38,-6230723.44,391740.6494,0.665112890492336,0.584665695086158,0.464532956732188
1 Jan 2025 13:55:19.000,48.673,27.574,2530.204207,5435.473478,2664.568355,5025.805386,-4.85796,4.245158,3.003095,1284996.549,-6230655.839,391598.4851,0.665655074115912,0.585348284582585,0.462893841004572
1 Jan 2025 13:55:20.000,48.663,27.468,2535.052383,5430.613295,2668.812421,5028.806423,-4.862402,4.242978,2.998977,1285367.718,-6230588.211,391456.333,0.666194761736838,0.586029077271791,0.461253140939301
1 Jan 2025 13:55:21.000,48.653,27.363,2539.905251,5425.748673,2673.054305,5031.803339,-4.866839,4.240795,2.994856,1285738.917,-6230520.551,391314.1815,0.666725929962951,0.586702770591368,0.459626362707201
1 Jan 2025 13:55:22.000,48.644,27.257,2544.762783,5420.879615,2677.294004,5034.796133,-4.871273,4.238608,2.990732,1286110.116,-6230452.864,391172.042,0.667270896052472,0.587368332050735,0.457982525633095
1 Jan 2025 13:55:23.000,48.634,27.152,2549.624942,5416.006126,2681.531514,5037.784803,-4.875702,4.236417,2.986606,1286481.285,-6230385.156,391029.9262,0.66779714519842,0.588038460280622,0.456352651022908
1 Jan 2025 13:55:24.000,48.625,27.047,2554.491705,5411.128209,2685.766833,5040.769345,-4.880128,4.234223,2.982478,1286852.453,-6230317.421,390887.8224,0.668331213113723,0.58869515032765,0.454721243795189
1 Jan 2025 13:55:25.000,48.615,26.943,2559.363036,5406.245869,2689.999956,5043.749758,-4.884549,4.232026,2.978347,1287223.651,-6230249.653,390745.7192,0.668846627506693,0.589356490878565,0.453103868370408
1 Jan 2025 13:55:26.000,48.606,26.839,2564.238908,5401.35911,2694.23088,5046.726039,-4.888967,4.229825,2.974214,1287594.849,-6230181.859,390603.6282,0.669369925671832,0.590004404478233,0.451485000085685
1 Jan 2025 13:55:27.000,48.597,26.735,2569.119294,5396.467934,2698.459601,5049.698185,-4.89338,4.227621,2.970078,1287966.046,-6230114.038,390461.5493,0.669890831681611,0.590650552747098,0.449864644274773
1 Jan 2025 13:55:28.000,48.587,26.632,2574.004159,5391.572348,2702.686116,5052.666195,-4.89779,4.225414,2.96594,1288337.213,-6230046.196,390319.4939,0.670393156960501,0.591301458509839,0.44825840791297
1 Jan 2025 13:55:29.000,48.578,26.528,2578.893477,5386.672354,2706.910422,5055.630065,-4.902195,4.223203,2.9618,1288708.38,-6229978.327,390177.4505,0.670909286065473,0.591944094359367,0.446635107245486
1 Jan 2025 13:55:30.000,48.569,26.425,2583.787222,5381.767956,2711.132516,5058.589794,-4.906597,4.220988,2.957657,1289079.577,-6229910.426,390035.4079,0.671417196283963,0.59257981670054,0.445025964830521
1 Jan 2025 13:55:31.000,48.56,26.323,2588.685359,5376.859159,2715.352393,5061.545378,-4.910994,4.21877,2.953512,1289450.773,-6229842.498,389893.3774,0.671916952134003,0.593208675753633,0.443431027833612
1 Jan 2025 13:55:32.000,48.551,26.22,2593.587865,5371.945967,2719.57005,5064.496817,-4.915388,4.216549,2.949364,1289821.969,-6229774.543,389751.3589,0.672420177797317,0.593840930604879,0.441819028143148
1 Jan 2025 13:55:33.000,48.542,26.118,2598.494707,5367.028383,2723.785484,5067.444106,-4.919777,4.214324,2.945214,1290193.135,-6229706.566,389609.364,0.672915290559737,0.594466351919114,0.44022127182462
1 Jan 2025 13:55:34.000,48.533,26.017,2603.405858,5362.106412,2727.998692,5070.387243,-4.924162,4.212095,2.941061,1290564.301,-6229638.563,389467.3812,0.673402354504771,0.595084989667289,0.438637805051176
1 Jan 2025 13:55:35.000,48.525,25.915,2608.321294,5357.180057,2732.209669,5073.326228,-4.928544,4.209864,2.936906,1290935.496,-6229570.528,389325.399,0.673903260451442,0.595695235840039,0.437037277071871
1 Jan 2025 13:55:36.000,48.516,25.814,2613.24098,5352.249323,2736.418413,5076.261056,-4.932921,4.207628,2.932749,1291306.691,-6229502.466,389183.429,0.674385772630985,0.596310481458994,0.435451075753698
1 Jan 2025 13:55:37.000,48.507,25.713,2618.164893,5347.314214,2740.624921,5079.191725,-4.937294,4.20539,2.928589,1291677.856,-6229434.383,389041.4825,0.674866012842831,0.596924040044009,0.433863521314201
1 Jan 2025 13:55:38.000,48.499,25.613,2623.093007,5342.374734,2744.829188,5082.118234,-4.941663,4.203148,2.924427,1292049.02,-6229366.273,388899.5481,0.675348758404638,0.597519122519668,0.432290356987801
1 Jan 2025 13:55:39.000,48.49,25.512,2628.02529,5337.430887,2749.031211,5085.040579,-4.946028,4.200902,2.920263,1292420.214,-6229298.13,388757.6144,0.67582448405767,0.598129308430233,0.430700124384652
1 Jan 2025 13:55:40.000,48.482,25.412,2632.961717,5332.482676,2753.230987,5087.958759,-4.950389,4.198653,2.916096,1292791.408,-6229229.961,388615.6927,0.67630277700104,0.59872103139924,0.429124318095482
1 Jan 2025 13:55:41.000,48.474,25.312,2637.902263,5327.530107,2757.428512,5090.87277,-4.954746,4.196401,2.911927,1293162.601,-6229161.765,388473.7832,0.676778857987903,0.599311075488249,0.427547204619218
1 Jan 2025 13:55:42.000,48.465,25.213,2642.846897,5322.573182,2761.623783,5093.782611,-4.959099,4.194145,2.907755,1293533.765,-6229093.548,388331.8972,0.67723669047549,0.599906328713182,0.425984579349625
1 Jan 2025 13:55:43.000,48.457,25.114,2647.795595,5317.611907,2765.816797,5096.68828,-4.963448,4.191886,2.903581,1293904.928,-6229025.303,388190.0234,0.677702811596297,0.60048812112115,0.424420682279817
1 Jan 2025 13:55:44.000,48.449,25.015,2652.748332,5312.646285,2770.00755,5099.589773,-4.967793,4.189624,2.899405,1294276.12,-6228957.027,388048.1502,0.678166760373974,0.601068262308117,0.422855518078893
1 Jan 2025 13:55:45.000,48.441,24.916,2657.705078,5307.67632,2774.196039,5102.487088,-4.972134,4.187358,2.895226,1294647.313,-6228888.724,387906.2891,0.678628535893855,0.60164674994659,0.421289091419737
1 Jan 2025 13:55:46.000,48.433,24.818,2662.665811,5302.702016,2778.38226,5105.380224,-4.976471,4.185088,2.891045,1295018.475,-6228820.399,387764.4515,0.679082656334375,0.602218721172839,0.419737248448121
1 Jan 2025 13:55:47.000,48.425,24.72,2667.630499,5297.723378,2782.566209,5108.269178,-4.980803,4.182815,2.886862,1295389.667,-6228752.043,387622.6147,0.679534643829273,0.602789068838211,0.418184177516301
1 Jan 2025 13:55:48.000,48.417,24.622,2672.599121,5292.740409,2786.747885,5111.153947,-4.985132,4.180539,2.882676,1295760.828,-6228683.664,387480.8014,0.679984497518751,0.603357790689495,0.416629883167858
1 Jan 2025 13:55:49.000,48.409,24.524,2677.571652,5287.753113,2790.927282,5114.034529,-4.989456,4.178259,2.878488,1296132.019,-6228615.254,387338.9887,0.680432216549839,0.603924884477968,0.415074369949949
1 Jan 2025 13:55:50.000,48.401,24.427,2682.548062,5282.761496,2795.104398,5116.910921,-4.993776,4.175976,2.874297,1296503.21,-6228546.817,387197.1882,0.680872402847499,0.604485556243804,0.413533533505195
1 Jan 2025 13:55:51.000,48.393,24.33,2687.528329,5277.76556,2799.279229,5119.783122,-4.998093,4.17369,2.870104,1296874.371,-6228478.359,387055.4112,0.681310494594372,0.605044629882106,0.411991511813529
1 Jan 2025 13:55:52.000,48.385,24.233,2692.512429,5272.765309,2803.451772,5122.651129,-5.002405,4.1714,2.865909,1297245.531,-6228409.873,386913.6464,0.681746490989949,0.605602103216368,0.410448309294609
1 Jan 2025 13:55:53.000,48.378,24.137,2697.500333,5267.760749,2807.622023,5125.51494,-5.006713,4.169107,2.861712,1297616.721,-6228341.356,386771.8822,0.682185635479155,0.606141327291587,0.408919857790123
1 Jan 2025 13:55:54.000,48.37,24.041,2702.492018,5262.751883,2811.789979,5128.374552,-5.011017,4.16681,2.857512,1297987.91,-6228272.812,386630.1301,0.682612154801591,0.606690879737698,0.407390258303051
1 Jan 2025 13:55:55.000,48.362,23.945,2707.487463,5257.738715,2815.955637,5131.229962,-5.015317,4.16451,2.85331,1298359.099,-6228204.24,386488.3902,0.683036617853848,0.607238859635345,0.405859515127517
1 Jan 2025 13:55:56.000,48.355,23.849,2712.486637,5252.721249,2820.118993,5134.08117,-5.019612,4.162206,2.849105,1298730.258,-6228135.648,386346.6738,0.683469631641933,0.607773336179673,0.40432763256086
1 Jan 2025 13:55:57.000,48.347,23.754,2717.489519,5247.699489,2824.280044,5136.928172,-5.023904,4.159899,2.844898,1299101.417,-6228067.029,386204.9695,0.683884736563458,0.608313484925883,0.402810589673184
1 Jan 2025 13:55:58.000,48.34,23.658,2722.496087,5242.67344,2828.438786,5139.770966,-5.028191,4.157589,2.840689,1299472.605,-6227998.378,386063.2659,0.68431368295549,0.608844800913122,0.40127645298591
1 Jan 2025 13:55:59.000,48.333,23.564,2727.506311,5237.643105,2832.595217,5142.60955,-5.032475,4.155275,2.836478,1299843.793,-6227929.699,385921.5745,0.684730164769188,0.609365244580254,0.399773185885207
1 Jan 2025 13:56:00.000,48.325,23.469,2732.520171,5232.608489,2836.749331,5145.443921,-5.036754,4.152958,2.832264,1300214.951,-6227861,385779.9065,0.685139234083282,0.609900738366678,0.39825283333525
1 Jan 2025 13:56:01.000,48.318,23.374,2737.537646,5227.569596,2840.901128,5148.274077,-5.041029,4.150638,2.828048,1300586.108,-6227792.274,385638.2507,0.685556937858296,0.610422716140557,0.396731385919921
1 Jan 2025 13:56:02.000,48.311,23.28,2742.558705,5222.52643,2845.050602,5151.100015,-5.0453,4.148314,2.823829,1300957.295,-6227723.515,385496.5956,0.685967488732432,0.610938539027949,0.395224880204317
1 Jan 2025 13:56:03.000,48.304,23.186,2747.58333,5217.478995,2849.19775,5153.921735,-5.049567,4.145987,2.819609,1301328.481,-6227654.73,385354.9527,0.68637607764438,0.611452826709646,0.393717310701852
1 Jan 2025 13:56:04.000,48.297,23.093,2752.611499,5212.427295,2853.342569,5156.739232,-5.05383,4.143656,2.815386,1301699.668,-6227585.917,385213.3218,0.686777593022794,0.611961023245575,0.392224736280167
1 Jan 2025 13:56:05.000,48.29,22.999,2757.643182,5207.371335,2857.485057,5159.552505,-5.058088,4.141322,2.81116,1302070.824,-6227517.084,385071.7145,0.687182276087583,0.612472251858756,0.390715062589289
1 Jan 2025 13:56:06.000,48.283,22.906,2762.678362,5202.311118,2861.625208,5162.361552,-5.062343,4.138985,2.806933,1302441.979,-6227448.224,384930.1193,0.687579924461753,0.612977419287574,0.38922041431651
1 Jan 2025 13:56:07.000,48.276,22.813,2767.717016,5197.246648,2865.763021,5165.16637,-5.066593,4.136644,2.802703,1302813.165,-6227379.331,384788.5248,0.687975648325091,0.61348107782248,0.387724740589815
1 Jan 2025 13:56:08.000,48.269,22.721,2772.759116,5192.177931,2869.898491,5167.966958,-5.070839,4.1343,2.798471,1303184.349,-6227310.412,384646.9425,0.688364416280507,0.613978738572445,0.386244144266014
1 Jan 2025 13:56:09.000,48.262,22.628,2777.804644,5187.104969,2874.031615,5170.763311,-5.075081,4.131952,2.794236,1303555.534,-6227241.466,384505.3723,0.688756309178118,0.614479390741447,0.384746442376478
1 Jan 2025 13:56:10.000,48.255,22.536,2782.853576,5182.027768,2878.16239,5173.55543,-5.079319,4.129601,2.79,1303926.688,-6227172.499,384363.8256,0.689141284764366,0.614974074978107,0.383263847418644
1 Jan 2025 13:56:11.000,48.248,22.444,2787.905893,5176.94633,2882.290812,5176.34331,-5.083553,4.127247,2.785761,1304297.842,-6227103.505,384222.2911,0.689524373143785,0.61546727665458,0.381780264298803
1 Jan 2025 13:56:12.000,48.242,22.353,2792.961568,5171.860662,2886.416879,5179.12695,-5.087782,4.12489,2.781519,1304669.025,-6227034.478,384080.7572,0.689911372726153,0.615942532311632,0.380311838722711
1 Jan 2025 13:56:13.000,48.235,22.261,2798.02058,5166.770765,2890.540586,5181.906348,-5.092007,4.122529,2.777276,1305040.209,-6226965.425,383939.2355,0.690290713273772,0.616432773739584,0.378826301393804
1 Jan 2025 13:56:14.000,48.228,22.17,2803.082911,5161.676646,2894.66193,5184.681501,-5.096229,4.120164,2.77303,1305411.361,-6226896.351,383797.7374,0.690663252932569,0.616917140132893,0.377355950342452
1 Jan 2025 13:56:15.000,48.222,22.079,2808.148534,5156.578307,2898.780909,5187.452408,-5.100446,4.117796,2.768782,1305782.514,-6226827.249,383656.2513,0.691044718060524,0.617387989429563,0.375884647397008
1 Jan 2025 13:56:16.000,48.215,21.989,2813.217429,5151.475754,2902.897518,5190.219065,-5.104658,4.115425,2.764532,1306153.696,-6226758.116,383514.766,0.691408692640995,0.617865080924416,0.374428579991879
1 Jan 2025 13:56:17.000,48.209,21.898,2818.289578,5146.36899,2907.011754,5192.98147,-5.108867,4.113051,2.760279,1306524.878,-6226688.956,383373.2929,0.691786500448221,0.618333010053547,0.372955394753479
1 Jan 2025 13:56:18.000,48.202,21.808,2823.364954,5141.258019,2911.123614,5195.739622,-5.113071,4.110673,2.756024,1306896.059,-6226619.768,383231.8318,0.692146839140142,0.618807224115231,0.371497473007707
1 Jan 2025 13:56:19.000,48.196,21.718,2828.443539,5136.142846,2915.233095,5198.493518,-5.117272,4.108292,2.751767,1307267.21,-6226550.56,383090.3943,0.692516173031677,0.619267921800876,0.370038634628851
1 Jan 2025 13:56:20.000,48.19,21.628,2833.525314,5131.023475,2919.340193,5201.243156,-5.121468,4.105908,2.747508,1307638.361,-6226481.325,382948.969,0.692883709465596,0.619727175460388,0.368578883216448
1 Jan 2025 13:56:21.000,48.183,21.539,2838.610253,5125.89991,2923.444905,5203.988533,-5.12566,4.10352,2.743246,1308009.541,-6226412.058,382807.5443,0.69323384804881,0.620192810713919,0.367134456920362
1 Jan 2025 13:56:22.000,48.177,21.449,2843.698338,5120.772155,2927.547227,5206.729648,-5.129847,4.101129,2.738983,1308380.721,-6226342.764,382666.1319,0.693597799263448,0.620649194672718,0.365672900293429
1 Jan 2025 13:56:23.000,48.171,21.36,2848.789547,5115.640215,2931.647156,5209.466498,-5.134031,4.098734,2.734717,1308751.87,-6226273.448,382524.7429,0.693955214560933,0.621099890664425,0.364226695891898
1 Jan 2025 13:56:24.000,48.165,21.271,2853.883864,5110.504093,2935.74469,5212.199081,-5.13821,4.096336,2.730448,1309123.049,-6226204.1,382383.3547,0.694310868796772,0.621549169503876,0.362779612657208
1 Jan 2025 13:56:25.000,48.159,21.183,2858.981262,5105.363795,2939.839823,5214.927394,-5.142385,4.093935,2.726178,1309494.198,-6226134.731,382241.99,0.694660063026982,0.621992822846815,0.361347928128003
1 Jan 2025 13:56:26.000,48.153,21.094,2864.081724,5100.219323,2943.932554,5217.651436,-5.146556,4.09153,2.721905,1309865.376,-6226065.33,382100.6261,0.695012212749621,0.622439279418906,0.359899107480621
1 Jan 2025 13:56:27.000,48.147,21.006,2869.185232,5095.070682,2948.022878,5220.371204,-5.150722,4.089122,2.71763,1310236.554,-6225995.902,381959.2743,0.695357939724297,0.622880140202635,0.358465711893797
1 Jan 2025 13:56:28.000,48.141,20.918,2874.291761,5089.917878,2952.110793,5223.086695,-5.154885,4.086711,2.713353,1310607.702,-6225926.453,381817.9461,0.695701941816975,0.623319610697897,0.357031470701831
1 Jan 2025 13:56:29.000,48.135,20.831,2879.401293,5084.760912,2956.196295,5225.797909,-5.159043,4.084297,2.709074,1310978.849,-6225856.977,381676.63,0.696039596432796,0.623753547451399,0.355612699772471
1 Jan 2025 13:56:30.000,48.129,20.743,2884.513811,5079.599791,2960.279381,5228.504842,-5.163197,4.081879,2.704792,1311350.026,-6225787.468,381535.3146,0.696380166312469,0.624190249436763,0.354176787035359
1 Jan 2025 13:56:31.000,48.123,20.656,2889.629291,5074.434518,2964.360047,5231.207493,-5.167347,4.079457,2.700508,1311721.202,-6225717.933,381394.0114,0.696714425689725,0.624621447227453,0.352756370175394
1 Jan 2025 13:56:32.000,48.117,20.569,2894.747716,5069.265098,2968.438291,5233.905858,-5.171492,4.077033,2.696222,1312092.378,-6225648.371,381252.7203,0.697046996161444,0.625051281540439,0.351335139983125
1 Jan 2025 13:56:33.000,48.111,20.482,2899.869065,5064.091534,2972.514108,5236.599937,-5.175633,4.074605,2.691934,1312463.524,-6225578.788,381111.4528,0.697377877250191,0.625479751035615,0.34991309973541
1 Jan 2025 13:56:34.000,48.106,20.396,2904.993323,5058.913831,2976.587495,5239.289726,-5.17977,4.072174,2.687644,1312834.669,-6225509.178,380970.1974,0.697713464852379,0.625890615414287,0.348506611845474
1 Jan 2025 13:56:35.000,48.1,20.309,2910.120464,5053.731993,2980.65845,5241.975224,-5.183903,4.069739,2.683351,1313205.844,-6225439.536,380828.9428,0.698040992109429,0.62631636166935,0.347082970541846
1 Jan 2025 13:56:36.000,48.094,20.223,2915.250472,5048.546024,2984.726968,5244.656428,-5.188031,4.067301,2.679057,1313577.018,-6225369.867,380687.7003,0.698362338532976,0.626736709628305,0.345674906412135
1 Jan 2025 13:56:37.000,48.089,20.137,2920.383332,5043.355929,2988.793047,5247.333337,-5.192156,4.06486,2.67476,1313948.162,-6225300.177,380546.4814,0.698692977167932,0.627143525185791,0.344266063494139
1 Jan 2025 13:56:38.000,48.083,20.051,2925.519018,5038.161712,2992.856684,5250.005947,-5.196276,4.062416,2.670461,1314319.306,-6225230.46,380405.2746,0.699011023215969,0.627561190299913,0.34285644496191
1 Jan 2025 13:56:39.000,48.078,19.966,2930.657516,5032.963377,2996.917873,5252.674257,-5.200391,4.059968,2.666159,1314690.479,-6225160.71,380264.0685,0.699333940729273,0.627961327556885,0.341462458312858
1 Jan 2025 13:56:40.000,48.072,19.881,2935.798805,5027.760929,3000.976614,5255.338265,-5.204503,4.057517,2.661856,1315061.652,-6225090.934,380122.8747,0.699644287650086,0.62837235495272,0.340067720152584
1 Jan 2025 13:56:41.000,48.067,19.795,2940.94287,5022.554371,3005.032902,5257.997968,-5.20861,4.055062,2.65755,1315432.824,-6225021.131,379981.6929,0.699968387890729,0.628773804487936,0.338655811619142
1 Jan 2025 13:56:42.000,48.061,19.711,2946.089688,5017.343708,3009.086733,5260.653365,-5.212713,4.052605,2.653242,1315803.966,-6224951.307,379840.5347,0.700271108143958,0.629178252848938,0.337276001578517
1 Jan 2025 13:56:43.000,48.056,19.626,2951.239243,5012.128944,3013.138106,5263.304453,-5.216812,4.050144,2.648932,1316175.108,-6224881.456,379699.3887,0.700587594914781,0.629573110024202,0.335879027308906
1 Jan 2025 13:56:44.000,48.051,19.541,2956.391519,5006.910084,3017.187015,5265.951229,-5.220906,4.047679,2.64462,1316546.279,-6224811.573,379558.2434,0.700902476325458,0.62996664148864,0.334481313816427
1 Jan 2025 13:56:45.000,48.045,19.457,2961.546493,5001.687131,3021.233459,5268.593693,-5.224996,4.045212,2.640306,1316917.449,-6224741.663,379417.1103,0.701200426619446,0.630367197905846,0.333099320793421
1 Jan 2025 13:56:46.000,48.04,19.373,2966.704149,4996.460091,3025.277433,5271.231841,-5.229082,4.042741,2.63599,1317288.62,-6224671.727,379275.9894,0.701507802543831,0.630754225049023,0.331716611813355
1 Jan 2025 13:56:47.000,48.035,19.289,2971.864471,4991.228966,3029.318934,5273.865672,-5.233164,4.040266,2.631671,1317659.76,-6224601.769,379134.892,0.701813608567808,0.631139954775285,0.330333189848195
1 Jan 2025 13:56:48.000,48.03,19.206,2977.027442,4985.993763,3033.35796,5276.495183,-5.237241,4.037789,2.62735,1318030.899,-6224531.784,378993.8067,0.70211357556925,0.631520546480599,0.328965539797421
1 Jan 2025 13:56:49.000,48.024,19.122,2982.19304,4980.754484,3037.394507,5279.120372,-5.241314,4.035308,2.623028,1318402.068,-6224461.767,378852.7222,0.702405229907576,0.631915953247891,0.327580709183697
1 Jan 2025 13:56:50.000,48.019,19.039,2987.361249,4975.511134,3041.428571,5281.741237,-5.245383,4.032824,2.618703,1318773.237,-6224391.723,378711.6499,0.702702103092521,0.632293997018447,0.326211673064874
1 Jan 2025 13:56:51.000,48.014,18.956,2992.532056,4970.263718,3045.460149,5284.357776,-5.249447,4.030336,2.614375,1319144.375,-6224321.658,378570.6011,0.702997441131904,0.632670770409703,0.324841952387908
1 Jan 2025 13:56:52.000,48.009,18.873,2997.705437,4965.012239,3049.489238,5286.969987,-5.253507,4.027846,2.610046,1319515.513,-6224251.567,378429.5644,0.703291243630021,0.633046272365898,0.323471550027168
1 Jan 2025 13:56:53.000,48.004,18.791,3002.881378,4959.756703,3053.515835,5289.577868,-5.257563,4.025352,2.605715,1319886.68,-6224181.442,378288.5286,0.703579332077347,0.633416740368358,0.322116991937274
1 Jan 2025 13:56:54.000,47.999,18.708,3008.059861,4954.497113,3057.539936,5292.181416,-5.261615,4.022854,2.601381,1320257.847,-6224111.292,378147.5049,0.703870080439462,0.633789711953289,0.320745242964432
1 Jan 2025 13:56:55.000,47.994,18.626,3013.240873,4949.233474,3061.561538,5294.78063,-5.265662,4.020354,2.597046,1320629.013,-6224041.114,378006.4934,0.704155150013915,0.634157678626289,0.319389360104868
1 Jan 2025 13:56:56.000,47.989,18.544,3018.424392,4943.965789,3065.580638,5297.375507,-5.269705,4.01785,2.592708,1321000.149,-6223970.915,377865.5055,0.70443871855331,0.63452440084003,0.318032823056947
1 Jan 2025 13:56:57.000,47.985,18.462,3023.610402,4938.694064,3069.597233,5299.966045,-5.273743,4.015343,2.588368,1321371.285,-6223900.69,377724.5296,0.704731866507689,0.634877577789441,0.316675634599192
1 Jan 2025 13:56:58.000,47.98,18.38,3028.798887,4933.418303,3073.611319,5302.552242,-5.277777,4.012832,2.584026,1321742.45,-6223830.432,377583.5546,0.705012438253066,0.635241803159228,0.315317797511462
1 Jan 2025 13:56:59.000,47.975,18.299,3033.989834,4928.138509,3077.622893,5305.134097,-5.281807,4.010319,2.579682,1322113.614,-6223760.147,377442.5917,0.70528743720599,0.635601112615105,0.313975885318995
1 Jan 2025 13:57:00.000,47.97,18.218,3039.18322,4922.854688,3081.631951,5307.711606,-5.285833,4.007802,2.575336,1322484.749,-6223689.841,377301.6524,0.705560969341272,0.635959204470799,0.312633345616032
1 Jan 2025 13:57:01.000,47.965,18.137,3044.379033,4917.566843,3085.638491,5310.284767,-5.289854,4.005282,2.570987,1322855.912,-6223619.503,377160.7139,0.705833034326909,0.63631607775732,0.311290181085765
1 Jan 2025 13:57:02.000,47.961,18.056,3049.577257,4912.274979,3089.642509,5312.85358,-5.293871,4.002758,2.566637,1323227.046,-6223549.144,377019.7989,0.706114743744414,0.636659407577841,0.309946394412636
1 Jan 2025 13:57:03.000,47.956,17.975,3054.777872,4906.9791,3093.644002,5315.418041,-5.297884,4.000231,2.562285,1323598.208,-6223478.752,376878.8847,0.706383879633106,0.637013836131268,0.308601988282331
1 Jan 2025 13:57:04.000,47.951,17.895,3059.980864,4901.679211,3097.642966,5317.978149,-5.301892,3.997701,2.55793,1323969.371,-6223408.333,376737.9827,0.706647565113566,0.637363451434058,0.307273574352129
1 Jan 2025 13:57:05.000,47.947,17.814,3065.186216,4896.375316,3101.639399,5320.533901,-5.305896,3.995168,2.553573,1324340.503,-6223337.894,376597.1042,0.706924912264344,0.637703113469194,0.305927944934337
1 Jan 2025 13:57:06.000,47.942,17.734,3070.393917,4891.06742,3105.633297,5323.085295,-5.309895,3.992631,2.549215,1324711.634,-6223267.427,376456.2378,0.707185719602907,0.63805032444933,0.30459832806472
1 Jan 2025 13:57:07.000,47.938,17.654,3075.603945,4885.755525,3109.624657,5325.632329,-5.313891,3.990092,2.544854,1325082.795,-6223196.929,376315.3723,0.70745623514701,0.638383994427696,0.303268117365076
1 Jan 2025 13:57:08.000,47.933,17.575,3080.816286,4880.439638,3113.613475,5328.175002,-5.317881,3.987549,2.540491,1325453.956,-6223126.403,376174.519,0.707710268392426,0.638725281807849,0.301953954091355
1 Jan 2025 13:57:09.000,47.929,17.495,3086.030925,4875.119762,3117.599749,5330.713311,-5.321868,3.985002,2.536126,1325825.116,-6223055.851,376033.6779,0.707977950737156,0.639056563351547,0.300622570854763
1 Jan 2025 13:57:10.000,47.924,17.416,3091.247849,4869.795902,3121.583475,5333.247254,-5.32585,3.982453,2.531759,1326196.245,-6222985.277,375892.8602,0.70822917324762,0.639395499990229,0.299307254762122
1 Jan 2025 13:57:11.000,47.92,17.337,3096.467037,4864.468062,3125.564649,5335.776828,-5.329828,3.9799,2.52739,1326567.375,-6222914.677,375752.0547,0.708490161015236,0.639720904268344,0.297991369651366
1 Jan 2025 13:57:12.000,47.916,17.258,3101.688477,4859.136246,3129.543269,5338.302033,-5.333801,3.977344,2.523019,1326938.533,-6222844.045,375611.2501,0.708749759960385,0.640045131823891,0.296674918024146
1 Jan 2025 13:57:13.000,47.911,17.179,3106.912153,4853.800459,3133.519332,5340.822865,-5.33777,3.974785,2.518646,1327309.691,-6222773.385,375470.4577,0.708996793113978,0.640380556274077,0.295357902383192
1 Jan 2025 13:57:14.000,47.907,17.1,3112.138052,4848.460705,3137.492834,5343.339323,-5.341735,3.972222,2.51427,1327680.819,-6222702.705,375329.6887,0.709253607815467,0.640702432442725,0.294040325232304
1 Jan 2025 13:57:15.000,47.903,17.022,3117.366155,4843.116989,3141.463771,5345.851405,-5.345695,3.969656,2.509893,1328051.946,-6222631.998,375188.9319,0.709505241722856,0.641019704358908,0.292738877826996
1 Jan 2025 13:57:16.000,47.899,16.944,3122.596449,4837.769314,3145.432141,5348.359109,-5.349651,3.967087,2.505514,1328423.103,-6222561.258,375048.176,0.709755519948585,0.641335826442667,0.29143688789104
1 Jan 2025 13:57:17.000,47.894,16.866,3127.828919,4832.417686,3149.39794,5350.862432,-5.353603,3.964515,2.501132,1328794.259,-6222490.492,374907.4323,0.709993243163425,0.641663189737855,0.290134357837404
1 Jan 2025 13:57:18.000,47.89,16.788,3133.063553,4827.062108,3153.361166,5353.361373,-5.35755,3.96194,2.496749,1329165.415,-6222419.699,374766.7007,0.710240803645162,0.641977014158735,0.288831290080055
1 Jan 2025 13:57:19.000,47.886,16.71,3138.30033,4821.702586,3157.321814,5355.855929,-5.361493,3.959361,2.492363,1329536.54,-6222348.885,374625.9927,0.710487007567138,0.642289686408863,0.287527687033959
1 Jan 2025 13:57:20.000,47.882,16.632,3143.539239,4816.339123,3161.279882,5358.346099,-5.365431,3.956779,2.487976,1329907.665,-6222278.044,374485.2968,0.710731854635191,0.642601205720857,0.286223551115074
1 Jan 2025 13:57:21.000,47.878,16.555,3148.780265,4810.971723,3165.235367,5360.831881,-5.369365,3.954194,2.483586,1330278.819,-6222207.17,374344.6018,0.710971656052716,0.642908235935869,0.284935614578957
1 Jan 2025 13:57:22.000,47.874,16.478,3154.023397,4805.600392,3169.188265,5363.313271,-5.373295,3.951605,2.479195,1330649.973,-6222136.27,374203.9189,0.711210134075299,0.643214141533141,0.283647163427348
1 Jan 2025 13:57:23.000,47.87,16.401,3159.268614,4800.225134,3173.138572,5365.79027,-5.37722,3.949014,2.474801,1331021.097,-6222065.349,374063.2596,0.71144728843047,0.643518921776874,0.282358199987289
1 Jan 2025 13:57:24.000,47.866,16.324,3164.515905,4794.845952,3177.086287,5368.262873,-5.381141,3.946419,2.470406,1331392.249,-6221994.395,373922.6011,0.711683118848247,0.643822575933259,0.281068726586745
1 Jan 2025 13:57:25.000,47.862,16.247,3169.765256,4789.462852,3181.031405,5370.73108,-5.385057,3.943821,2.466008,1331763.372,-6221923.42,373781.9662,0.711917625061134,0.64412510327048,0.279778745554604
1 Jan 2025 13:57:26.000,47.858,16.171,3175.016655,4784.075838,3184.973923,5373.194889,-5.388969,3.941219,2.461608,1332134.524,-6221852.413,373641.3321,0.712147202684261,0.644423241684382,0.278505022012125
1 Jan 2025 13:57:27.000,47.854,16.094,3180.270082,4778.684914,3188.913839,5375.654297,-5.392877,3.938615,2.457207,1332505.675,-6221781.379,373500.7102,0.71237907662856,0.644723528063624,0.277214039224266
1 Jan 2025 13:57:28.000,47.85,16.018,3185.525527,4773.290084,3192.851148,5378.109302,-5.39678,3.936007,2.452803,1332876.796,-6221710.324,373360.1118,0.7126060551197,0.645019453621489,0.275939331478087
1 Jan 2025 13:57:29.000,47.846,15.942,3190.782975,4767.891354,3196.785848,5380.559903,-5.400679,3.933396,2.448398,1333247.916,-6221639.243,373219.5255,0.712831742032849,0.645314279032754,0.274664138224944
1 Jan 2025 13:57:30.000,47.842,15.866,3196.042416,4762.488727,3200.717936,5383.006097,-5.404573,3.930782,2.44399,1333619.066,-6221568.129,373078.9402,0.713056137125675,0.645608003599763,0.2733884617085
1 Jan 2025 13:57:31.000,47.839,15.791,3201.303829,4757.082208,3204.647407,5385.447882,-5.408463,3.928165,2.43958,1333990.215,-6221496.988,372938.367,0.71328699259243,0.645884989581533,0.272129098833092
1 Jan 2025 13:57:32.000,47.835,15.715,3206.567205,4751.671801,3208.57426,5387.885257,-5.412348,3.925544,2.435169,1334361.364,-6221425.82,372797.8061,0.713508825152941,0.646176521214339,0.270852468809507
1 Jan 2025 13:57:33.000,47.831,15.64,3211.83253,4746.257512,3212.498491,5390.318219,-5.416229,3.92292,2.430755,1334732.482,-6221354.631,372657.2686,0.713725877877938,0.646463791309241,0.269592169347421
1 Jan 2025 13:57:34.000,47.827,15.565,3217.099792,4740.839343,3216.420096,5392.746767,-5.420106,3.920294,2.42634,1335103.6,-6221283.416,372516.7433,0.713941671096239,0.646749987075189,0.268331407946501
1 Jan 2025 13:57:35.000,47.824,15.49,3222.368973,4735.4173,3220.339073,5395.170898,-5.423978,3.917663,2.421922,1335474.747,-6221212.168,372376.2189,0.714167497373426,0.647022643371623,0.267070186767028
1 Jan 2025 13:57:36.000,47.82,15.415,3227.640062,4729.991387,3224.255418,5397.590611,-5.427846,3.91503,2.417503,1335845.894,-6221140.893,372235.7067,0.714380775882111,0.647306684764492,0.265808507970069
1 Jan 2025 13:57:37.000,47.816,15.34,3232.913046,4724.561608,3228.169128,5400.005903,-5.431709,3.912394,2.413081,1336217.01,-6221069.598,372095.218,0.714592794216092,0.647589649861215,0.264546373717478
1 Jan 2025 13:57:38.000,47.813,15.266,3238.187915,4719.127969,3232.0802,5402.416772,-5.435568,3.909754,2.408658,1336588.156,-6220998.269,371954.7302,0.714811454614638,0.647855976232372,0.263300623644732
1 Jan 2025 13:57:39.000,47.809,15.192,3243.464649,4713.690473,3235.988631,5404.823217,-5.439422,3.907111,2.404232,1336959.271,-6220926.92,371814.2659,0.715017584813841,0.648133726045039,0.262054434364229
1 Jan 2025 13:57:40.000,47.806,15.117,3248.743239,4708.249125,3239.894417,5407.225236,-5.443272,3.904465,2.399805,1337330.416,-6220855.538,371673.8025,0.715237176188391,0.648401000674046,0.260790958667956
1 Jan 2025 13:57:41.000,47.802,15.043,3254.023671,4702.803929,3243.797555,5409.622827,-5.447117,3.901815,2.395376,1337701.56,-6220784.13,371533.3513,0.715440838800556,0.648676633340768,0.259543891344112
1 Jan 2025 13:57:42.000,47.799,14.97,3259.305936,4697.35489,3247.698043,5412.015987,-5.450958,3.899163,2.390944,1338072.673,-6220712.701,371392.9236,0.715651259603892,0.64893569668633,0.258313252067312
1 Jan 2025 13:57:43.000,47.795,14.896,3264.590014,4691.902012,3251.595876,5414.404715,-5.454795,3.896507,2.386511,1338443.787,-6220641.244,371252.508,0.715852486462831,0.649209238541486,0.257065326750547
1 Jan 2025 13:57:44.000,47.792,14.822,3269.875896,4686.4453,3255.491053,5416.789008,-5.458627,3.893849,2.382076,1338814.929,-6220569.756,371112.0934,0.716063820073436,0.649469231063165,0.255816972627029
1 Jan 2025 13:57:45.000,47.788,14.749,3275.163569,4680.984758,3259.383569,5419.168866,-5.462455,3.891187,2.377639,1339186.071,-6220498.24,370971.691,0.716259303098227,0.649737680023641,0.254585070031098
1 Jan 2025 13:57:46.000,47.785,14.676,3280.453024,4675.52039,3263.273421,5421.544285,-5.466278,3.888521,2.3732,1339557.212,-6220426.698,370831.3008,0.716464934115018,0.649992600065739,0.253352754165693
1 Jan 2025 13:57:47.000,47.782,14.603,3285.744242,4670.052202,3267.160606,5423.915265,-5.470096,3.885853,2.368759,1339928.323,-6220355.135,370690.9341,0.716669377413069,0.650246488224374,0.252120027031239
1 Jan 2025 13:57:48.000,47.778,14.53,3291.037213,4664.580197,3271.045122,5426.281802,-5.473911,3.883181,2.364316,1340299.434,-6220283.545,370550.5795,0.716861279304632,0.650511855652397,0.25088689062883
1 Jan 2025 13:57:49.000,47.775,14.457,3296.331926,4659.104381,3274.926964,5428.643896,-5.47772,3.880507,2.359871,1340670.573,-6220211.923,370410.2259,0.717063342102332,0.65076368196496,0.249653346960224
1 Jan 2025 13:57:50.000,47.772,14.384,3301.628367,4653.624757,3278.806131,5431.001544,-5.481526,3.877829,2.355424,1341041.713,-6220140.274,370269.8845,0.717264216535593,0.651014474770775,0.248419398027838
1 Jan 2025 13:57:51.000,47.768,14.312,3306.926527,4648.141329,3282.682617,5433.354744,-5.485326,3.875148,2.350976,1341412.821,-6220068.604,370129.5666,0.717449341108485,0.651273855731211,0.247201957484165
1 Jan 2025 13:57:52.000,47.765,14.24,3312.226389,4642.654104,3286.556421,5435.703494,-5.489123,3.872464,2.346525,1341783.93,-6219996.907,369989.2609,0.717644671354481,0.651519712019309,0.245984126574858
1 Jan 2025 13:57:53.000,47.762,14.168,3317.527942,4637.163084,3290.42754,5438.047793,-5.492914,3.869776,2.342072,1342155.067,-6219925.177,369848.9561,0.717838844615745,0.651764561649385,0.244765907223039
1 Jan 2025 13:57:54.000,47.759,14.096,3322.831176,4631.668275,3294.295969,5440.387638,-5.496702,3.867086,2.337618,1342526.204,-6219853.421,369708.6635,0.718031860691627,0.652008404114289,0.243547301352444
1 Jan 2025 13:57:55.000,47.755,14.024,3328.13608,4626.169682,3298.161707,5442.723029,-5.500484,3.864392,2.333162,1342897.341,-6219781.638,369568.3831,0.718212335342294,0.652263774177763,0.242328310887416
1 Jan 2025 13:57:56.000,47.752,13.952,3333.442638,4620.667307,3302.024749,5445.053961,-5.504262,3.861695,2.328703,1343268.447,-6219709.835,369428.1262,0.718403032232271,0.652505604125469,0.241108937752908
1 Jan 2025 13:57:57.000,47.749,13.881,3338.750839,4615.161157,3305.885093,5447.380435,-5.508036,3.858995,2.324243,1343639.552,-6219638.004,369287.8815,0.718589472116688,0.652743610119175,0.239906127499167
1 Jan 2025 13:57:58.000,47.746,13.809,3344.060673,4609.651235,3309.742735,5449.702447,-5.511805,3.856292,2.319781,1344010.687,-6219566.141,369147.6378,0.718777869206174,0.652983436328229,0.238686000051136
1 Jan 2025 13:57:59.000,47.743,13.738,3349.37213,4604.137546,3313.597672,5452.019997,-5.51557,3.853586,2.315317,1344381.821,-6219494.251,369007.4062,0.718962040512598,0.653219465710419,0.237482449707249
1 Jan 2025 13:58:00.000,47.74,13.667,3354.685193,4598.620095,3317.449902,5454.333081,-5.51933,3.850877,2.310852,1344752.925,-6219422.34,368867.1982,0.719145085103566,0.653454513042551,0.236278534690961
1 Jan 2025 13:58:01.000,47.737,13.596,3359.999853,4593.098885,3321.299421,5456.641699,-5.523086,3.848164,2.306384,1345124.058,-6219350.397,368726.9911,0.719327002801368,0.653688577846335,0.235074256850974
1 Jan 2025 13:58:02.000,47.734,13.525,3365.316099,4587.573923,3325.146226,5458.945849,-5.526837,3.845448,2.301914,1345495.16,-6219278.433,368586.8074,0.719507793430067,0.653921659644973,0.233869618036549
1 Jan 2025 13:58:03.000,47.731,13.454,3370.633919,4582.045211,3328.990313,5461.245527,-5.530584,3.84273,2.297443,1345866.292,-6219206.436,368446.6247,0.719687456815506,0.654153757963152,0.232664620097501
1 Jan 2025 13:58:04.000,47.728,13.384,3375.953305,4576.512755,3332.83168,5463.540734,-5.534326,3.840008,2.29297,1346237.424,-6219134.413,368306.4543,0.719863003440218,0.654382154901553,0.231476244190259
1 Jan 2025 13:58:05.000,47.725,13.314,3381.274239,4570.976559,3336.670324,5465.831466,-5.538064,3.837283,2.288494,1346608.524,-6219062.368,368166.3073,0.720037453685252,0.654609595212496,0.230287522775748
1 Jan 2025 13:58:06.000,47.722,13.243,3386.596713,4565.436628,3340.506241,5468.117722,-5.541797,3.834554,2.284017,1346979.625,-6218990.297,368026.1725,0.720213765745777,0.6548387682624,0.229081468501643
1 Jan 2025 13:58:07.000,47.719,13.173,3391.920716,4559.892966,3344.339428,5470.3995,-5.545525,3.831823,2.279538,1347350.754,-6218918.193,367886.0387,0.72038600725445,0.655064280147639,0.2278920565238
1 Jan 2025 13:58:08.000,47.717,13.103,3397.246239,4554.345578,3348.169882,5472.676798,-5.549249,3.829089,2.275058,1347721.883,-6218846.063,367745.917,0.720568588744382,0.655276257848441,0.226702304388536
1 Jan 2025 13:58:09.000,47.714,13.034,3402.573266,4548.794468,3351.9976,5474.949615,-5.552968,3.826351,2.270575,1348093.012,-6218773.906,367605.8076,0.720735728393837,0.655497202017558,0.225529217539009
1 Jan 2025 13:58:10.000,47.711,12.964,3407.901788,4543.239642,3355.82258,5477.217948,-5.556683,3.82361,2.266091,1348464.11,-6218701.727,367465.7217,0.72090469826443,0.655719849465153,0.224338795213109
1 Jan 2025 13:58:11.000,47.708,12.894,3413.231795,4537.681102,3359.644816,5479.481796,-5.560394,3.820867,2.261604,1348835.207,-6218629.523,367325.648,0.721072570805566,0.655941537603514,0.223148038033476
1 Jan 2025 13:58:12.000,47.705,12.825,3418.563274,4532.118854,3363.464308,5481.741156,-5.564099,3.81812,2.257116,1349206.334,-6218557.285,367185.5753,0.721236480288496,0.656159658968139,0.221973965689396
1 Jan 2025 13:58:13.000,47.703,12.756,3423.89622,4526.552903,3367.281051,5483.996027,-5.567801,3.81537,2.252626,1349577.46,-6218485.021,367045.5148,0.721410778785939,0.656364256729551,0.220799571420167
1 Jan 2025 13:58:14.000,47.7,12.687,3429.230614,4520.983253,3371.095042,5486.246408,-5.571497,3.812616,2.248134,1349948.556,-6218412.736,366905.4777,0.721572558279716,0.656580509424842,0.219624856928993
1 Jan 2025 13:58:15.000,47.697,12.618,3434.566449,4515.409909,3374.906279,5488.492296,-5.575189,3.80986,2.243641,1350319.68,-6218340.418,366765.4417,0.721733270670001,0.656795828578032,0.218449823919544
1 Jan 2025 13:58:16.000,47.694,12.549,3439.903714,4509.832875,3378.714758,5490.733689,-5.578877,3.807101,2.239145,1350690.775,-6218268.08,366625.4291,0.721892915821937,0.657010213765684,0.21727447409595
1 Jan 2025 13:58:17.000,47.692,12.48,3445.242402,4504.252155,3382.520476,5492.970585,-5.58256,3.804338,2.234648,1351061.898,-6218195.709,366485.4175,0.722062964209152,0.657211062289667,0.216098809162802
1 Jan 2025 13:58:18.000,47.689,12.412,3450.582496,4498.667755,3386.323429,5495.202984,-5.586238,3.801573,2.230149,1351433.022,-6218123.311,366345.418,0.722217704131627,0.657421050354773,0.214939876219534
1 Jan 2025 13:58:19.000,47.687,12.343,3455.923988,4493.079679,3390.123616,5497.430882,-5.589912,3.798804,2.225648,1351804.114,-6218050.892,366205.4421,0.722385643526424,0.657620034155787,0.213763590688068
1 Jan 2025 13:58:20.000,47.684,12.275,3461.266869,4487.487931,3393.921033,5499.654279,-5.593581,3.796032,2.221145,1352175.206,-6217978.447,366065.4784,0.722538297379661,0.657828189556674,0.212604049454116
1 Jan 2025 13:58:21.000,47.681,12.207,3466.611126,4481.892516,3397.715676,5501.873172,-5.597246,3.793257,2.21664,1352546.327,-6217905.969,365925.5157,0.722689913731496,0.658035436108173,0.211444208756564
1 Jan 2025 13:58:22.000,47.679,12.139,3471.956754,4476.293439,3401.507542,5504.087559,-5.600906,3.790479,2.212134,1352917.448,-6217833.464,365785.5652,0.722851980840106,0.658229157363464,0.210284070229106
1 Jan 2025 13:58:23.000,47.676,12.071,3477.303735,4470.690704,3405.29663,5506.297439,-5.604562,3.787698,2.207626,1353288.568,-6217760.933,365645.6269,0.723001525422159,0.658434582407429,0.209123635505856
1 Jan 2025 13:58:24.000,47.674,12.003,3482.652064,4465.084315,3409.082934,5508.50281,-5.608213,3.784914,2.203116,1353659.658,-6217688.38,365505.7122,0.723161527448273,0.658626475974548,0.207962906221345
1 Jan 2025 13:58:25.000,47.671,11.936,3488.001728,4459.474278,3412.866453,5510.70367,-5.611859,3.782127,2.198604,1354030.747,-6217615.801,365365.8096,0.723306331251768,0.658827647388541,0.206818959980917
1 Jan 2025 13:58:26.000,47.669,11.868,3493.352722,4453.860597,3416.647183,5512.900018,-5.615501,3.779336,2.19409,1354401.865,-6217543.189,365225.908,0.723464282683068,0.659017725383364,0.205657650750976
1 Jan 2025 13:58:27.000,47.666,11.801,3498.705028,4448.243277,3420.425121,5515.091851,-5.619138,3.776543,2.189575,1354772.982,-6217470.551,365086.0187,0.723607058757481,0.659217112649204,0.204513136269517
1 Jan 2025 13:58:28.000,47.664,11.734,3504.058641,4442.622322,3424.200264,5517.279167,-5.622771,3.773746,2.185058,1355144.069,-6217397.892,364946.1528,0.723760335365481,0.65940298328902,0.203368342131184
1 Jan 2025 13:58:29.000,47.662,11.667,3509.41355,4436.997736,3427.972609,5519.461966,-5.626398,3.770947,2.180539,1355515.156,-6217325.206,364806.2992,0.723912610220473,0.659587963712322,0.202223269901399
1 Jan 2025 13:58:30.000,47.659,11.6,3514.769745,4431.369525,3431.742154,5521.640245,-5.630022,3.768144,2.176018,1355886.271,-6217252.487,364666.4465,0.724052367871649,0.659784690794713,0.201077921145965
1 Jan 2025 13:58:31.000,47.657,11.533,3520.127219,4425.737693,3435.508893,5523.814002,-5.633641,3.765339,2.171496,1356257.387,-6217179.742,364526.6061,0.724202635586929,0.659967892440899,0.199932297431064
1 Jan 2025 13:58:32.000,47.654,11.466,3525.485956,4420.102244,3439.272826,5525.983236,-5.637255,3.76253,2.166972,1356628.501,-6217106.97,364386.7779,0.724340379226369,0.660162845113783,0.198786400323252
1 Jan 2025 13:58:33.000,47.652,11.4,3530.84595,4414.463184,3443.033948,5528.147945,-5.640864,3.759718,2.162446,1356999.585,-6217034.177,364246.9732,0.724486089789846,0.660341942856327,0.197657340379126
1 Jan 2025 13:58:34.000,47.65,11.333,3536.20719,4408.820516,3446.792257,5530.308127,-5.644469,3.756903,2.157918,1357370.668,-6216961.357,364107.1808,0.724633362286566,0.660522485911922,0.196510905208848
1 Jan 2025 13:58:35.000,47.647,11.267,3541.569668,4403.174246,3450.54775,5532.46378,-5.648069,3.754085,2.153388,1357741.781,-6216888.505,363967.3893,0.724765580728875,0.66071248925667,0.195381318275294
1 Jan 2025 13:58:36.000,47.645,11.201,3546.933377,4397.524378,3454.300422,5534.614903,-5.651665,3.751264,2.148857,1358112.893,-6216815.626,363827.6101,0.724908354404132,0.660888979562278,0.194251472087663
1 Jan 2025 13:58:37.000,47.643,11.135,3552.2983,4391.870916,3458.050273,5536.761494,-5.655256,3.74844,2.144324,1358483.974,-6216742.726,363687.8543,0.725050154780994,0.661064603664268,0.193121368145163
1 Jan 2025 13:58:38.000,47.641,11.069,3557.664431,4386.213866,3461.797297,5538.903551,-5.658843,3.745613,2.139789,1358855.085,-6216669.794,363548.0996,0.725190981731961,0.661239361261863,0.191991007947345
1 Jan 2025 13:58:39.000,47.639,11.003,3563.031762,4380.553232,3465.541493,5541.041072,-5.662424,3.742782,2.135253,1359226.165,-6216596.841,363408.3683,0.725330835130843,0.661413252055424,0.190860392994099
1 Jan 2025 13:58:40.000,47.636,10.937,3568.400282,4374.889018,3469.282857,5543.174056,-5.666001,3.739949,2.130714,1359597.274,-6216523.855,363268.638,0.725458167883468,0.661598937480837,0.189729524785653
1 Jan 2025 13:58:41.000,47.634,10.872,3573.769985,4369.221229,3473.021387,5545.3025,-5.669574,3.737113,2.126174,1359968.383,-6216450.842,363128.92,0.725593638626715,0.661768877944592,0.188615544874755
1 Jan 2025 13:58:42.000,47.632,10.806,3579.140855,4363.54987,3476.757078,5547.426404,-5.673142,3.734273,2.121633,1360339.461,-6216377.809,362989.2254,0.725730582302228,0.661940182151322,0.187484178438457
1 Jan 2025 13:58:43.000,47.63,10.741,3584.512888,4357.874946,3480.489929,5549.545765,-5.676705,3.731431,2.117089,1360710.538,-6216304.749,362849.5431,0.725864148892151,0.662108426365407,0.186369710760621
1 Jan 2025 13:58:44.000,47.628,10.676,3589.886072,4352.196461,3484.219936,5551.660582,-5.680264,3.728585,2.112544,1361081.645,-6216231.656,362709.8618,0.725996770456947,0.662275828538823,0.18525500322339
1 Jan 2025 13:58:45.000,47.626,10.611,3595.260402,4346.514419,3487.947095,5553.770853,-5.683818,3.725737,2.107997,1361452.751,-6216158.536,362570.1928,0.726128446884888,0.662442388390348,0.184140057261402
1 Jan 2025 13:58:46.000,47.624,10.546,3600.635863,4340.828826,3491.671405,5555.876576,-5.687367,3.722885,2.103449,1361823.857,-6216085.39,362430.5359,0.72625917806548,0.662608105639832,0.183024874309603
1 Jan 2025 13:58:47.000,47.622,10.481,3606.012449,4335.139686,3495.392861,5557.977749,-5.690911,3.720031,2.098898,1362194.931,-6216012.223,362290.9026,0.726388963889465,0.662772980008206,0.181909455803242
1 Jan 2025 13:58:48.000,47.62,10.416,3611.39015,4329.447004,3499.111462,5560.074372,-5.694451,3.717173,2.094346,1362566.006,-6215939.029,362151.2815,0.72651780424882,0.662937011217471,0.180793803177873
1 Jan 2025 13:58:49.000,47.617,10.351,3616.768959,4323.750784,3502.827203,5562.166441,-5.697987,3.714312,2.089792,1362937.109,-6215865.803,362011.6615,0.726634125644339,0.663112881249657,0.179677917869349
1 Jan 2025 13:58:50.000,47.615,10.287,3622.148867,4318.051031,3506.540082,5564.253956,-5.701517,3.711449,2.085237,1363308.212,-6215792.55,361872.0536,0.72675876987139,0.663273126570675,0.178578974082016
1 Jan 2025 13:58:51.000,47.613,10.223,3627.529862,4312.347749,3510.250096,5566.336915,-5.705043,3.708582,2.08068,1363679.284,-6215719.276,361732.4693,0.726882497039062,0.663432553795283,0.177479807479406
1 Jan 2025 13:58:52.000,47.612,10.158,3632.911936,4306.640945,3513.957242,5568.415315,-5.708565,3.705712,2.076121,1364050.385,-6215645.969,361592.886,0.72701916238916,0.663580549131464,0.176363239744991
1 Jan 2025 13:58:53.000,47.61,10.094,3638.295082,4300.930621,3517.661516,5570.489156,-5.712081,3.70284,2.07156,1364421.456,-6215572.642,361453.3261,0.727141043654874,0.66373832438931,0.175263628198698
1 Jan 2025 13:58:54.000,47.608,10.03,3643.67929,4295.216782,3521.362917,5572.558435,-5.715593,3.699964,2.066998,1364792.556,-6215499.282,361313.7673,0.727262007557176,0.663895280777979,0.17416379797373
1 Jan 2025 13:58:55.000,47.606,9.966,3649.064554,4289.499435,3525.061439,5574.623152,-5.719101,3.697085,2.062434,1365163.656,-6215425.895,361174.2207,0.727382054002463,0.664051418037778,0.173063750442357
1 Jan 2025 13:58:56.000,47.604,9.903,3654.45086,4283.778582,3528.757082,5576.683303,-5.722603,3.694203,2.057869,1365534.725,-6215352.488,361034.6976,0.727498966298746,0.66420471216026,0.17198068024741
1 Jan 2025 13:58:57.000,47.602,9.839,3659.838202,4278.054229,3532.449841,5578.738888,-5.726101,3.691318,2.053301,1365905.793,-6215279.054,360895.1868,0.727617191808397,0.664359223260715,0.170880205563087
1 Jan 2025 13:58:58.000,47.6,9.775,3665.226572,4272.32638,3536.139714,5580.789905,-5.729594,3.68843,2.048732,1366276.89,-6215205.587,360755.677,0.727734499589037,0.664512914462811,0.16977951766934
1 Jan 2025 13:58:59.000,47.598,9.712,3670.615961,4266.595041,3539.826698,5582.836353,-5.733083,3.68554,2.044162,1366647.987,-6215132.093,360616.1794,0.727848715499631,0.664663800189401,0.168695821119915
1 Jan 2025 13:59:00.000,47.596,9.649,3676.006363,4260.860215,3543.510789,5584.878229,-5.736567,3.682646,2.03959,1367019.083,-6215058.573,360476.6941,0.727962041802694,0.664813891072491,0.167611920612785
1 Jan 2025 13:59:01.000,47.595,9.585,3681.397765,4255.121908,3547.191985,5586.915531,-5.740046,3.679749,2.035016,1367390.148,-6214985.032,360337.2323,0.728088230111002,0.664952439388626,0.166510607845099
1 Jan 2025 13:59:02.000,47.593,9.522,3686.79016,4249.380124,3550.870283,5588.948259,-5.74352,3.676849,2.03044,1367761.213,-6214911.464,360197.7827,0.728199765505861,0.665100925220843,0.16542630016895
1 Jan 2025 13:59:03.000,47.591,9.459,3692.18354,4243.634867,3554.545679,5590.976411,-5.74699,3.673946,2.025863,1368132.307,-6214837.864,360058.3342,0.728310411036759,0.665248615494454,0.164341792488033
1 Jan 2025 13:59:04.000,47.589,9.397,3697.577897,4237.886144,3558.218171,5592.999984,-5.750455,3.67104,2.021284,1368503.4,-6214764.237,359918.8979,0.72841806274836,0.665393588124199,0.163274305220176
1 Jan 2025 13:59:05.000,47.588,9.334,3702.973225,4232.133958,3561.887755,5595.018978,-5.753916,3.668131,2.016703,1368874.463,-6214690.589,359779.4851,0.728538558113177,0.665526983962553,0.162189404586367
1 Jan 2025 13:59:06.000,47.586,9.271,3708.369511,4226.378313,3565.554429,5597.03339,-5.757371,3.66522,2.012121,1369245.525,-6214616.914,359640.0846,0.72864655017279,0.665672296937336,0.161104307861283
1 Jan 2025 13:59:07.000,47.584,9.209,3713.766748,4220.619216,3569.21819,5599.04322,-5.760822,3.662305,2.007537,1369616.616,-6214543.207,359500.6851,0.72875159006391,0.665814929507465,0.160036244720664
1 Jan 2025 13:59:08.000,47.582,9.146,3719.16493,4214.856669,3572.879034,5601.048464,-5.764268,3.659387,2.002952,1369987.706,-6214469.473,359361.2979,0.728857815737652,0.665958661960611,0.158950762809657
1 Jan 2025 13:59:09.000,47.581,9.084,3724.564047,4209.090679,3576.53696,5603.049123,-5.76771,3.656466,1.998365,1370358.796,-6214395.712,359221.9229,0.728972742504136,0.666087015881685,0.157882323139202
1 Jan 2025 13:59:10.000,47.579,9.022,3729.964094,4203.32125,3580.191962,5605.045193,-5.771147,3.653542,1.993776,1370729.855,-6214321.931,359082.5714,0.729075183686499,0.66622731891222,0.15681369859656
1 Jan 2025 13:59:11.000,47.577,8.96,3735.365058,4197.548386,3583.84404,5607.036674,-5.774579,3.650616,1.989186,1371100.914,-6214248.122,358943.2322,0.729176762279134,0.666366849757789,0.155744890433036
1 Jan 2025 13:59:12.000,47.576,8.898,3740.766934,4191.772093,3587.493189,5609.023564,-5.778006,3.647686,1.984594,1371472.001,-6214174.282,358803.894,0.72928911082341,0.666492879800286,0.15467589990015
1 Jan 2025 13:59:13.000,47.574,8.836,3746.169713,4185.992374,3591.139408,5611.005861,-5.781429,3.644753,1.98,1371843.088,-6214100.414,358664.5681,0.729388966451198,0.666630863863725,0.153606728249635
1 Jan 2025 13:59:14.000,47.573,8.774,3751.573387,4180.209236,3594.782692,5612.983564,-5.784847,3.641817,1.975405,1372214.145,-6214026.526,358525.2657,0.729499596471285,0.666755343021347,0.152537376733437
1 Jan 2025 13:59:15.000,47.571,8.712,3756.977952,4174.422682,3598.423038,5614.95667,-5.78826,3.638879,1.970808,1372585.23,-6213952.605,358385.9643,0.729597728828817,0.6668917794763,0.151467846603712
1 Jan 2025 13:59:16.000,47.57,8.651,3762.383393,4168.632717,3602.060445,5616.925179,-5.791668,3.635937,1.96621,1372956.285,-6213878.663,358246.6864,0.729704702382228,0.667012935864937,0.150415393860144
1 Jan 2025 13:59:17.000,47.568,8.589,3767.789707,4162.839346,3605.694908,5618.889089,-5.795072,3.632993,1.96161,1373327.369,-6213804.689,358107.4096,0.729801125016193,0.667147836423553,0.149345513091193
1 Jan 2025 13:59:18.000,47.566,8.528,3773.196884,4157.042573,3609.326426,5620.848398,-5.798471,3.630045,1.957008,1373698.452,-6213730.687,357968.145,0.729894774468342,0.66728021704116,0.14829271778921
1 Jan 2025 13:59:19.000,47.565,8.467,3778.604918,4151.242404,3612.954994,5622.803104,-5.801865,3.627095,1.952405,1374069.505,-6213656.666,357828.9039,0.729999236695036,0.667399107842401,0.147239754400204
1 Jan 2025 13:59:20.000,47.563,8.406,3784.013803,4145.438844,3616.580611,5624.753207,-5.805255,3.624141,1.9478,1374440.557,-6213582.617,357689.6751,0.730091217081715,0.667529988591684,0.146186624117687
1 Jan 2025 13:59:21.000,47.562,8.345,3789.423527,4139.631896,3620.203272,5626.698704,-5.808639,3.621185,1.943194,1374811.638,-6213508.536,357550.4474,0.73019401445836,0.667647375725792,0.145133328135364
1 Jan 2025 13:59:22.000,47.561,8.284,3794.834083,4133.821565,3623.822976,5628.639594,-5.812019,3.618225,1.938586,1375182.719,-6213434.428,357411.2319,0.730295980311723,0.667764009871247,0.144079867647125
1 Jan 2025 13:59:23.000,47.559,8.223,3800.245465,4128.007858,3627.439718,5630.575875,-5.815395,3.615263,1.933976,1375553.798,-6213360.293,357272.0287,0.730385457738198,0.667892638599624,0.14302624384705
1 Jan 2025 13:59:24.000,47.558,8.162,3805.657665,4122.190777,3631.053497,5632.507545,-5.818765,3.612298,1.929365,1375924.847,-6213286.138,357132.8489,0.730485758268798,0.66800776803563,0.141972457929399
1 Jan 2025 13:59:25.000,47.556,8.101,3811.070679,4116.370328,3634.664309,5634.434604,-5.822131,3.609329,1.924752,1376295.896,-6213211.956,356993.6815,0.730573565981845,0.668134895003349,0.140918511088621
1 Jan 2025 13:59:26.000,47.555,8.041,3816.484492,4110.546517,3638.272152,5636.357049,-5.825492,3.606358,1.920138,1376666.973,-6213137.741,356854.5151,0.730670399435703,0.668246871481006,0.139881686236324
1 Jan 2025 13:59:27.000,47.553,7.981,3821.899102,4104.719346,3641.877021,5638.274879,-5.828848,3.603384,1.915522,1377038.05,-6213063.499,356715.361,0.730754762785411,0.668370872892103,0.138844707986606
1 Jan 2025 13:59:28.000,47.552,7.92,3827.314499,4098.888822,3645.478916,5640.188093,-5.832199,3.600407,1.910905,1377409.096,-6212989.237,356576.2303,0.730851759003508,0.66848301560662,0.137790290684638
1 Jan 2025 13:59:29.000,47.551,7.86,3832.730677,4093.054948,3649.077831,5642.096688,-5.835546,3.597427,1.906286,1377780.141,-6212914.948,356437.1119,0.730946162086446,0.668592793359778,0.136753006542691
1 Jan 2025 13:59:30.000,47.549,7.8,3838.147631,4087.217731,3652.673766,5644.000664,-5.838888,3.594444,1.901665,1378151.216,-6212840.627,356297.9947,0.731028088840532,0.668714600352787,0.135715572434304
1 Jan 2025 13:59:31.000,47.548,7.74,3843.565348,4081.377174,3656.266715,5645.900019,-5.842225,3.591458,1.897043,1378522.29,-6212766.278,356158.8897,0.731120879618487,0.66882292015966,0.134677989497153
1 Jan 2025 13:59:32.000,47.547,7.68,3848.983824,4075.533282,3659.856678,5647.79475,-5.845557,3.588469,1.89242,1378893.363,-6212691.903,356019.797,0.731212865087131,0.668930509948886,0.133640258869072
1 Jan 2025 13:59:33.000,47.545,7.62,3854.403051,4069.686061,3663.44365,5649.684857,-5.848885,3.585478,1.887795,1379264.405,-6212617.508,355880.7277,0.731292368154805,0.669050133135919,0.132602381688062
1 Jan 2025 13:59:34.000,47.544,7.56,3859.823023,4063.835514,3667.027629,5651.570339,-5.852207,3.582483,1.883168,1379635.447,-6212543.085,355741.6707,0.731382740927318,0.66915626402977,0.131564359092283
1 Jan 2025 13:59:35.000,47.543,7.501,3865.243731,4057.981647,3670.608612,5653.451193,-5.855525,3.579486,1.87854,1380006.518,-6212468.63,355602.6148,0.731470627313648,0.669260126545106,0.130543496177353
1 Jan 2025 13:59:36.000,47.542,7.441,3870.665172,4052.124465,3674.186596,5655.327418,-5.858838,3.576485,1.87391,1380377.588,-6212394.148,355463.5712,0.731559402370198,0.669364808564122,0.129505188543452
1 Jan 2025 13:59:37.000,47.54,7.382,3876.087334,4046.263971,3677.761578,5657.199012,-5.862147,3.573482,1.869279,1380748.657,-6212319.64,355324.5399,0.731634032950251,0.669480015650887,0.128484047543028
1 Jan 2025 13:59:38.000,47.539,7.323,3881.51021,4040.400172,3681.333555,5659.065974,-5.86545,3.570475,1.864646,1381119.695,-6212245.11,355185.5321,0.731719567115857,0.669581748023967,0.12746277030157
1 Jan 2025 13:59:39.000,47.538,7.263,3886.933796,4034.533072,3684.902525,5660.928303,-5.868749,3.567466,1.860012,1381490.733,-6212170.554,355046.5365,0.731805949983676,0.669684263289833,0.126424044668899
1 Jan 2025 13:59:40.000,47.537,7.204,3892.358083,4028.662675,3688.468483,5662.785997,-5.872043,3.564454,1.855376,1381861.8,-6212095.966,354907.5421,0.731889912481791,0.669784569859311,0.1254024959312
1 Jan 2025 13:59:41.000,47.536,7.145,3897.783067,4022.788987,3692.031429,5664.639054,-5.875332,3.561439,1.850738,1382232.866,-6212021.35,354768.5599,0.731973095637425,0.669884169328489,0.124380814220062
1 Jan 2025 13:59:42.000,47.534,7.086,3903.208736,4016.912012,3695.591357,5666.487473,-5.878616,3.558421,1.8461,1382603.902,-6211946.714,354629.6012,0.732043805865229,0.669995838241305,0.123359000618848
1 Jan 2025 13:59:43.000,47.533,7.027,3908.635086,4011.031755,3699.148267,5668.331253,-5.881896,3.5554,1.841459,1382974.937,-6211872.052,354490.6548,0.732125428432587,0.670094024536864,0.122337056211064
1 Jan 2025 13:59:44.000,47.532,6.969,3914.06211,4005.148221,3702.702154,5670.170391,-5.885171,3.552376,1.836817,1383346.001,-6211797.356,354351.7095,0.732204709500501,0.670190073634276,0.121332306445447
1 Jan 2025 13:59:45.000,47.531,6.91,3919.4898,3999.261414,3706.253015,5672.004887,-5.888441,3.54935,1.832174,1383717.064,-6211722.634,354212.7764,0.732284786155688,0.670286856797917,0.120310105846879
1 Jan 2025 13:59:46.000,47.53,6.852,3924.918154,3993.37134,3709.800849,5673.834739,-5.891706,3.54632,1.827529,1384088.126,-6211647.885,354073.8557,0.732362547339773,0.670381526340142,0.119305106327683
1 Jan 2025 13:59:47.000,47.529,6.793,3930.347158,3987.478004,3713.345652,5675.659945,-5.894966,3.543288,1.822883,1384459.158,-6211573.116,353934.9584,0.73244107784695,0.670476905860474,0.118282653800813
1 Jan 2025 13:59:48.000,47.528,6.735,3935.776808,3981.581409,3716.887421,5677.480504,-5.898222,3.540252,1.818235,1384830.189,-6211498.32,353796.0735,0.732517318919373,0.67057019534675,0.117277408718791
1 Jan 2025 13:59:49.000,47.527,6.676,3941.207099,3975.681561,3720.426153,5679.296415,-5.901472,3.537214,1.813586,1385201.249,-6211423.491,353657.1896,0.732594303049181,0.670664170718215,0.11625470852715
1 Jan 2025 13:59:50.000,47.526,6.618,3946.638022,3969.778466,3723.961845,5681.107675,-5.904718,3.534173,1.808935,1385572.308,-6211348.635,353518.3181,0.732669023788481,0.670756079653516,0.115249222074081
1 Jan 2025 13:59:51.000,47.525,6.56,3952.069575,3963.872126,3727.494495,5682.914284,-5.907959,3.531129,1.804283,1385943.336,-6211273.759,353379.4699,0.732742990764621,0.6708473040424,0.114243617521341
1 Jan 2025 13:59:52.000,47.524,6.502,3957.501744,3957.962549,3731.024099,5684.71624,-5.911195,3.528082,1.799629,1386314.394,-6211198.85,353240.623,0.732816203925726,0.670937843765101,0.113237895899406
1 Jan 2025 13:59:53.000,47.523,6.444,3962.934527,3952.049737,3734.550656,5686.513542,-5.914426,3.525033,1.794974,1386685.421,-6211123.92,353101.7995,0.732888663220697,0.671027698702555,0.112232058238872
1 Jan 2025 13:59:54.000,47.522,6.386,3968.367916,3946.133697,3738.074161,5688.306188,-5.917653,3.52198,1.790317,1387056.477,-6211048.958,352962.9771,0.732960368599207,0.671116868736396,0.111226105570454
1 Jan 2025 13:59:55.000,47.521,6.329,3973.801905,3940.214432,3741.594611,5690.094176,-5.920875,3.518925,1.785659,1387427.532,-6210973.968,352824.167,0.733029901121503,0.671204054532023,0.110237385861479
1 Jan 2025 13:59:56.000,47.52,6.271,3979.236488,3934.291949,3745.112006,5691.877506,-5.924091,3.515866,1.781,1387798.557,-6210898.959,352685.3804,0.73310011149347,0.671291866241183,0.10923120820852
1 Jan 2025 13:59:57.000,47.519,6.214,3984.671661,3928.366251,3748.62634,5693.656175,-5.927303,3.512805,1.776339,1388169.581,-6210823.922,352546.606,0.733168174639653,0.671377716947613,0.108242269385719
1 Jan 2025 13:59:58.000,47.518,6.156,3990.107411,3922.437343,3752.137611,5695.430182,-5.93051,3.509741,1.771676,1388540.634,-6210748.853,352407.8328,0.733236889817158,0.671464169874066,0.10723587080167
1 Jan 2025 13:59:59.000,47.517,6.099,3995.543735,3916.505231,3755.645818,5697.199527,-5.933713,3.506674,1.767012,1388911.686,-6210673.757,352269.0719,0.733303483406337,0.671548685042961,0.106246716849047
1 Jan 2025 14:00:00.000,47.516,6.041,4000.980627,3910.569919,3759.150955,5698.964207,-5.93691,3.503604,1.762347,1389282.737,-6210598.635,352130.3233,0.733370703207519,0.67163377873414,0.105240101388249
1 Jan 2025 14:00:01.000,47.515,5.984,4006.41808,3904.631412,3762.653022,5700.72422,-5.940103,3.500531,1.75768,1389653.758,-6210523.491,351991.5982,0.733435827064752,0.671716957922528,0.104250736290673
1 Jan 2025 14:00:02.000,47.514,5.927,4011.856091,3898.689715,3766.152014,5702.479567,-5.94329,3.497456,1.753012,1390024.777,-6210448.321,351852.8854,0.733500222370619,0.671799474776508,0.103261268015944
1 Jan 2025 14:00:03.000,47.513,5.87,4017.294648,3892.744833,3769.64793,5704.230244,-5.946473,3.494378,1.748342,1390395.826,-6210373.119,351714.1737,0.733563889084527,0.671881329189008,0.102271697543339
1 Jan 2025 14:00:04.000,47.512,5.813,4022.733747,3886.79677,3773.140765,5705.976251,-5.949651,3.491296,1.743671,1390766.874,-6210297.889,351575.4743,0.733626827166611,0.671962521053606,0.10128202585224
1 Jan 2025 14:00:05.000,47.511,5.756,4028.173382,3880.845532,3776.630518,5707.717586,-5.952824,3.488212,1.738999,1391137.892,-6210222.639,351436.7984,0.73368903657773,0.672043050264537,0.100292253922126
1 Jan 2025 14:00:06.000,47.511,5.7,4033.613547,3874.891123,3780.117186,5709.454248,-5.955992,3.485125,1.734325,1391508.908,-6210147.363,351298.1348,0.73376096977423,0.672108939493326,0.099319749743639
1 Jan 2025 14:00:07.000,47.51,5.643,4039.054238,3868.933548,3783.600765,5711.186236,-5.959156,3.482036,1.72965,1391879.954,-6210072.053,351159.4723,0.733821735872549,0.672188153670369,0.0983297819900936
1 Jan 2025 14:00:08.000,47.509,5.586,4044.495444,3862.972812,3787.081253,5712.913547,-5.962314,3.478943,1.724973,1392250.998,-6209996.717,351020.8221,0.7338817731761,0.672266704894686,0.0973397169193747
1 Jan 2025 14:00:09.000,47.508,5.53,4049.937161,3857.008921,3790.558647,5714.636181,-5.965468,3.475848,1.720295,1392622.042,-6209921.354,350882.1843,0.733939841560139,0.672343457049875,0.0963669275887815
1 Jan 2025 14:00:10.000,47.507,5.474,4055.379383,3851.041878,3794.032944,5716.354137,-5.968617,3.472749,1.715615,1392993.056,-6209845.971,350743.5699,0.7339972063816,0.6724195691482,0.095394046200775
1 Jan 2025 14:00:11.000,47.507,5.417,4060.822104,3845.071689,3797.504142,5718.067412,-5.97176,3.469648,1.710934,1393364.068,-6209770.561,350604.9678,0.734066819775661,0.672483342426947,0.0944036983530233
1 Jan 2025 14:00:12.000,47.506,5.361,4066.265318,3839.098358,3800.972237,5719.776005,-5.974899,3.466544,1.706252,1393735.109,-6209695.118,350466.3668,0.73412276613945,0.672558161692626,0.0934306340361588
1 Jan 2025 14:00:13.000,47.505,5.305,4071.709022,3833.121891,3804.437226,5721.479916,-5.978033,3.463437,1.701569,1394106.15,-6209619.648,350327.7782,0.734178008833448,0.672632340622329,0.0924574804668639
1 Jan 2025 14:00:14.000,47.504,5.249,4077.153204,3827.142292,3807.899108,5723.179142,-5.981163,3.460328,1.696883,1394477.19,-6209544.152,350189.2019,0.734232547827254,0.672705879120655,0.091484238574773
1 Jan 2025 14:00:15.000,47.504,5.193,4082.597861,3821.159567,3811.357878,5724.873682,-5.984287,3.457215,1.692197,1394848.199,-6209468.635,350050.649,0.7342981251841,0.672765961275305,0.0905109092896047
1 Jan 2025 14:00:16.000,47.503,5.137,4088.042986,3815.17372,3814.813535,5726.563535,-5.987406,3.4541,1.687509,1395219.207,-6209393.092,349912.1085,0.734351257950137,0.67283821769978,0.0895374935411613
1 Jan 2025 14:00:17.000,47.502,5.081,4093.488575,3809.184756,3818.266075,5728.2487,-5.990521,3.450982,1.68282,1395590.245,-6209317.515,349773.5691,0.734403686917647,0.672909833422619,0.0885639922593273
1 Jan 2025 14:00:18.000,47.502,5.025,4098.934623,3803.192679,3821.715495,5729.929175,-5.99363,3.447861,1.678129,1395961.281,-6209241.912,349635.042,0.73446715767797,0.672967989583211,0.0875904063740693
