Time_UTCG_,Azimuth_deg_,Elevation_deg_,Range_km_,x_km_,y_km_,z_km_,vx_km_sec_,vy_km_sec_,vz_km_sec_,eci_x_m,eci_y_m,eci_z_m,obs_vector_x,obs_vector_y,obs_vector_z
1 Jan 2025 00:54:04.000,272.299,5.001,4089.529803,-5301.338769,4637.913013,3503.455175,-5.025979,-2.396742,-4.435059,2582352.995,3910508.632,4320302.413,-0.995391336309057,0.0399616450430233,0.0871731296118553
1 Jan 2025 00:54:05.000,272.215,5.027,4086.966602,-5306.362578,4635.514376,3499.018681,-5.021637,-2.400538,-4.437932,2581994.96,3910543.927,4320484.453,-0.995409222536702,0.0385007498473304,0.0876251787448763
1 Jan 2025 00:54:06.000,272.131,5.053,4084.409863,-5311.382042,4633.111944,3494.579315,-5.01729,-2.404332,-4.440801,2581636.917,3910579.196,4320666.484,-0.995424759769546,0.037039880474949,0.0880772098340002
1 Jan 2025 00:54:07.000,272.047,5.079,4081.859603,-5316.397158,4630.705719,3490.137083,-5.01294,-2.408125,-4.443666,2581278.868,3910614.437,4320848.507,-0.995437948119438,0.0355790409741927,0.0885292227861443
1 Jan 2025 00:54:08.000,271.962,5.105,4079.315828,-5321.407921,4628.295702,3485.691987,-5.008585,-2.411915,-4.446528,2580920.84,3910649.648,4321030.506,-0.99544938302946,0.0341008615290126,0.0889812175082293
1 Jan 2025 00:54:09.000,271.878,5.131,4076.778556,-5326.414328,4625.881896,3481.244031,-5.004226,-2.415703,-4.449386,2580562.805,3910684.833,4321212.496,-0.995457848483009,0.0326400937673267,0.0894331939071798
1 Jan 2025 00:54:10.000,271.793,5.157,4074.247799,-5331.416373,4623.464303,3476.793218,-4.999863,-2.419489,-4.45224,2580204.734,3910719.993,4321394.492,-0.995464509464727,0.0311619939329182,0.0898851518899244
1 Jan 2025 00:54:11.000,271.708,5.182,4071.723573,-5336.414054,4621.042925,3472.339554,-4.995496,-2.423274,-4.455091,2579846.656,3910755.126,4321576.479,-0.995470346621719,0.0296839870509636,0.0903197094193364
1 Jan 2025 00:54:12.000,271.624,5.208,4069.20589,-5341.407366,4618.617763,3467.88304,-4.991125,-2.427056,-4.457938,2579488.599,3910790.228,4321758.443,-0.9954717239634,0.028223355462191,0.0907716310076647
1 Jan 2025 00:54:13.000,271.539,5.234,4066.694769,-5346.396304,4616.18882,3463.423681,-4.98675,-2.430837,-4.460782,2579130.507,3910825.307,4321940.413,-0.995471220193345,0.026745403881933,0.0912235339041741
1 Jan 2025 00:54:14.000,271.454,5.259,4064.190214,-5351.380865,4613.756098,3458.96148,-4.982371,-2.434615,-4.463621,2578772.436,3910860.356,4322122.359,-0.995469916613825,0.0252675513072573,0.091658038206147
1 Jan 2025 00:54:15.000,271.368,5.285,4061.692244,-5356.361045,4611.319598,3454.496442,-4.977987,-2.438391,-4.466458,2578414.33,3910895.38,4322304.311,-0.995465037656422,0.0237723443927085,0.0921099041676481
1 Jan 2025 00:54:16.000,271.283,5.31,4059.200872,-5361.33684,4608.879322,3450.028569,-4.9736,-2.442166,-4.46929,2578056.216,3910930.377,4322486.254,-0.995458933971652,0.0222946146459714,0.0925443727830622
1 Jan 2025 00:54:17.000,271.198,5.336,4056.716112,-5366.308245,4606.435274,3445.557865,-4.969208,-2.445938,-4.472119,2577698.124,3910965.344,4322668.174,-0.99544882463342,0.0208169174357916,0.092996201451537
1 Jan 2025 00:54:18.000,271.112,5.361,4054.237978,-5371.275256,4603.987453,3441.084334,-4.964813,-2.449709,-4.474944,2577340.025,3911000.285,4322850.085,-0.995438284748883,0.0193219533123158,0.0934306340361588
1 Jan 2025 00:54:19.000,271.026,5.386,4051.766487,-5376.23787,4601.535864,3436.60798,-4.960413,-2.453477,-4.477766,2576981.89,3911035.2,4323032.002,-0.995425310299445,0.0178270643362967,0.0938650488329066
1 Jan 2025 00:54:20.000,270.941,5.412,4049.301645,-5381.196082,4599.080506,3432.128807,-4.956009,-2.457244,-4.480584,2576623.747,3911070.089,4323213.91,-0.995407970521589,0.0163496008785688,0.094316821263243
1 Jan 2025 00:54:21.000,270.855,5.437,4046.843469,-5386.149888,4596.621383,3427.646817,-4.951601,-2.461008,-4.483398,2576265.598,3911104.951,4323395.809,-0.995390146034202,0.0148548769175955,0.0947511995162757
1 Jan 2025 00:54:22.000,270.769,5.462,4044.391973,-5391.099284,4594.158497,3423.162015,-4.947189,-2.464771,-4.486208,2575907.47,3911139.782,4323577.685,-0.995369887622577,0.0133602407576249,0.0951855597300174
1 Jan 2025 00:54:23.000,270.683,5.487,4041.947171,-5396.044266,4591.69185,3418.674404,-4.942773,-2.468531,-4.489015,2575549.336,3911174.587,4323759.552,-0.995347195514845,0.0118656966220933,0.0956199018217722
1 Jan 2025 00:54:24.000,270.597,5.512,4039.509076,-5400.98483,4589.221442,3414.183988,-4.938353,-2.47229,-4.491818,2575191.165,3911209.367,4323941.424,-0.995322069946795,0.0103712487339294,0.0960542257088474
1 Jan 2025 00:54:25.000,270.51,5.537,4037.077707,-5405.920972,4586.747278,3409.690771,-4.933929,-2.476046,-4.494618,2574832.987,3911244.12,4324123.288,-0.995294665941437,0.00885953014794326,0.0964885313085539
1 Jan 2025 00:54:26.000,270.424,5.562,4034.653068,-5410.852688,4584.269358,3405.194756,-4.929501,-2.479801,-4.497414,2574474.831,3911278.843,4324305.129,-0.995264648111294,0.00736528794488468,0.096922818538206
1 Jan 2025 00:54:27.000,270.337,5.587,4032.235176,-5415.779974,4581.787684,3400.695947,-4.925069,-2.483553,-4.500206,2574116.668,3911313.539,4324486.96,-0.995232299895439,0.00585378461769487,0.0973570873151216
1 Jan 2025 00:54:28.000,270.251,5.612,4029.824047,-5420.702826,4579.302259,3396.194348,-4.920632,-2.487303,-4.502994,2573758.468,3911348.21,4324668.798,-0.995197390845996,0.00435976515530371,0.0977913375566221
1 Jan 2025 00:54:29.000,270.164,5.637,4027.419693,-5425.621239,4576.813085,3391.689963,-4.916192,-2.491052,-4.505779,2573400.262,3911382.855,4324850.626,-0.995160099501288,0.00284849431183888,0.0982255691800322
1 Jan 2025 00:54:30.000,270.077,5.662,4025.022132,-5430.53521,4574.320163,3387.182794,-4.911748,-2.494798,-4.50856,2573042.049,3911417.472,4325032.446,-0.995120323830114,0.0013373465151513,0.0986597821026805
1 Jan 2025 00:54:31.000,269.99,5.686,4022.631369,-5435.444734,4571.823496,3382.672846,-4.907299,-2.498542,-4.511337,2572683.857,3911452.06,4325214.242,-0.995079793493183,-0.000173674188928858,0.0990766088380091
1 Jan 2025 00:54:32.000,269.903,5.711,4020.247423,-5440.349808,4569.323086,3378.160123,-4.902847,-2.502285,-4.514111,2572325.658,3911486.62,4325396.03,-0.995035057640783,-0.00168456548847796,0.0995107848673641
1 Jan 2025 00:54:33.000,269.816,5.736,4017.870305,-5445.250428,4566.818934,3373.644628,-4.89839,-2.506025,-4.516881,2571967.424,3911521.156,4325577.823,-0.994987838369813,-0.00319532072321265,0.0999449419512703
1 Jan 2025 00:54:34.000,269.728,5.76,4015.500031,-5450.146589,4564.311043,3369.126364,-4.89393,-2.509763,-4.519647,2571609.182,3911555.665,4325759.608,-0.994939805488762,-0.00472330880929398,0.100361714851215
1 Jan 2025 00:54:35.000,269.641,5.785,4013.136617,-5455.038288,4561.799415,3364.605336,-4.889466,-2.513499,-4.52241,2571250.933,3911590.147,4325941.383,-0.994887601547732,-0.00623378067437733,0.100795834562272
1 Jan 2025 00:54:36.000,269.553,5.809,4010.78007,-5459.92552,4559.284052,3360.081548,-4.884997,-2.517233,-4.525169,2570892.706,3911624.598,4326123.135,-0.994834546448572,-0.00776148031052664,0.101212571431874
1 Jan 2025 00:54:37.000,269.466,5.833,4008.430406,-5464.808282,4556.764956,3355.555002,-4.880524,-2.520966,-4.527924,2570534.472,3911659.023,4326304.879,-0.994779133013208,-0.00927166787946491,0.101629290542756
1 Jan 2025 00:54:38.000,269.378,5.858,4006.087639,-5469.686569,4554.242128,3351.025703,-4.876048,-2.524696,-4.530676,2570176.202,3911693.423,4326486.628,-0.994719283215203,-0.0107990449924625,0.102063353987038
1 Jan 2025 00:54:39.000,269.29,5.882,4003.751787,-5474.560378,4551.715572,3346.493655,-4.871567,-2.528423,-4.533423,2569817.925,3911727.796,4326668.368,-0.994658687650319,-0.0123262799514257,0.102480036613503
1 Jan 2025 00:54:40.000,269.202,5.906,4001.422855,-5479.429704,4549.185289,3341.95886,-4.867083,-2.532149,-4.536168,2569459.669,3911762.14,4326850.085,-0.994595572840247,-0.013853351819175,0.102896701258859
1 Jan 2025 00:54:41.000,269.114,5.93,3999.10086,-5484.294544,4546.651281,3337.421323,-4.862594,-2.535873,-4.538908,2569101.407,3911796.456,4327031.793,-0.994529939154921,-0.0153802561920661,0.103313347849997
1 Jan 2025 00:54:42.000,269.025,5.955,3996.785816,-5489.154893,4544.11355,3332.881048,-4.858102,-2.539595,-4.541645,2568743.108,3911830.748,4327213.507,-0.994459681419255,-0.0169243144880315,0.103747335438672
1 Jan 2025 00:54:43.000,268.937,5.979,3994.477737,-5494.010747,4541.572099,3328.338038,-4.853605,-2.543315,-4.544377,2568384.803,3911865.012,4327395.212,-0.994388977261393,-0.018450866514456,0.104163944942128
1 Jan 2025 00:54:44.000,268.849,6.003,3992.176639,-5498.862103,4539.026928,3323.792297,-4.849105,-2.547032,-4.547107,2568026.49,3911899.25,4327576.908,-0.9943157553944,-0.0199772377736653,0.104580536169016
1 Jan 2025 00:54:45.000,268.76,6.026,3989.882529,-5503.708957,4536.478041,3319.243829,-4.8446,-2.550748,-4.549832,2567668.199,3911933.457,4327758.581,-0.994241472728132,-0.0215208162775385,0.104979752210334
1 Jan 2025 00:54:46.000,268.671,6.05,3987.595423,-5508.551304,4533.92544,3314.692636,-4.840092,-2.554461,-4.552554,2567309.901,3911967.638,4327940.244,-0.994162794834735,-0.0230641658356116,0.10539630743388
1 Jan 2025 00:54:47.000,268.582,6.074,3985.315336,-5513.38914,4531.369126,3310.138725,-4.835579,-2.558173,-4.555272,2566951.567,3912001.794,4328121.914,-0.994081546897534,-0.0246073185779714,0.105812844164629
1 Jan 2025 00:54:48.000,268.494,6.098,3983.042284,-5518.222463,4528.809102,3305.582096,-4.831063,-2.561882,-4.557986,2566593.227,3912035.923,4328303.575,-0.993998185610146,-0.0261329214365288,0.106229362329495
1 Jan 2025 00:54:49.000,268.405,6.122,3980.776272,-5523.051266,4526.24537,3301.022756,-4.826542,-2.565589,-4.560697,2566234.908,3912070.022,4328485.212,-0.99391182582976,-0.0276756684629649,0.106645861855397
1 Jan 2025 00:54:50.000,268.315,6.145,3978.517319,-5527.875548,4523.677931,3296.460707,-4.822018,-2.569294,-4.563404,2565876.553,3912104.096,4328666.855,-0.993824254862744,-0.0292356055462899,0.107044989676554
1 Jan 2025 00:54:51.000,268.226,6.169,3976.265437,-5532.695302,4521.106788,3291.895953,-4.81749,-2.572998,-4.566107,2565518.219,3912138.141,4328848.475,-0.993732738378118,-0.0307779288513743,0.107461452489465
1 Jan 2025 00:54:52.000,268.137,6.192,3974.020644,-5537.510527,4518.531943,3287.328497,-4.812957,-2.576698,-4.568806,2565159.85,3912172.162,4329030.1,-0.993640535788781,-0.0323200939228975,0.107860544993057
1 Jan 2025 00:54:53.000,268.047,6.216,3971.782945,-5542.321218,4515.953399,3282.758344,-4.808421,-2.580397,-4.571502,2564801.474,3912206.155,4329211.717,-0.993543300229271,-0.0338793176015418,0.10827697081274
1 Jan 2025 00:54:54.000,267.958,6.239,3969.552358,-5547.12737,4513.371156,3278.185498,-4.803881,-2.584094,-4.574194,2564443.12,3912240.118,4329393.31,-0.993445957795005,-0.0354210380642191,0.108676027730216
1 Jan 2025 00:54:55.000,267.868,6.263,3967.328895,-5551.92898,4510.785218,3273.609961,-4.799337,-2.587789,-4.576882,2564084.758,3912274.055,4329574.894,-0.993343515221942,-0.0369797982347162,0.109092416276457
1 Jan 2025 00:54:56.000,267.778,6.286,3965.112574,-5556.726044,4508.195586,3269.031738,-4.794789,-2.591481,-4.579566,2563726.361,3912307.966,4329756.484,-0.993240362422214,-0.0385383913100146,0.109491437339292
1 Jan 2025 00:54:57.000,267.688,6.309,3962.9034,-5561.518557,4505.602263,3264.450833,-4.790237,-2.595172,-4.582247,2563367.956,3912341.851,4329938.065,-0.993134604201099,-0.0400967451079621,0.109890440758391
1 Jan 2025 00:54:58.000,267.598,6.332,3960.701391,-5566.306517,4503.00525,3259.867249,-4.785681,-2.59886,-4.584924,2563009.545,3912375.709,4330119.637,-0.993026241073612,-0.0416548550381557,0.110289426469457
1 Jan 2025 00:54:59.000,267.508,6.355,3958.506559,-5571.089919,4500.404551,3255.28099,-4.781121,-2.602546,-4.587597,2562651.155,3912409.536,4330301.186,-0.992915273563184,-0.0432127165112677,0.110688394408197
1 Jan 2025 00:55:00.000,267.418,6.378,3956.318922,-5575.868759,4497.800166,3250.692059,-4.776557,-2.60623,-4.590266,2562292.758,3912443.337,4330482.726,-0.992801702201652,-0.0447703249390487,0.111087344510319
1 Jan 2025 00:55:01.000,267.327,6.401,3954.138485,-5580.643034,4495.192098,3246.100461,-4.771989,-2.609912,-4.592932,2561934.326,3912477.113,4330664.272,-0.992684718807592,-0.0463450013581882,0.111486276711537
1 Jan 2025 00:55:02.000,267.237,6.424,3951.965266,-5585.412738,4492.580349,3241.5062,-4.767418,-2.613592,-4.595594,2561575.886,3912510.862,4330845.809,-0.992565914196693,-0.0479020878616918,0.111885190947565
1 Jan 2025 00:55:03.000,267.146,6.447,3949.799276,-5590.177869,4489.964921,3236.909278,-4.762842,-2.61727,-4.598252,2561217.468,3912544.581,4331027.322,-0.992443644013362,-0.049476228933137,0.11228408715412
1 Jan 2025 00:55:04.000,267.056,6.47,3947.640534,-5594.938422,4487.345817,3232.309701,-4.758263,-2.620945,-4.600906,2560859.044,3912578.273,4331208.827,-0.992319608400139,-0.0510327749906656,0.112682965266925
1 Jan 2025 00:55:05.000,266.965,6.493,3945.489045,-5599.694394,4484.723038,3227.70747,-4.753679,-2.624619,-4.603556,2560500.583,3912611.941,4331390.337,-0.992192053727603,-0.0526063620138203,0.113081825221702
1 Jan 2025 00:55:06.000,266.874,6.515,3943.344826,-5604.445781,4482.096586,3223.102592,-4.749092,-2.62829,-4.606203,2560142.115,3912645.581,4331571.838,-0.992063821477916,-0.0541797718651531,0.113463326389073
1 Jan 2025 00:55:07.000,266.783,6.538,3941.207893,-5609.192578,4479.466465,3218.495068,-4.744501,-2.631959,-4.608846,2559783.64,3912679.195,4331753.331,-0.991930964006573,-0.0557527873615884,0.113862150631383
1 Jan 2025 00:55:08.000,266.692,6.56,3939.078252,-5613.934782,4476.832675,3213.884903,-4.739905,-2.635626,-4.611486,2559425.187,3912712.778,4331934.8,-0.991797443414859,-0.0573256233405938,0.114243617521341
1 Jan 2025 00:55:09.000,266.601,6.583,3936.95592,-5618.672389,4474.19522,3209.272101,-4.735306,-2.639291,-4.614121,2559066.727,3912746.335,4332116.26,-0.991659285576679,-0.058898048530954,0.114642405805168
1 Jan 2025 00:55:10.000,266.509,6.605,3934.84091,-5623.405395,4471.554101,3204.656665,-4.730704,-2.642954,-4.616753,2558708.231,3912779.867,4332297.726,-0.991519423526529,-0.060487597236195,0.115023838182405
1 Jan 2025 00:55:11.000,266.418,6.628,3932.733238,-5628.133797,4468.90932,3200.038599,-4.726097,-2.646614,-4.619381,2558349.728,3912813.371,4332479.183,-0.991375940389198,-0.062059410847188,0.115422590261758
1 Jan 2025 00:55:12.000,266.326,6.65,3930.632911,-5632.857589,4466.260879,3195.417908,-4.721486,-2.650273,-4.622005,2557991.247,3912846.846,4332660.617,-0.991230712350693,-0.0636483407582755,0.115803987890987
1 Jan 2025 00:55:13.000,266.234,6.672,3928.539944,-5637.576769,4463.608782,3190.794594,-4.716872,-2.653929,-4.624625,2557632.73,3912880.297,4332842.057,-0.991082791649193,-0.0652369546787179,0.116185368446675
1 Jan 2025 00:55:14.000,266.143,6.694,3926.454356,-5642.291332,4460.953029,3186.168662,-4.712253,-2.657583,-4.627242,2557274.235,3912913.717,4333023.472,-0.990933345117252,-0.0668079527846529,0.116566731872593
1 Jan 2025 00:55:15.000,266.051,6.716,3924.37615,-5647.001275,4458.293623,3181.540115,-4.707631,-2.661235,-4.629854,2556915.704,3912947.114,4333204.894,-0.990780068802519,-0.0683959230470967,0.116948078112514
1 Jan 2025 00:55:16.000,265.959,6.739,3922.305343,-5651.706594,4455.630566,3176.908957,-4.703005,-2.664885,-4.632463,2556557.166,3912980.483,4333386.307,-0.990622058989831,-0.0699834186978344,0.117346739835883
1 Jan 2025 00:55:17.000,265.867,6.76,3920.241953,-5656.407285,4452.963861,3172.275192,-4.698375,-2.668532,-4.635068,2556198.65,3913013.822,4333567.696,-0.990465444901345,-0.0715708679124189,0.117710718809476
1 Jan 2025 00:55:18.000,265.774,6.782,3918.185985,-5661.103344,4450.293509,3167.638824,-4.693741,-2.672178,-4.63767,2555840.127,3913047.134,4333749.077,-0.990302821706322,-0.0731751170119527,0.118092013154077
1 Jan 2025 00:55:19.000,265.682,6.804,3916.137454,-5665.794766,4447.619513,3162.999857,-4.689103,-2.675821,-4.640267,2555481.568,3913080.422,4333930.463,-0.99013875925599,-0.0747617345624098,0.118473290087802
1 Jan 2025 00:55:20.000,265.59,6.826,3914.096379,-5670.48155,4444.941874,3158.358294,-4.684461,-2.679462,-4.642861,2555123.002,3913113.682,4334111.84,-0.989972008967953,-0.0763480026599669,0.118854549554438
1 Jan 2025 00:55:21.000,265.497,6.848,3912.062763,-5675.163689,4442.260596,3153.714138,-4.679816,-2.683101,-4.645451,2554764.429,3913146.916,4334293.209,-0.989801211212573,-0.0779511918319652,0.119235791497773
1 Jan 2025 00:55:22.000,265.405,6.869,3910.036624,-5679.841181,4439.57568,3149.067395,-4.675166,-2.686738,-4.648037,2554405.877,3913180.119,4334474.554,-0.989631140608345,-0.0795369109354656,0.119599687863594
1 Jan 2025 00:55:23.000,265.312,6.891,3908.017978,-5684.514022,4436.887128,3144.418068,-4.670513,-2.690372,-4.65062,2554047.319,3913213.296,4334655.89,-0.989454893884318,-0.0811393721241187,0.119980895394549
1 Jan 2025 00:55:24.000,265.219,6.912,3906.006831,-5689.182208,4434.194943,3139.76616,-4.665856,-2.694004,-4.653198,2553688.725,3913246.447,4334837.231,-0.989277999905208,-0.0827416335987111,0.120344758809711
1 Jan 2025 00:55:25.000,265.126,6.934,3904.003198,-5693.845735,4431.499127,3135.111675,-4.661195,-2.697635,-4.655773,2553330.124,3913279.572,4335018.564,-0.989096279282861,-0.0843433442583948,0.120725931713576
1 Jan 2025 00:55:26.000,265.033,6.955,3902.007096,-5698.504599,4428.799681,3130.454618,-4.656531,-2.701263,-4.658344,2552971.545,3913312.667,4335199.874,-0.988913925340376,-0.0859448533257075,0.121089761973138
1 Jan 2025 00:55:27.000,264.94,6.976,3900.018531,-5703.158797,4426.096609,3125.794992,-4.651862,-2.704888,-4.660911,2552612.93,3913345.738,4335381.189,-0.988728845597785,-0.0875459808783633,0.121453575965951
1 Jan 2025 00:55:28.000,264.846,6.998,3898.037518,-5707.808324,4423.389912,3121.1328,-4.64719,-2.708512,-4.663474,2552254.337,3913378.779,4335562.481,-0.988537367115726,-0.089163784345694,0.121834696934259
1 Jan 2025 00:55:29.000,264.753,7.019,3896.064075,-5712.453177,4420.679593,3116.468047,-4.642514,-2.712133,-4.666034,2551895.708,3913411.795,4335743.778,-0.988346804191613,-0.0907641269946488,0.122198477466478
1 Jan 2025 00:55:30.000,264.66,7.04,3894.098205,-5717.093352,4417.965654,3111.800736,-4.637834,-2.715752,-4.66859,2551537.072,3913444.784,4335925.067,-0.98815351785967,-0.0923640735335267,0.122562241583007
1 Jan 2025 00:55:31.000,264.566,7.061,3892.139926,-5721.728845,4415.248097,3107.130872,-4.63315,-2.719369,-4.671141,2551178.457,3913477.743,4336106.332,-0.987955868805372,-0.0939808622200447,0.122925989234981
1 Jan 2025 00:55:32.000,264.472,7.082,3890.189254,-5726.359653,4412.526924,3102.458458,-4.628463,-2.722984,-4.673689,2550819.836,3913510.675,4336287.588,-0.987755441851767,-0.0955972381527678,0.123289720373534
1 Jan 2025 00:55:33.000,264.378,7.103,3888.246193,-5730.985771,4409.802137,3097.783497,-4.623771,-2.726596,-4.676234,2550461.179,3913543.583,4336468.85,-0.987552237848815,-0.0972131963516913,0.123653434949805
1 Jan 2025 00:55:34.000,264.285,7.124,3886.310761,-5735.607195,4407.073739,3093.105995,-4.619076,-2.730206,-4.678774,2550102.515,3913576.463,4336650.103,-0.987347982392099,-0.0988114993804376,0.124017132914934
1 Jan 2025 00:55:35.000,264.191,7.144,3884.382972,-5740.223923,4404.341732,3088.425954,-4.614377,-2.733814,-4.68131,2549743.844,3913609.317,4336831.347,-0.987141414622923,-0.100426830524421,0.124363496441173
1 Jan 2025 00:55:36.000,264.096,7.165,3882.462833,-5744.83595,4401.606118,3083.743378,-4.609674,-2.73742,-4.683843,2549385.195,3913642.14,4337012.567,-0.986928137684917,-0.102058738707488,0.124727161834213
1 Jan 2025 00:55:37.000,264.002,7.186,3880.550358,-5749.443272,4398.8669,3079.058272,-4.604968,-2.741024,-4.686372,2549026.539,3913674.937,4337193.779,-0.986713840110676,-0.103672980421774,0.12509081047187
1 Jan 2025 00:55:38.000,263.908,7.206,3878.645566,-5754.045886,4396.124079,3074.370638,-4.600257,-2.744625,-4.688897,2548667.848,3913707.709,4337374.997,-0.986498946944751,-0.105287011903727,0.12543712688547
1 Jan 2025 00:55:39.000,263.813,7.226,3876.748459,-5758.643787,4393.377657,3069.680482,-4.595543,-2.748224,-4.691418,2548309.149,3913740.454,4337556.205,-0.986279427646945,-0.10691781814658,0.125783428014937
1 Jan 2025 00:55:40.000,263.719,7.247,3874.859054,-5763.236972,4390.627638,3064.987806,-4.590825,-2.751821,-4.693935,2547950.472,3913773.169,4337737.39,-0.986056798472729,-0.108530721857296,0.126147027705159
1 Jan 2025 00:55:41.000,263.624,7.267,3872.977368,-5767.825438,4387.874024,3060.292615,-4.586104,-2.755415,-4.696449,2547591.788,3913805.856,4337918.566,-0.985831671071415,-0.110160619247286,0.12649329737024
1 Jan 2025 00:55:42.000,263.53,7.287,3871.103404,-5772.40918,4385.116815,3055.594913,-4.581378,-2.759008,-4.698959,2547233.068,3913838.52,4338099.748,-0.985605680544188,-0.111772852800811,0.126839551622496
1 Jan 2025 00:55:43.000,263.435,7.308,3869.237184,-5776.988195,4382.356016,3050.894702,-4.576649,-2.762598,-4.701464,2546874.341,3913871.156,4338280.921,-0.985372748948853,-0.113401571781337,0.127203101953149
1 Jan 2025 00:55:44.000,263.34,7.328,3867.37871,-5781.562478,4379.591627,3046.191988,-4.571916,-2.766186,-4.703966,2546515.608,3913903.765,4338462.085,-0.985139204983035,-0.115030068376921,0.12754932447722
1 Jan 2025 00:55:45.000,263.245,7.348,3865.528,-5786.132027,4376.823652,3041.486774,-4.567179,-2.769771,-4.706464,2546156.896,3913936.344,4338643.226,-0.984902849787828,-0.116658088071222,0.127895531459793
1 Jan 2025 00:55:46.000,263.15,7.368,3863.685069,-5790.696837,4374.052093,3036.779064,-4.562439,-2.773354,-4.708959,2545798.177,3913968.896,4338824.357,-0.984663684332077,-0.118285625820791,0.128241722858684
1 Jan 2025 00:55:47.000,263.054,7.387,3861.849922,-5795.256905,4371.276951,3032.068861,-4.557695,-2.776936,-4.711449,2545439.423,3914001.424,4339005.495,-0.984421844233531,-0.119930129357329,0.128570590214824
1 Jan 2025 00:55:48.000,262.959,7.407,3860.022575,-5799.812227,4368.498229,3027.35617,-4.552947,-2.780514,-4.713936,2545080.661,3914033.925,4339186.623,-0.984177038354843,-0.121556688256242,0.128916751104208
1 Jan 2025 00:55:49.000,262.864,7.427,3858.203043,-5804.362799,4365.71593,3022.640994,-4.548195,-2.784091,-4.716418,2544721.922,3914066.395,4339367.728,-0.983929425177969,-0.123182750062013,0.129262896285477
1 Jan 2025 00:55:50.000,262.768,7.447,3856.391331,-5808.908617,4362.930055,3017.923338,-4.543439,-2.787665,-4.718897,2544363.146,3914098.841,4339548.839,-0.983676827243361,-0.124825478157568,0.129609025716455
1 Jan 2025 00:55:51.000,262.672,7.466,3854.587458,-5813.449678,4360.140607,3013.203205,-4.53868,-2.791237,-4.721372,2544004.393,3914131.258,4339729.926,-0.983423616477378,-0.126467979493905,0.129937834048762
1 Jan 2025 00:55:52.000,262.577,7.486,3852.791429,-5817.985978,4357.347588,3008.480599,-4.533917,-2.794807,-4.723843,2543645.604,3914163.65,4339911.019,-0.983167536280701,-0.128092515387101,0.130283932645367
1 Jan 2025 00:55:53.000,262.481,7.505,3851.00326,-5822.517513,4354.551001,3003.755523,-4.529151,-2.798374,-4.72631,2543286.807,3914196.015,4340092.103,-0.982908648915572,-0.12973398727068,0.13061271160885
1 Jan 2025 00:55:54.000,262.385,7.524,3849.222966,-5827.044279,4351.750848,2999.027983,-4.52438,-2.801939,-4.728773,2542928.033,3914228.35,4340273.163,-0.982646913083794,-0.131374936784114,0.130941476209259
1 Jan 2025 00:55:55.000,262.289,7.544,3847.450551,-5831.566274,4348.94713,2994.297981,-4.519606,-2.805502,-4.731233,2542569.252,3914260.657,4340454.215,-0.982380059308481,-0.133015051378552,0.131287528653054
1 Jan 2025 00:55:56.000,262.193,7.563,3845.686035,-5836.083492,4346.139851,2989.565521,-4.514828,-2.809063,-4.733688,2542210.435,3914292.941,4340635.272,-0.982112624545983,-0.134654936218775,0.1316162636581
1 Jan 2025 00:55:57.000,262.096,7.582,3843.929422,-5840.595931,4343.329012,2984.830608,-4.510047,-2.812621,-4.73614,2541851.611,3914325.197,4340816.321,-0.98183996558009,-0.136311419686187,0.131944984189716
1 Jan 2025 00:55:58.000,262,7.601,3842.180732,-5845.103586,4340.514616,2980.093246,-4.505261,-2.816177,-4.738588,2541492.78,3914357.426,4340997.36,-0.981566812756867,-0.137950219181016,0.132273690211752
1 Jan 2025 00:55:59.000,261.904,7.62,3840.439967,-5849.606454,4337.696665,2975.353437,-4.500473,-2.819731,-4.741032,2541133.971,3914389.625,4341178.376,-0.981290816845758,-0.139588470673044,0.132602381688062
1 Jan 2025 00:56:00.000,261.807,7.639,3838.707145,-5854.104531,4334.875162,2970.611186,-4.49568,-2.823282,-4.743472,2540775.155,3914421.797,4341359.383,-0.981009513936168,-0.141243290923351,0.132931058582502
1 Jan 2025 00:56:01.000,261.71,7.658,3836.982281,-5858.597814,4332.050108,2965.866498,-4.490884,-2.826831,-4.745908,2540416.303,3914453.945,4341540.396,-0.980725312703428,-0.142897543083722,0.133259720858926
1 Jan 2025 00:56:02.000,261.614,7.676,3835.265377,-5863.086299,4329.221507,2961.119375,-4.486084,-2.830378,-4.74834,2540057.445,3914486.065,4341721.399,-0.980443043520602,-0.144534450020268,0.13357107160384
1 Jan 2025 00:56:03.000,261.517,7.695,3833.556455,-5867.569982,4326.389359,2956.369821,-4.48128,-2.833923,-4.750769,2539698.608,3914518.156,4341902.38,-0.980153083044787,-0.146187560058048,0.133899705309885
1 Jan 2025 00:56:04.000,261.42,7.714,3831.855516,-5872.048859,4323.553669,2951.617842,-4.476472,-2.837465,-4.753193,2539339.736,3914550.222,4342083.366,-0.97986022770257,-0.14784008632503,0.134228324291397
1 Jan 2025 00:56:05.000,261.323,7.732,3830.162582,-5876.522927,4320.714437,2946.86344,-4.471661,-2.841005,-4.755614,2538980.885,3914582.258,4342264.328,-0.979566800105268,-0.149492377851542,0.134539633921825
1 Jan 2025 00:56:06.000,261.226,7.751,3828.477654,-5880.992182,4317.871667,2942.106619,-4.466847,-2.844542,-4.75803,2538621.999,3914614.27,4342445.296,-0.979268163639779,-0.151143725648136,0.134868224125538
1 Jan 2025 00:56:07.000,261.129,7.769,3826.80075,-5885.456621,4315.02536,2937.347383,-4.462028,-2.848077,-4.760443,2538263.106,3914646.255,4342626.255,-0.978968967116738,-0.152794837819549,0.13517950642788
1 Jan 2025 00:56:08.000,261.031,7.787,3825.131883,-5889.916239,4312.17552,2932.585737,-4.457206,-2.85161,-4.762852,2537904.234,3914678.21,4342807.191,-0.978664194552278,-0.154462435841061,0.135490775388539
1 Jan 2025 00:56:09.000,260.934,7.805,3823.471058,-5894.371033,4309.322147,2927.821683,-4.45238,-2.855141,-4.765257,2537545.356,3914710.138,4342988.118,-0.978359209795715,-0.15611234733512,0.135802030976794
1 Jan 2025 00:56:10.000,260.836,7.824,3821.818294,-5898.821,4306.465245,2923.055227,-4.447551,-2.858669,-4.767658,2537186.442,3914742.041,4343169.05,-0.978046248060566,-0.157778345153785,0.136130564000824
1 Jan 2025 00:56:11.000,260.739,7.842,3820.173593,-5903.266135,4303.604816,2918.286371,-4.442718,-2.862195,-4.770055,2536827.521,3914773.917,4343349.974,-0.97773547518497,-0.1594270302029,0.13644179200489
1 Jan 2025 00:56:12.000,260.641,7.859,3818.536976,-5907.706436,4300.740863,2913.515121,-4.437881,-2.865719,-4.772449,2536468.593,3914805.766,4343530.888,-0.977421370267285,-0.161092546651417,0.13673571719995
1 Jan 2025 00:56:13.000,260.543,7.877,3816.908445,-5912.141898,4297.873387,2908.741479,-4.433041,-2.86924,-4.774838,2536109.688,3914837.585,4343711.779,-0.977101983118937,-0.162757047712233,0.137046918991408
1 Jan 2025 00:56:14.000,260.446,7.895,3815.28802,-5916.572517,4295.00239,2903.965449,-4.428197,-2.872759,-4.777223,2535750.775,3914869.377,4343892.662,-0.97678253471598,-0.164403863229044,0.137358107256878
1 Jan 2025 00:56:15.000,260.348,7.913,3813.675704,-5920.998291,4292.127876,2899.187036,-4.423349,-2.876276,-4.779605,2535391.826,3914901.144,4344073.549,-0.976457316290898,-0.166067089650658,0.137669281965646
1 Jan 2025 00:56:16.000,260.249,7.93,3812.071512,-5925.419216,4289.249847,2894.406244,-4.418498,-2.87979,-4.781983,2535032.871,3914932.885,4344254.428,-0.97612861531932,-0.167747112475938,0.137963156715018
1 Jan 2025 00:56:17.000,260.151,7.948,3810.475458,-5929.835287,4286.368304,2889.623075,-4.413643,-2.883302,-4.784356,2534673.938,3914964.595,4344435.284,-0.975797517364108,-0.169409036623058,0.138274304975617
1 Jan 2025 00:56:18.000,260.053,7.965,3808.887546,-5934.246502,4283.483251,2884.837536,-4.408784,-2.886811,-4.786726,2534314.997,3914996.279,4344616.13,-0.975465876045404,-0.171070719810291,0.138568154691334
1 Jan 2025 00:56:19.000,259.955,7.983,3807.307795,-5938.652856,4280.59469,2880.049628,-4.403922,-2.890318,-4.789092,2533956.021,3915027.938,4344796.982,-0.975128932781172,-0.172731326177663,0.138879276387656
1 Jan 2025 00:56:20.000,259.856,8,3805.736207,-5943.054346,4277.702622,2875.259356,-4.399056,-2.893823,-4.791454,2533597.038,3915059.569,4344977.825,-0.974788413882008,-0.174408704285531,0.139173100960065
1 Jan 2025 00:56:21.000,259.758,8.017,3804.172803,-5947.450968,4274.807051,2870.466724,-4.394187,-2.897326,-4.793812,2533238.048,3915091.174,4345158.66,-0.974447997138395,-0.17606839856429,0.139466913280449
1 Jan 2025 00:56:22.000,259.659,8.034,3802.617583,-5951.84272,4271.907979,2865.671737,-4.389313,-2.900826,-4.796166,2532879.08,3915122.749,4345339.47,-0.974101566911078,-0.177744424252477,0.139760713322942
1 Jan 2025 00:56:23.000,259.561,8.051,3801.070568,-5956.229596,4269.005407,2860.874397,-4.384437,-2.904323,-4.798516,2532520.106,3915154.297,4345520.272,-0.973755299736986,-0.179402767443809,0.14005450106168
1 Jan 2025 00:56:24.000,259.462,8.068,3799.53176,-5960.611594,4266.099339,2856.074709,-4.379557,-2.907819,-4.800862,2532161.095,3915185.82,4345701.08,-0.973402963581713,-0.181077419304604,0.140348276470799
1 Jan 2025 00:56:25.000,259.363,8.085,3798.001177,-5964.98871,4263.189777,2851.272677,-4.374673,-2.911312,-4.803205,2531802.078,3915217.316,4345881.878,-0.973047661904334,-0.182751373130039,0.140642039524437
1 Jan 2025 00:56:26.000,259.264,8.102,3796.478823,-5969.36094,4260.276724,2846.468304,-4.369785,-2.914802,-4.805543,2531443.082,3915248.782,4346062.653,-0.972689396096918,-0.184424623524722,0.140935790196733
1 Jan 2025 00:56:27.000,259.165,8.119,3794.964715,-5973.728281,4257.36018,2841.661595,-4.364894,-2.918291,-4.807877,2531084.051,3915280.224,4346243.434,-0.972328167561582,-0.186097165096051,0.141229528461827
1 Jan 2025 00:56:28.000,259.066,8.135,3793.458858,-5978.090729,4254.44015,2836.852554,-4.36,-2.921776,-4.810208,2530725.042,3915311.635,4346424.191,-0.971966402768789,-0.187769460939451,0.14150597664837
1 Jan 2025 00:56:29.000,258.966,8.152,3791.961268,-5982.448281,4251.516635,2832.041184,-4.355101,-2.92526,-4.812534,2530365.997,3915343.023,4346604.954,-0.971595950732832,-0.189457531445252,0.141799690755076
1 Jan 2025 00:56:30.000,258.867,8.168,3790.471949,-5986.800932,4248.589638,2827.22749,-4.350199,-2.928741,-4.814857,2530006.945,3915374.383,4346785.707,-0.9712282507608,-0.191128391772244,0.142076116158461
1 Jan 2025 00:56:31.000,258.768,8.185,3788.990918,-5991.14868,4245.659161,2822.411475,-4.345294,-2.93222,-4.817176,2529647.915,3915405.713,4346966.438,-0.970855164788188,-0.192798048073527,0.142369806009345
1 Jan 2025 00:56:32.000,258.668,8.201,3787.51818,-5995.491521,4242.725206,2817.593143,-4.340385,-2.935696,-4.81949,2529288.879,3915437.017,4347147.159,-0.970478170261421,-0.194484395867159,0.142646208537874
1 Jan 2025 00:56:33.000,258.569,8.217,3786.05375,-5999.829451,4239.787776,2812.772499,-4.335473,-2.93917,-4.821801,2528929.806,3915468.296,4347327.886,-0.970101594796773,-0.196153068287031,0.142922599942559
1 Jan 2025 00:56:34.000,258.469,8.233,3784.597633,-6004.162467,4236.846874,2807.949545,-4.330556,-2.942641,-4.824108,2528570.727,3915499.547,4347508.604,-0.96971862194978,-0.19783792940933,0.143198980201844
1 Jan 2025 00:56:35.000,258.369,8.249,3783.149847,-6008.490565,4233.902501,2803.124287,-4.325637,-2.946111,-4.826411,2528211.641,3915530.772,4347689.313,-0.969332647454292,-0.199522035685704,0.143475349294178
1 Jan 2025 00:56:36.000,258.269,8.265,3781.710392,-6012.813741,4230.95466,2798.296728,-4.320714,-2.949577,-4.82871,2527852.577,3915561.966,4347869.999,-0.96894367280913,-0.201205381639786,0.143751707198009
1 Jan 2025 00:56:37.000,258.169,8.281,3780.279289,-6017.131993,4228.003354,2793.466873,-4.315787,-2.953042,-4.831005,2527493.506,3915593.134,4348050.675,-0.968551699523322,-0.202887961798204,0.144028053891786
1 Jan 2025 00:56:38.000,258.069,8.297,3778.856538,-6021.445315,4225.048584,2788.634724,-4.310856,-2.956504,-4.833296,2527134.399,3915624.277,4348231.358,-0.968156729116097,-0.204569770690591,0.144304389353959
1 Jan 2025 00:56:39.000,257.969,8.313,3777.442158,-6025.753706,4222.090354,2783.800286,-4.305923,-2.959963,-4.835583,2526775.285,3915655.393,4348412.031,-0.967758763116876,-0.206250802849622,0.144580713562978
1 Jan 2025 00:56:40.000,257.869,8.328,3776.036151,-6030.057161,4219.128666,2778.963563,-4.300985,-2.96342,-4.837866,2526416.194,3915686.479,4348592.681,-0.967360274693757,-0.207931584081151,0.144839757269622
1 Jan 2025 00:56:41.000,257.769,8.344,3774.638535,-6034.355677,4216.163522,2774.12456,-4.296044,-2.966875,-4.840145,2526057.066,3915717.54,4348773.336,-0.966956325921468,-0.209611051718329,0.145116059614337
1 Jan 2025 00:56:42.000,257.669,8.359,3773.249312,-6038.649251,4213.194924,2769.283279,-4.2911,-2.970327,-4.84242,2525697.961,3915748.572,4348953.968,-0.966551865081837,-0.21129026814313,0.145375082785281
1 Jan 2025 00:56:43.000,257.568,8.375,3771.868499,-6042.937878,4210.222876,2764.439725,-4.286152,-2.973777,-4.844691,2525338.82,3915779.579,4349134.606,-0.966138222588625,-0.212985011809987,0.145651363184808
1 Jan 2025 00:56:44.000,257.468,8.39,3770.496103,-6047.221555,4207.247378,2759.593901,-4.2812,-2.977224,-4.846958,2524979.672,3915810.559,4349315.234,-0.965727766242743,-0.214662634559879,0.145910365744226
1 Jan 2025 00:56:45.000,257.367,8.405,3769.13213,-6051.500279,4204.268435,2754.745813,-4.276245,-2.980669,-4.849221,2524620.547,3915841.51,4349495.839,-0.965310554882746,-0.216356306414267,0.146169358303105
1 Jan 2025 00:56:46.000,257.266,8.42,3767.776596,-6055.774046,4201.286048,2749.895463,-4.271287,-2.984112,-4.851481,2524261.414,3915872.433,4349676.435,-0.964890307260213,-0.218049159487154,0.146428340843694
1 Jan 2025 00:56:47.000,257.166,8.435,3766.429504,-6060.042853,4198.300219,2745.042856,-4.266324,-2.987552,-4.853736,2523902.246,3915903.331,4349857.037,-0.964470860054876,-0.219724355062617,0.146687313348243
1 Jan 2025 00:56:48.000,257.065,8.45,3765.090872,-6064.306696,4195.310952,2740.187996,-4.261359,-2.990989,-4.855987,2523543.07,3915934.203,4350037.63,-0.964044574292862,-0.221415561344046,0.146946275799002
1 Jan 2025 00:56:49.000,256.964,8.465,3763.7607,-6068.565571,4192.318248,2735.330887,-4.25639,-2.994425,-4.858235,2523183.888,3915965.047,4350218.213,-0.963615257142991,-0.223105932234544,0.147205228178222
1 Jan 2025 00:56:50.000,256.863,8.479,3762.439007,-6072.819476,4189.32211,2730.471532,-4.251417,-2.997857,-4.860478,2522824.728,3915995.862,4350398.774,-0.963185416488037,-0.224796047111368,0.147446907963071
1 Jan 2025 00:56:51.000,256.762,8.494,3761.125795,-6077.068407,4186.322541,2725.609936,-4.246441,-3.001288,-4.862717,2522465.562,3916026.649,4350579.325,-0.962750044888057,-0.226484736032268,0.147705840820323
1 Jan 2025 00:56:52.000,256.661,8.508,3759.821079,-6081.312359,4183.319542,2720.746103,-4.241462,-3.004716,-4.864953,2522106.359,3916057.412,4350759.882,-0.962314159526684,-0.228173168715672,0.147947502353713
1 Jan 2025 00:56:53.000,256.559,8.523,3758.524866,-6085.55133,4180.313117,2715.880036,-4.236478,-3.008141,-4.867184,2521747.15,3916088.147,4350940.43,-0.961868728151389,-0.229876941368009,0.148206415622663
1 Jan 2025 00:56:54.000,256.458,8.537,3757.237162,-6089.785317,4177.303268,2711.01174,-4.231492,-3.011564,-4.869411,2521387.962,3916118.853,4351120.954,-0.961426775277589,-0.231563662100027,0.148448058842683
1 Jan 2025 00:56:55.000,256.357,8.552,3755.957983,-6094.014315,4174.289997,2706.141218,-4.226502,-3.014984,-4.871635,2521028.768,3916149.532,4351301.47,-0.960979285359719,-0.233248912967402,0.148706952457003
1 Jan 2025 00:56:56.000,256.255,8.566,3754.687331,-6098.238321,4171.273307,2701.268475,-4.221508,-3.018403,-4.873854,2520669.538,3916180.186,4351481.991,-0.960527200640746,-0.234950671735658,0.148948577301748
1 Jan 2025 00:56:57.000,256.154,8.58,3753.425222,-6102.457332,4168.253199,2696.393515,-4.216511,-3.021818,-4.876069,2520310.302,3916210.813,4351662.503,-0.960076175425073,-0.236634789534724,0.149190193253517
1 Jan 2025 00:56:58.000,256.052,8.594,3752.171658,-6106.671345,4165.229678,2691.516341,-4.211511,-3.025231,-4.878281,2519951.058,3916241.413,4351843.006,-0.959617980722242,-0.23833478162933,0.149431800297883
1 Jan 2025 00:56:59.000,255.95,8.608,3750.926657,-6110.880355,4162.202745,2686.636958,-4.206507,-3.028642,-4.880488,2519591.837,3916271.983,4352023.485,-0.959156718803208,-0.24003387798381,0.149673398420422
1 Jan 2025 00:57:00.000,255.849,8.621,3749.690222,-6115.08436,4159.172402,2681.75537,-4.2015,-3.03205,-4.882692,2519232.608,3916302.526,4352203.956,-0.958699147273064,-0.241715980231313,0.149897731532922
1 Jan 2025 00:57:01.000,255.747,8.635,3748.46236,-6119.283355,4156.138652,2676.87158,-4.196489,-3.035456,-4.884891,2518873.345,3916333.045,4352384.432,-0.95823178879427,-0.243413281917159,0.150139312408344
1 Jan 2025 00:57:02.000,255.645,8.649,3747.243086,-6123.477338,4153.101498,2671.985593,-4.191474,-3.038859,-4.887086,2518514.074,3916363.536,4352564.899,-0.957761368397945,-0.245109671036706,0.150380884319696
1 Jan 2025 00:57:03.000,255.543,8.662,3746.032402,-6127.666305,4150.060941,2667.097412,-4.186457,-3.04226,-4.889278,2518154.825,3916393.997,4352745.343,-0.957290433350256,-0.24680579823177,0.150605193055415
1 Jan 2025 00:57:04.000,255.441,8.676,3744.830325,-6131.850252,4147.016986,2662.207042,-4.181435,-3.045658,-4.891465,2517795.541,3916424.434,4352925.792,-0.956813897426742,-0.24850035094146,0.150846747638188
1 Jan 2025 00:57:05.000,255.339,8.689,3743.636859,-6136.029176,4143.969633,2657.314487,-4.176411,-3.049054,-4.893649,2517436.278,3916454.842,4353106.218,-0.956336855977224,-0.250194641619101,0.151071040258179
1 Jan 2025 00:57:06.000,255.236,8.702,3742.452009,-6140.203075,4140.918886,2652.41975,-4.171383,-3.052447,-4.895828,2517076.98,3916485.224,4353286.649,-0.955852368903449,-0.251904691231133,0.15129532510098
1 Jan 2025 00:57:07.000,255.134,8.715,3741.275792,-6144.371943,4137.864746,2647.522836,-4.166351,-3.055838,-4.898003,2516717.676,3916515.58,4353467.072,-0.955369201310793,-0.253597120152329,0.151519602155046
1 Jan 2025 00:57:08.000,255.032,8.729,3740.108208,-6148.535778,4134.807217,2642.623748,-4.161316,-3.059226,-4.900175,2516358.393,3916545.905,4353647.47,-0.954880429431333,-0.255287929926971,0.151761122566472
1 Jan 2025 00:57:09.000,254.929,8.742,3738.949274,-6152.694577,4131.746301,2637.722492,-4.156278,-3.062612,-4.902342,2515999.104,3916576.204,4353827.86,-0.954386684694822,-0.256995134794107,0.151985383407042
1 Jan 2025 00:57:10.000,254.827,8.754,3737.798993,-6156.848335,4128.682001,2632.819069,-4.151236,-3.065995,-4.904505,2515639.778,3916606.478,4354008.256,-0.953896917638391,-0.258685422899577,0.152192386469376
1 Jan 2025 00:57:11.000,254.724,8.767,3736.657372,-6160.99705,4125.614318,2627.913486,-4.146191,-3.069376,-4.906665,2515280.446,3916636.725,4354188.642,-0.953397004737086,-0.260390709455987,0.152416632253046
1 Jan 2025 00:57:12.000,254.621,8.78,3735.524425,-6165.140718,4122.543256,2623.005745,-4.141143,-3.072755,-4.90882,2514921.108,3916666.944,4354369.02,-0.952893994434257,-0.262095021163483,0.152640870190255
1 Jan 2025 00:57:13.000,254.519,8.792,3734.400154,-6169.279336,4119.468816,2618.095851,-4.136091,-3.07613,-4.910971,2514561.791,3916697.134,4354549.373,-0.952395063706825,-0.263782442063672,0.152847852081074
1 Jan 2025 00:57:14.000,254.416,8.805,3733.284574,-6173.4129,4116.391002,2613.183808,-4.131035,-3.079504,-4.913118,2514202.467,3916727.297,4354729.718,-0.951885896555142,-0.265484801497743,0.153072074896491
1 Jan 2025 00:57:15.000,254.313,8.817,3732.17769,-6177.541407,4113.309817,2608.26962,-4.125976,-3.082874,-4.915261,2513843.108,3916757.435,4354910.069,-0.951376213476214,-0.267186892394087,0.153279042809029
1 Jan 2025 00:57:16.000,254.21,8.83,3731.079506,-6181.664854,4110.225261,2603.353291,-4.120914,-3.086243,-4.917401,2513483.742,3916787.546,4355090.41,-0.950860867428181,-0.268887267998974,0.153503250459965
1 Jan 2025 00:57:17.000,254.107,8.842,3729.990037,-6185.783237,4107.137339,2598.434824,-4.115849,-3.089608,-4.919536,2513124.399,3916817.627,4355270.728,-0.950345013966276,-0.270587374994916,0.153710204354818
1 Jan 2025 00:57:18.000,254.004,8.854,3728.909288,-6189.896552,4104.046052,2593.514224,-4.11078,-3.092972,-4.921667,2512765.019,3916847.684,4355451.052,-0.949826079297654,-0.272286484346835,0.153917151507188
1 Jan 2025 00:57:19.000,253.901,8.866,3727.837264,-6194.004797,4100.951403,2588.591495,-4.105707,-3.096332,-4.923794,2512405.662,3916877.711,4355631.352,-0.949304065365127,-0.273984590396574,0.154124091907996
1 Jan 2025 00:57:20.000,253.798,8.878,3726.773978,-6198.107968,4097.853394,2583.666642,-4.100632,-3.099691,-4.925917,2512046.269,3916907.713,4355811.658,-0.948778974122024,-0.275681687489779,0.154331025548165
1 Jan 2025 00:57:21.000,253.694,8.89,3725.719437,-6202.206061,4094.752029,2578.739667,-4.095552,-3.103046,-4.928036,2511686.869,3916937.689,4355991.954,-0.948245966232403,-0.277394320032401,0.154537952418617
1 Jan 2025 00:57:22.000,253.591,8.901,3724.673642,-6206.299073,4091.64731,2573.810575,-4.09047,-3.106399,-4.930151,2511327.491,3916967.634,4356172.227,-0.94771728734409,-0.27909013590705,0.154727629428439
1 Jan 2025 00:57:23.000,253.488,8.913,3723.636611,-6210.387002,4088.539238,2568.87937,-4.085384,-3.10975,-4.932262,2510968.107,3916997.553,4356352.491,-0.947182948514624,-0.280784168599498,0.154934543298231
1 Jan 2025 00:57:24.000,253.384,8.925,3722.608346,-6214.469843,4085.427817,2563.946057,-4.080295,-3.113098,-4.934369,2510608.687,3917027.446,4356532.761,-0.946640609997922,-0.282493691751314,0.155141450371834
1 Jan 2025 00:57:25.000,253.281,8.936,3721.588851,-6218.547593,4082.31305,2559.010638,-4.075202,-3.116443,-4.936471,2510249.26,3917057.313,4356713.021,-0.94610270145135,-0.284186426167135,0.155331109211287
1 Jan 2025 00:57:26.000,253.177,8.947,3720.578143,-6222.620249,4079.194938,2554.073119,-4.070107,-3.119786,-4.93857,2509889.826,3917087.152,4356893.273,-0.945556741712496,-0.285894632142267,0.155520762325437
1 Jan 2025 00:57:27.000,253.074,8.959,3719.576219,-6226.687807,4076.073485,2549.133503,-4.065007,-3.123127,-4.940665,2509530.414,3917116.962,4357073.501,-0.945010082503111,-0.28758449708512,0.155727650093883
1 Jan 2025 00:57:28.000,252.97,8.97,3718.583096,-6230.750264,4072.948692,2544.191795,-4.059905,-3.126465,-4.942756,2509170.996,3917146.744,4357253.72,-0.944457915180839,-0.28929058877302,0.155917291214355
1 Jan 2025 00:57:29.000,252.866,8.981,3717.598777,-6234.807617,4069.820563,2539.247997,-4.054799,-3.1298,-4.944842,2508811.542,3917176.502,4357433.945,-0.943902633128895,-0.290995612756642,0.156106926587916
1 Jan 2025 00:57:30.000,252.762,8.992,3716.623269,-6238.859863,4066.6891,2534.302116,-4.049689,-3.133133,-4.946925,2508452.081,3917206.233,4357614.161,-0.94334423842474,-0.292699563287167,0.156296556207578
1 Jan 2025 00:57:31.000,252.658,9.003,3715.656576,-6242.906997,4063.554305,2529.354153,-4.044577,-3.136463,-4.949003,2508092.643,3917235.934,4357794.353,-0.94278273315656,-0.294402434619838,0.156486180066351
1 Jan 2025 00:57:32.000,252.554,9.013,3714.698712,-6246.949017,4060.416181,2524.404114,-4.039461,-3.139791,-4.951078,2507733.197,3917265.608,4357974.536,-0.942220728000713,-0.296105040793161,0.156658560387508
1 Jan 2025 00:57:33.000,252.45,9.024,3713.749681,-6250.98592,4057.274731,2519.452003,-4.034342,-3.143116,-4.953148,2507373.716,3917295.257,4358154.724,-0.941653009574899,-0.297805742243697,0.156848173228812
1 Jan 2025 00:57:34.000,252.346,9.035,3712.809486,-6255.017702,4054.129957,2514.497823,-4.029219,-3.146438,-4.955214,2507014.229,3917324.879,4358334.904,-0.941082186901547,-0.299505347295399,0.157037780288895
1 Jan 2025 00:57:35.000,252.242,9.045,3711.878141,-6259.044359,4050.981862,2509.54158,-4.024093,-3.149758,-4.957277,2506654.734,3917354.474,4358515.075,-0.940510875354648,-0.301204687127913,0.157210145320873
1 Jan 2025 00:57:36.000,252.138,9.055,3710.95565,-6263.065889,4047.830449,2504.583275,-4.018964,-3.153075,-4.959335,2506295.262,3917384.039,4358695.222,-0.939936466798814,-0.302902930530845,0.157382505563956
1 Jan 2025 00:57:37.000,252.034,9.066,3710.042015,-6267.082289,4044.675719,2499.622915,-4.013832,-3.15639,-4.961389,2505935.783,3917413.577,4358875.36,-0.939356347439056,-0.304599223563521,0.157572096293908
1 Jan 2025 00:57:38.000,251.929,9.076,3709.137252,-6271.093554,4041.517676,2494.660503,-4.008696,-3.159703,-4.963439,2505576.268,3917443.091,4359055.503,-0.938770403903576,-0.30631163602568,0.157744446463222
1 Jan 2025 00:57:39.000,251.825,9.086,3708.241362,-6275.099681,4038.356322,2489.696042,-4.003557,-3.163012,-4.965485,2505216.747,3917472.577,4359235.638,-0.938186686171785,-0.308006540107443,0.157916791827365
1 Jan 2025 00:57:40.000,251.72,9.096,3707.354349,-6279.100668,4035.191659,2484.729538,-3.998414,-3.166319,-4.967527,2504857.247,3917502.034,4359415.749,-0.937594474555551,-0.309716689098108,0.158089132381088
1 Jan 2025 00:57:41.000,251.616,9.106,3706.476228,-6283.096511,4032.023691,2479.760994,-3.993269,-3.169624,-4.969565,2504497.712,3917531.466,4359595.866,-0.937004552536818,-0.311409338707194,0.158261468119141
1 Jan 2025 00:57:42.000,251.511,9.115,3705.606999,-6287.087206,4028.852419,2474.790413,-3.98812,-3.172926,-4.971599,2504138.2,3917560.868,4359775.959,-0.936408703951836,-0.31311807793354,0.158416566161651
1 Jan 2025 00:57:43.000,251.407,9.125,3704.746671,-6291.072751,4025.677847,2469.817802,-3.982967,-3.176225,-4.973628,2503778.651,3917590.245,4359956.057,-0.935812587654357,-0.314808455872131,0.158588892735467
1 Jan 2025 00:57:44.000,251.302,9.135,3703.895246,-6295.053142,4022.499977,2464.843162,-3.977812,-3.179522,-4.975654,2503419.096,3917619.596,4360136.147,-0.93520786755921,-0.316514014275359,0.158761214478389
1 Jan 2025 00:57:45.000,251.197,9.144,3703.052737,-6299.028375,4019.318812,2459.866499,-3.972653,-3.182816,-4.977676,2503059.563,3917648.917,4360316.213,-0.934602636459915,-0.318219297881777,0.158916299912267
1 Jan 2025 00:57:46.000,251.093,9.154,3702.219148,-6302.998449,4016.134354,2454.887816,-3.967491,-3.186107,-4.979693,2502700.023,3917678.21,4360496.27,-0.933997229921724,-0.31990621732541,0.159088612462029
1 Jan 2025 00:57:47.000,250.988,9.163,3701.39448,-6306.963358,4012.946605,2449.907118,-3.962326,-3.189396,-4.981706,2502340.448,3917707.479,4360676.332,-0.933385765192175,-0.321609173772899,0.159243689613535
1 Jan 2025 00:57:48.000,250.883,9.172,3700.578747,-6310.923101,4009.755569,2444.924409,-3.957157,-3.192682,-4.983716,2501980.866,3917736.721,4360856.386,-0.932771172610347,-0.323310955511124,0.159398762835861
1 Jan 2025 00:57:49.000,250.778,9.181,3699.771952,-6314.877673,4006.561248,2439.939692,-3.951985,-3.195966,-4.985721,2501621.277,3917765.935,4361036.43,-0.932153454443493,-0.325011556753346,0.15955383212518
1 Jan 2025 00:57:50.000,250.673,9.19,3698.9741,-6318.827072,4003.363645,2434.952973,-3.94681,-3.199247,-4.987722,2501261.711,3917795.121,4361216.451,-0.931532612969648,-0.326710971717217,0.159708897477666
1 Jan 2025 00:57:51.000,250.568,9.199,3698.185193,-6322.771294,4000.162761,2429.964254,-3.941632,-3.202526,-4.989719,2500902.137,3917824.278,4361396.463,-0.930908650477622,-0.328409194624803,0.159863958889493
1 Jan 2025 00:57:52.000,250.463,9.208,3697.405246,-6326.710337,3996.958601,2424.97354,-3.93645,-3.205801,-4.991712,2500542.528,3917853.411,4361576.481,-0.930281569266985,-0.330106219702609,0.160019016356835
1 Jan 2025 00:57:53.000,250.358,9.216,3696.63426,-6330.644196,3993.751166,2419.980835,-3.931265,-3.209075,-4.993701,2500182.913,3917882.517,4361756.489,-0.929654004401084,-0.33180298083795,0.160156841902182
1 Jan 2025 00:57:54.000,250.253,9.225,3695.87224,-6334.572868,3990.540459,2414.986144,-3.926077,-3.212345,-4.995686,2499823.319,3917911.594,4361936.474,-0.929020693515522,-0.333497598691043,0.160311891908391
1 Jan 2025 00:57:55.000,250.147,9.233,3695.11919,-6338.496351,3987.326483,2409.989469,-3.920886,-3.215613,-4.997666,2499463.719,3917940.643,4362116.45,-0.928381054616787,-0.335208155819378,0.160449710815554
1 Jan 2025 00:57:56.000,250.042,9.242,3694.375121,-6342.414641,3984.10924,2404.990817,-3.915691,-3.218879,-4.999643,2499104.083,3917969.667,4362296.431,-0.927741493800511,-0.336900332269281,0.160604753346981
1 Jan 2025 00:57:57.000,249.937,9.25,3693.640035,-6346.327735,3980.888733,2399.990189,-3.910493,-3.222141,-5.001615,2498744.441,3917998.664,4362476.404,-0.927101461301461,-0.3385922445299,0.160742565603826
1 Jan 2025 00:57:58.000,249.831,9.258,3692.913939,-6350.235629,3977.664965,2394.987591,-3.905293,-3.225402,-5.003584,2498384.792,3918027.635,4362656.367,-0.926452386166122,-0.340299105486374,0.160880374726912
1 Jan 2025 00:57:59.000,249.726,9.266,3692.196833,-6354.138321,3974.437938,2389.983027,-3.900088,-3.228659,-5.005548,2498025.165,3918056.575,4362836.307,-0.925806119643647,-0.341988558741475,0.161018180713553
1 Jan 2025 00:58:00.000,249.621,9.274,3691.48873,-6358.035807,3971.207654,2384.976501,-3.894881,-3.231914,-5.007508,2497665.531,3918085.488,4363016.237,-0.925156754392383,-0.343676779495822,0.161155983561061
1 Jan 2025 00:58:01.000,249.515,9.282,3690.789633,-6361.928084,3967.974117,2379.968017,-3.88967,-3.235166,-5.009464,2497305.862,3918114.377,4363196.174,-0.924498264896411,-0.345379897624376,0.16129378326675
1 Jan 2025 00:58:02.000,249.41,9.289,3690.099545,-6365.815149,3964.73733,2374.957578,-3.884457,-3.238416,-5.011416,2496946.186,3918143.238,4363376.101,-0.923845317247342,-0.347066615596094,0.161414355429843
1 Jan 2025 00:58:03.000,249.304,9.297,3689.41847,-6369.696998,3961.497294,2369.94519,-3.87924,-3.241663,-5.013364,2496586.503,3918172.073,4363556.019,-0.923180554044324,-0.348767211347624,0.161552149237381
1 Jan 2025 00:58:04.000,249.198,9.305,3688.746418,-6373.573629,3958.254012,2364.930856,-3.874019,-3.244907,-5.015308,2496226.842,3918200.877,4363735.914,-0.92251264258807,-0.350466528504228,0.161689939895377
1 Jan 2025 00:58:05.000,249.093,9.312,3688.083391,-6377.445038,3955.007488,2359.91458,-3.868796,-3.248148,-5.017247,2495867.175,3918229.655,4363915.799,-0.921850369966526,-0.352149479829271,0.161810504135403
1 Jan 2025 00:58:06.000,248.987,9.319,3687.429394,-6381.311223,3951.757723,2354.896367,-3.863569,-3.251387,-5.019183,2495507.473,3918258.408,4364095.69,-0.921178837834328,-0.353847253208485,0.161931065960204
1 Jan 2025 00:58:07.000,248.881,9.327,3686.784433,-6385.172179,3948.50472,2349.87622,-3.85834,-3.254624,-5.021114,2495147.763,3918287.133,4364275.572,-0.92050152679318,-0.355542722746253,0.162068847943107
1 Jan 2025 00:58:08.000,248.775,9.334,3686.148507,-6389.027903,3945.248483,2344.854144,-3.853107,-3.257857,-5.023041,2494788.076,3918315.829,4364455.431,-0.919823716250918,-0.357237915208157,0.162189404586367
1 Jan 2025 00:58:09.000,248.669,9.341,3685.52163,-6392.878393,3941.989013,2339.830143,-3.847871,-3.261088,-5.024965,2494428.382,3918344.498,4364635.28,-0.919142770260026,-0.358931811282071,0.162309958808747
1 Jan 2025 00:58:10.000,248.564,9.348,3684.903801,-6396.723646,3938.726314,2334.804221,-3.842631,-3.264317,-5.026884,2494068.652,3918373.142,4364815.135,-0.91846498525089,-0.360608374960375,0.162430510608447
1 Jan 2025 00:58:11.000,248.458,9.354,3684.295027,-6400.563658,3935.460387,2329.776381,-3.837389,-3.267542,-5.028799,2493708.916,3918401.759,4364994.981,-0.917780444092925,-0.362300714445681,0.162533838792857
1 Jan 2025 00:58:12.000,248.352,9.361,3683.695306,-6404.398425,3932.191237,2324.746629,-3.832143,-3.270765,-5.030709,2493349.173,3918430.349,4365174.818,-0.917090136241444,-0.363990704132423,0.162654386088521
1 Jan 2025 00:58:13.000,248.246,9.368,3683.104652,-6408.227946,3928.918864,2319.714969,-3.826895,-3.273986,-5.032616,2492989.453,3918458.909,4365354.631,-0.916396702919689,-0.365679374220196,0.162774930956365
1 Jan 2025 00:58:14.000,248.14,9.374,3682.523064,-6412.052216,3925.643273,2314.681403,-3.821643,-3.277203,-5.034518,2492629.725,3918487.442,4365534.435,-0.915702785154521,-0.367367777433417,0.162878253195091
1 Jan 2025 00:58:15.000,248.034,9.381,3681.950548,-6415.871233,3922.364465,2309.645937,-3.816388,-3.280418,-5.036417,2492269.962,3918515.95,4365714.245,-0.915003108482311,-0.369053796578716,0.162998793549352
1 Jan 2025 00:58:16.000,247.927,9.387,3681.387107,-6419.684993,3919.082444,2304.608575,-3.81113,-3.283631,-5.038311,2491910.193,3918544.431,4365894.046,-0.914296481368824,-0.370755506021047,0.163102111916633
1 Jan 2025 00:58:17.000,247.821,9.393,3680.832745,-6423.493493,3915.797211,2299.569321,-3.805868,-3.28684,-5.040201,2491550.446,3918572.883,4366073.823,-0.913593179976505,-0.372439914093647,0.1632054284953
1 Jan 2025 00:58:18.000,247.715,9.399,3680.287463,-6427.296731,3912.508771,2294.528178,-3.800604,-3.290047,-5.042087,2491190.663,3918601.309,4366253.606,-0.912886765500434,-0.37412298478052,0.163308743284219
1 Jan 2025 00:58:19.000,247.609,9.405,3679.751272,-6431.094703,3909.217124,2289.485152,-3.795336,-3.293251,-5.043969,2490830.902,3918629.706,4366433.365,-0.912177240489665,-0.375804712309817,0.163412056282257
1 Jan 2025 00:58:20.000,247.503,9.411,3679.224172,-6434.887405,3905.922275,2284.440246,-3.790066,-3.296453,-5.045847,2490471.106,3918658.079,4366613.129,-0.911464607503986,-0.377485090914565,0.163515367488281
1 Jan 2025 00:58:21.000,247.396,9.417,3678.706168,-6438.674835,3902.624226,2279.393464,-3.784792,-3.299652,-5.04772,2490111.303,3918686.424,4366792.885,-0.910742251312989,-0.379180010341346,0.163618676901159
1 Jan 2025 00:58:22.000,247.29,9.422,3678.197262,-6442.45699,3899.322979,2274.344811,-3.779515,-3.302848,-5.04959,2489751.522,3918714.74,4366972.617,-0.910026016629236,-0.380858764393067,0.163704766707974
1 Jan 2025 00:58:23.000,247.184,9.428,3677.697455,-6446.233867,3896.018538,2269.29429,-3.774235,-3.306041,-5.051455,2489391.735,3918743.028,4367152.34,-0.909304045544585,-0.38253505464443,0.163808072830474
1 Jan 2025 00:58:24.000,247.077,9.433,3677.206759,-6450.005461,3892.710904,2264.241906,-3.768952,-3.309232,-5.053316,2489031.912,3918771.292,4367332.068,-0.908574905711716,-0.384226944739275,0.163894159893722
1 Jan 2025 00:58:25.000,246.971,9.439,3676.725172,-6453.771772,3889.400081,2259.187663,-3.763666,-3.31242,-5.055173,2488672.083,3918799.528,4367511.787,-0.907846712392689,-0.385900478126837,0.163997462722036
1 Jan 2025 00:58:26.000,246.864,9.444,3676.252698,-6457.532794,3886.086071,2254.131565,-3.758376,-3.315606,-5.057026,2488312.246,3918827.737,4367691.497,-0.907111295765546,-0.387589585368084,0.164083547038542
1 Jan 2025 00:58:27.000,246.758,9.449,3675.78934,-6461.288526,3882.768877,2249.073616,-3.753084,-3.318788,-5.058875,2487952.433,3918855.917,4367871.184,-0.906379523667837,-0.389261469486377,0.164169630105481
1 Jan 2025 00:58:28.000,246.651,9.454,3675.335103,-6465.038963,3879.448502,2244.013821,-3.747788,-3.321968,-5.06072,2487592.612,3918884.07,4368050.862,-0.905637840150669,-0.390947776036857,0.164255711922197
1 Jan 2025 00:58:29.000,246.545,9.459,3674.889989,-6468.784104,3876.124948,2238.952183,-3.74249,-3.325146,-5.06256,2487232.756,3918912.198,4368230.545,-0.904899865080475,-0.392616873579268,0.164341792488033
1 Jan 2025 00:58:30.000,246.438,9.464,3674.453998,-6472.523944,3872.798218,2233.888707,-3.737188,-3.32832,-5.064396,2486872.893,3918940.298,4368410.219,-0.904151925355753,-0.394300356137348,0.164427871802336
1 Jan 2025 00:58:31.000,246.332,9.468,3674.027139,-6476.258481,3869.468315,2228.823396,-3.731883,-3.331492,-5.066228,2486513.053,3918968.37,4368589.869,-0.903410387598673,-0.395967796627789,0.164496734352232
1 Jan 2025 00:58:32.000,246.225,9.473,3673.609414,-6479.987712,3866.135242,2223.756256,-3.726575,-3.334661,-5.068056,2486153.206,3918996.414,4368769.511,-0.902656201653487,-0.397648437447177,0.164582811412121
1 Jan 2025 00:58:33.000,246.118,9.477,3673.200823,-6483.711633,3862.799001,2218.687289,-3.721265,-3.337827,-5.06988,2485793.323,3919024.433,4368949.157,-0.901901510196729,-0.399328802818621,0.164651672157637
1 Jan 2025 00:58:34.000,246.012,9.482,3672.801371,-6487.430242,3859.459595,2213.616501,-3.715951,-3.340991,-5.0717,2485433.433,3919052.425,4369128.795,-0.901148058306698,-0.400990837471736,0.164737746960989
1 Jan 2025 00:58:35.000,245.905,9.486,3672.411061,-6491.143536,3856.117027,2208.543895,-3.710634,-3.344152,-5.073515,2485073.538,3919080.389,4369308.424,-0.900387135039155,-0.402668337105819,0.164806605900425
1 Jan 2025 00:58:36.000,245.798,9.49,3672.029894,-6494.851511,3852.771299,2203.469476,-3.705313,-3.34731,-5.075327,2484713.664,3919108.325,4369488.029,-0.899623084769691,-0.404344391216418,0.164875464036614
1 Jan 2025 00:58:37.000,245.691,9.494,3671.65787,-6498.554164,3849.422415,2198.393248,-3.69999,-3.350465,-5.077134,2484353.784,3919136.233,4369667.625,-0.898855910247298,-0.406018993966475,0.164944321369221
1 Jan 2025 00:58:38.000,245.585,9.498,3671.294998,-6502.251493,3846.070376,2193.315214,-3.694664,-3.353618,-5.078937,2483993.868,3919164.116,4369847.227,-0.898092729665257,-0.407676464911136,0.165013177897908
1 Jan 2025 00:58:39.000,245.478,9.502,3670.941279,-6505.943494,3842.715186,2188.23538,-3.689335,-3.356768,-5.080736,2483633.945,3919191.972,4370026.819,-0.897319344104086,-0.409348160948262,0.165082033622342
1 Jan 2025 00:58:40.000,245.371,9.506,3670.596713,-6509.630164,3839.356848,2183.153749,-3.684003,-3.359915,-5.08253,2483274.016,3919219.801,4370206.402,-0.896542842576742,-0.411018388199533,0.165150888542185
1 Jan 2025 00:58:41.000,245.264,9.509,3670.261304,-6513.311501,3835.995363,2178.070325,-3.678667,-3.36306,-5.084321,2482914.109,3919247.6,4370385.962,-0.895765846781711,-0.412688347405272,0.165202529203854
1 Jan 2025 00:58:42.000,245.157,9.513,3669.935054,-6516.987501,3832.630736,2172.985113,-3.673329,-3.366201,-5.086107,2482554.196,3919275.373,4370565.513,-0.894983120543006,-0.414355625035575,0.165271382714858
1 Jan 2025 00:58:43.000,245.05,9.516,3669.617964,-6520.658161,3829.262968,2167.898116,-3.667988,-3.36934,-5.087889,2482194.247,3919303.12,4370745.069,-0.894199903025119,-0.416022633664336,0.165323022319511
1 Jan 2025 00:58:44.000,244.943,9.52,3669.310038,-6524.323478,3825.892063,2162.80934,-3.662643,-3.372477,-5.089667,2481834.291,3919330.84,4370924.616,-0.893410963287975,-0.417686938450889,0.165391874420648
1 Jan 2025 00:58:45.000,244.836,9.523,3669.011276,-6527.983449,3822.518023,2157.718788,-3.657296,-3.37561,-5.091441,2481474.358,3919358.531,4371104.14,-0.89262153526038,-0.419350973298465,0.165443512967515
1 Jan 2025 00:58:46.000,244.729,9.526,3668.721679,-6531.638072,3819.14085,2152.626463,-3.651946,-3.378741,-5.093211,2481114.418,3919386.195,4371283.655,-0.891829005468664,-0.421013515198899,0.16549515106081
1 Jan 2025 00:58:47.000,244.622,9.529,3668.441253,-6535.287342,3815.760549,2147.532372,-3.646592,-3.381869,-5.094976,2480754.443,3919413.833,4371463.174,-0.891033376737973,-0.422674558366023,0.165546788700391
1 Jan 2025 00:58:48.000,244.515,9.532,3668.169999,-6538.931258,3812.377121,2142.436517,-3.641236,-3.384994,-5.096738,2480394.461,3919441.445,4371642.685,-0.890234651904256,-0.424334097019022,0.165598425886115
1 Jan 2025 00:58:49.000,244.408,9.534,3667.907917,-6542.569816,3808.990569,2137.338903,-3.635877,-3.388116,-5.098495,2480034.472,3919469.029,4371822.187,-0.889435441176372,-0.425993374173456,0.165632850424386
1 Jan 2025 00:58:50.000,244.301,9.537,3667.65501,-6546.203013,3805.600896,2132.239533,-3.630514,-3.391236,-5.100248,2479674.506,3919496.584,4372001.665,-0.88863053116302,-0.427649891735126,0.16568448685337
1 Jan 2025 00:58:51.000,244.194,9.54,3667.411279,-6549.830846,3802.208105,2127.138413,-3.625149,-3.394353,-5.101996,2479314.533,3919524.112,4372181.134,-0.887822533608643,-0.429304887471167,0.16573612282812
1 Jan 2025 00:58:52.000,244.087,9.542,3667.176725,-6553.453312,3798.812198,2122.035547,-3.619781,-3.397467,-5.103741,2478954.525,3919551.614,4372360.609,-0.887014053878793,-0.430959620051676,0.165770546558865
1 Jan 2025 00:58:53.000,243.98,9.544,3666.951349,-6557.070408,3795.413178,2116.930937,-3.614409,-3.400578,-5.105481,2478594.51,3919579.09,4372540.074,-0.886202488994821,-0.432612829668315,0.165804970087623
1 Jan 2025 00:58:54.000,243.873,9.547,3666.735155,-6560.682132,3792.011049,2111.82459,-3.609035,-3.403687,-5.107217,2478234.517,3919606.536,4372719.516,-0.885385243001829,-0.434263235897102,0.165856605001945
1 Jan 2025 00:58:55.000,243.766,9.549,3666.528141,-6564.28848,3788.605813,2106.716509,-3.603658,-3.406792,-5.108949,2477874.489,3919633.957,4372898.964,-0.884567518275303,-0.435913377212603,0.165891028025554
1 Jan 2025 00:58:56.000,243.659,9.551,3666.330311,-6567.889449,3785.197472,2101.606697,-3.598277,-3.409895,-5.110677,2477514.483,3919661.349,4373078.387,-0.88374671704579,-0.437561978320785,0.165925450847029
1 Jan 2025 00:58:57.000,243.552,9.553,3666.141665,-6571.485036,3781.786029,2096.49516,-3.592894,-3.412996,-5.112401,2477154.441,3919688.716,4373257.817,-0.882922842215092,-0.439209033483902,0.16595987346633
1 Jan 2025 00:58:58.000,243.445,9.554,3665.9622,-6575.075239,3778.371488,2091.381901,-3.587508,-3.416093,-5.11412,2476794.393,3919716.056,4373437.237,-0.882098488075671,-0.440855832091461,0.165977084700152
1 Jan 2025 00:58:59.000,243.337,9.556,3665.791924,-6578.660054,3774.953851,2086.266926,-3.582119,-3.419188,-5.115836,2476434.368,3919743.366,4373616.633,-0.881260749692175,-0.442515164248895,0.166011507016111
1 Jan 2025 00:59:00.000,243.23,9.558,3665.630836,-6582.239478,3771.53312,2081.150237,-3.576727,-3.422279,-5.117547,2476074.335,3919770.649,4373796.021,-0.880427641014475,-0.444157537769103,0.16604592912979
1 Jan 2025 00:59:01.000,243.123,9.559,3665.478936,-6585.813509,3768.109299,2076.031839,-3.571332,-3.425369,-5.119253,2475714.268,3919797.908,4373975.413,-0.879594055867327,-0.445799652735866,0.166063140110762
1 Jan 2025 00:59:02.000,243.016,9.561,3665.336224,-6589.382144,3764.682391,2070.911736,-3.565934,-3.428455,-5.120956,2475354.193,3919825.139,4374154.797,-0.878754824489363,-0.44743888785016,0.166097561920943
1 Jan 2025 00:59:03.000,242.909,9.562,3665.202701,-6592.945379,3761.252397,2065.789933,-3.560533,-3.431538,-5.122654,2474994.112,3919852.342,4374334.172,-0.877915118443345,-0.449077863051359,0.166114772750141
1 Jan 2025 00:59:04.000,242.801,9.563,3665.078369,-6596.503211,3757.819322,2060.666433,-3.555129,-3.434619,-5.124349,2474634.054,3919879.517,4374513.523,-0.877064488677437,-0.450730570019155,0.166131983528739
1 Jan 2025 00:59:05.000,242.694,9.564,3664.963226,-6600.055639,3754.383167,2055.541242,-3.549722,-3.437697,-5.126039,2474273.988,3919906.664,4374692.865,-0.876218642797122,-0.452366372824737,0.166149194256729
1 Jan 2025 00:59:06.000,242.587,9.565,3664.857275,-6603.602658,3750.943936,2050.414362,-3.544313,-3.440772,-5.127724,2473913.888,3919933.786,4374872.212,-0.875369745750071,-0.454000588211877,0.166166404934108
1 Jan 2025 00:59:07.000,242.48,9.566,3664.760516,-6607.144266,3747.501632,2045.285799,-3.5389,-3.443844,-5.129406,2473553.781,3919960.882,4375051.55,-0.874517800515607,-0.455633210488943,0.166183615560869
1 Jan 2025 00:59:08.000,242.373,9.567,3664.672947,-6610.68046,3744.056256,2040.155556,-3.533485,-3.446913,-5.131083,2473193.696,3919987.947,4375230.865,-0.873662810083671,-0.457264233969901,0.166200826137008
1 Jan 2025 00:59:09.000,242.265,9.567,3664.594571,-6614.211237,3740.607813,2035.023638,-3.528066,-3.44998,-5.132757,2472833.604,3920014.986,4375410.171,-0.87279933573249,-0.458910236251384,0.166200826137008
1 Jan 2025 00:59:10.000,242.158,9.568,3664.525387,-6617.736594,3737.156304,2029.890049,-3.522645,-3.453043,-5.134426,2472473.477,3920042,4375589.482,-0.871938233247301,-0.460538035008655,0.166218036662519
1 Jan 2025 00:59:11.000,242.051,9.568,3664.465395,-6621.256529,3733.701733,2024.754793,-3.517221,-3.456104,-5.13609,2472113.344,3920068.986,4375768.784,-0.87107665743765,-0.462165577639993,0.166218036662519
1 Jan 2025 00:59:12.000,241.944,9.568,3664.414595,-6624.771038,3730.244103,2019.617875,-3.511794,-3.459162,-5.137751,2471753.204,3920095.945,4375948.077,-0.870212043692559,-0.463791508439382,0.166218036662519
1 Jan 2025 00:59:13.000,241.836,9.568,3664.372988,-6628.280118,3726.783416,2014.479298,-3.506364,-3.462218,-5.139407,2471393.086,3920122.875,4376127.346,-0.869336271856536,-0.465430994587422,0.166218036662519
1 Jan 2025 00:59:14.000,241.729,9.569,3664.340572,-6631.783767,3723.319675,2009.339066,-3.500931,-3.46527,-5.141059,2471032.962,3920149.778,4376306.606,-0.868463007837506,-0.467052295387787,0.166235247137398
1 Jan 2025 00:59:15.000,241.622,9.569,3664.317348,-6635.281981,3719.852883,2004.197185,-3.495495,-3.46832,-5.142707,2470672.802,3920176.655,4376485.871,-0.867589272698722,-0.468673336672005,0.166235247137398
1 Jan 2025 00:59:16.000,241.515,9.568,3664.303316,-6638.774759,3716.383043,1999.053658,-3.490056,-3.471367,-5.144351,2470312.636,3920203.506,4376665.128,-0.866715061775453,-0.470294127094557,0.166218036662519
1 Jan 2025 00:59:17.000,241.407,9.568,3664.298475,-6642.262096,3712.910158,1993.908489,-3.484615,-3.47441,-5.14599,2469952.463,3920230.329,4376844.375,-0.865827039011777,-0.471927010038795,0.166218036662519
1 Jan 2025 00:59:18.000,241.3,9.568,3664.302824,-6645.74399,3709.43423,1988.761683,-3.479171,-3.477452,-5.147626,2469592.312,3920257.123,4377023.599,-0.864944204934019,-0.47354312014759,0.166218036662519
1 Jan 2025 00:59:19.000,241.193,9.567,3664.316364,-6649.220439,3705.955262,1983.613244,-3.473723,-3.48049,-5.149257,2469232.155,3920283.89,4377202.814,-0.864060896217032,-0.475158976575205,0.166200826137008
1 Jan 2025 00:59:20.000,241.086,9.567,3664.339093,-6652.691439,3702.473257,1978.463176,-3.468273,-3.483525,-5.150884,2468871.963,3920310.632,4377382.034,-0.863172029517611,-0.476771782774342,0.166200826137008
1 Jan 2025 00:59:21.000,240.978,9.566,3664.371011,-6656.156987,3698.988219,1973.311484,-3.46282,-3.486558,-5.152506,2468511.764,3920337.347,4377561.245,-0.862274339345207,-0.478399382969819,0.166183615560869
1 Jan 2025 00:59:22.000,240.871,9.565,3664.412117,-6659.617081,3695.500149,1968.15817,-3.457364,-3.489588,-5.154124,2468151.587,3920364.032,4377740.432,-0.861381957786531,-0.480010258922782,0.166166404934108
1 Jan 2025 00:59:23.000,240.764,9.564,3664.46241,-6663.071717,3692.009051,1963.003241,-3.451906,-3.492614,-5.155739,2467791.404,3920390.69,4377919.61,-0.860486566568099,-0.481619470125206,0.166149194256729
1 Jan 2025 00:59:24.000,240.657,9.563,3664.52189,-6666.520894,3688.514928,1957.8467,-3.446444,-3.495638,-5.157348,2467431.185,3920417.323,4378098.794,-0.859588168795804,-0.48322701095353,0.166131983528739
1 Jan 2025 00:59:25.000,240.549,9.562,3664.590555,-6669.964608,3685.017782,1952.688551,-3.44098,-3.49866,-5.158954,2467070.96,3920443.929,4378277.968,-0.858678305525258,-0.484847862627485,0.166114772750141
1 Jan 2025 00:59:26.000,240.442,9.561,3664.668404,-6673.402856,3681.517616,1947.528798,-3.435513,-3.501678,-5.160555,2466710.728,3920470.508,4378457.134,-0.857773876006799,-0.486452030075105,0.166097561920943
1 Jan 2025 00:59:27.000,240.335,9.56,3664.755437,-6676.835635,3678.014434,1942.367446,-3.430043,-3.504693,-5.162153,2466350.519,3920497.057,4378636.275,-0.856866449344614,-0.488054510260487,0.166080351041148
1 Jan 2025 00:59:28.000,240.228,9.558,3664.851652,-6680.262943,3674.508237,1937.204499,-3.42457,-3.507706,-5.163746,2465990.303,3920523.579,4378815.408,-0.855958544346658,-0.489656736683336,0.16604592912979
1 Jan 2025 00:59:29.000,240.12,9.557,3664.957048,-6683.684777,3670.99903,1932.039961,-3.419094,-3.510716,-5.165334,2465630.051,3920550.076,4378994.546,-0.855036555737062,-0.491270753373287,0.166028718098238
1 Jan 2025 00:59:30.000,240.013,9.555,3665.071623,-6687.101133,3667.486814,1926.873837,-3.413616,-3.513722,-5.166919,2465269.793,3920576.546,4379173.675,-0.854122635194769,-0.492869574818848,0.165994295883414
1 Jan 2025 00:59:31.000,239.906,9.553,3665.195376,-6690.51201,3663.971593,1921.70613,-3.408135,-3.516726,-5.168499,2464909.558,3920602.987,4379352.781,-0.853205723987953,-0.494466695494482,0.16595987346633
1 Jan 2025 00:59:32.000,239.799,9.551,3665.328305,-6693.917404,3660.453369,1916.536845,-3.40265,-3.519727,-5.170075,2464549.287,3920629.403,4379531.891,-0.85228582528278,-0.496062109804066,0.165925450847029
1 Jan 2025 00:59:33.000,239.692,9.549,3665.470409,-6697.317313,3656.932145,1911.365986,-3.397164,-3.522726,-5.171647,2464189.038,3920655.789,4379710.978,-0.851362942255891,-0.497655812157376,0.165891028025554
1 Jan 2025 00:59:34.000,239.584,9.547,3665.621687,-6700.711733,3653.407925,1906.193558,-3.391674,-3.525721,-5.173214,2463828.754,3920682.15,4379890.071,-0.850428364447024,-0.499262639821156,0.165856605001945
1 Jan 2025 00:59:35.000,239.477,9.545,3665.782136,-6704.100662,3649.880711,1901.019564,-3.386181,-3.528713,-5.174778,2463468.464,3920708.484,4380069.154,-0.849499494593315,-0.500852885303327,0.165822181776244
1 Jan 2025 00:59:36.000,239.37,9.543,3665.951754,-6707.484098,3646.350506,1895.844009,-3.380686,-3.531703,-5.176337,2463108.196,3920734.789,4380248.214,-0.84856765004073,-0.502441402042202,0.165787758348495
1 Jan 2025 00:59:37.000,239.263,9.54,3666.13054,-6710.862036,3642.817313,1890.666898,-3.375188,-3.53469,-5.177891,2462747.921,3920761.067,4380427.265,-0.847635320426657,-0.504029662971437,0.16573612282812
1 Jan 2025 00:59:38.000,239.156,9.538,3666.318496,-6714.234476,3639.281134,1885.488233,-3.369687,-3.537673,-5.179442,2462387.611,3920787.319,4380606.321,-0.846697532861054,-0.505614709863323,0.16570169889543
1 Jan 2025 00:59:39.000,239.049,9.535,3666.515612,-6717.601413,3635.741974,1880.30802,-3.364184,-3.540654,-5.180988,2462027.295,3920813.545,4380785.368,-0.845759259867069,-0.507199498327642,0.165650062617842
1 Jan 2025 00:59:40.000,238.942,9.533,3666.72189,-6720.962845,3632.199833,1875.126263,-3.358677,-3.543632,-5.18253,2461666.971,3920839.743,4380964.405,-0.844815542216136,-0.508781053126127,0.165615638180475
1 Jan 2025 00:59:41.000,238.835,9.53,3666.937327,-6724.318769,3628.654717,1869.942967,-3.353168,-3.546607,-5.184068,2461306.671,3920865.912,4381143.419,-0.843871338782737,-0.510362346872824,0.165564001146068
1 Jan 2025 00:59:42.000,238.727,9.527,3667.161921,-6727.669183,3625.106626,1864.758134,-3.347656,-3.54958,-5.185601,2460946.364,3920892.053,4381322.425,-0.842915238024808,-0.511956598728841,0.165512363657757
1 Jan 2025 00:59:43.000,238.62,9.524,3667.39567,-6731.014084,3621.555565,1859.57177,-3.342142,-3.552549,-5.187131,2460586.021,3920918.17,4381501.435,-0.841965086064234,-0.513534363109701,0.165460725715684
1 Jan 2025 00:59:44.000,238.513,9.521,3667.638571,-6734.353468,3618.001536,1854.383879,-3.336624,-3.555515,-5.188656,2460225.672,3920944.259,4381680.436,-0.841011978539097,-0.515110362724068,0.165409087319992
1 Jan 2025 00:59:45.000,238.406,9.517,3667.890623,-6737.687334,3614.444542,1849.194465,-3.331104,-3.558479,-5.190176,2459865.345,3920970.32,4381859.414,-0.840058376871265,-0.516686103935029,0.165340235420349
1 Jan 2025 00:59:46.000,238.299,9.514,3668.151822,-6741.015678,3610.884586,1844.003533,-3.325581,-3.561439,-5.191693,2459505.012,3920996.353,4382038.382,-0.839099364473871,-0.518258561514311,0.16528859596676
1 Jan 2025 00:59:47.000,238.192,9.51,3668.422165,-6744.338498,3607.321671,1838.811086,-3.320056,-3.564397,-5.193205,2459144.643,3921022.36,4382217.356,-0.838139857067596,-0.519830757680835,0.165219742657103
1 Jan 2025 00:59:48.000,238.085,9.507,3668.701651,-6747.655791,3603.7558,1833.617129,-3.314527,-3.567352,-5.194713,2458784.268,3921048.341,4382396.321,-0.83717495297559,-0.521399651077442,0.16516810214639
1 Jan 2025 00:59:49.000,237.978,9.503,3668.990276,-6750.967555,3600.186975,1828.421666,-3.308996,-3.570304,-5.196217,2458423.887,3921074.295,4382575.277,-0.836209553024135,-0.522968280041885,0.165099247427746
1 Jan 2025 00:59:50.000,237.872,9.499,3669.288041,-6754.273786,3596.6152,1823.224702,-3.303462,-3.573252,-5.197716,2458063.528,3921100.219,4382754.209,-0.835250364573521,-0.524520541282867,0.165030391904429
1 Jan 2025 00:59:51.000,237.765,9.495,3669.594935,-6757.574481,3593.040478,1818.02624,-3.297926,-3.576198,-5.199211,2457703.162,3921126.116,4382933.132,-0.834279108787049,-0.526085601800353,0.164961535576773
1 Jan 2025 00:59:52.000,237.658,9.491,3669.91096,-6760.869639,3589.462811,1812.826286,-3.292386,-3.579142,-5.200702,2457342.761,3921151.988,4383112.06,-0.833304916389342,-0.527648861380889,0.164892678445115
1 Jan 2025 00:59:53.000,237.551,9.487,3670.236113,-6764.159256,3585.882202,1807.624842,-3.286844,-3.582082,-5.202189,2456982.353,3921177.833,4383290.979,-0.832327790724401,-0.529210314506808,0.16482382050979
1 Jan 2025 00:59:54.000,237.444,9.483,3670.57039,-6767.44333,3582.298655,1802.421914,-3.2813,-3.585019,-5.203671,2456621.939,3921203.65,4383469.889,-0.831347735146612,-0.530769955666663,0.164754961771134
1 Jan 2025 00:59:55.000,237.337,9.479,3670.913787,-6770.721858,3578.712172,1797.217506,-3.275752,-3.587953,-5.20515,2456261.548,3921229.439,4383648.775,-0.83036475302073,-0.532327779355242,0.164686102229482
1 Jan 2025 00:59:56.000,237.23,9.474,3671.266303,-6773.994837,3575.122756,1792.011622,-3.270202,-3.590885,-5.206623,2455901.15,3921255.2,4383827.653,-0.82938126345287,-0.533885335116384,0.164600026673716
1 Jan 2025 00:59:57.000,237.124,9.47,3671.627932,-6777.262265,3571.53041,1786.804266,-3.26465,-3.593813,-5.208093,2455540.716,3921280.936,4384006.535,-0.82840177950511,-0.535425052971052,0.16453116532655
1 Jan 2025 00:59:58.000,237.017,9.465,3671.998673,-6780.524138,3567.935138,1781.595443,-3.259094,-3.596738,-5.209558,2455180.276,3921306.645,4384185.408,-0.827412468862032,-0.536978974973729,0.164445087514954
1 Jan 2025 00:59:59.000,236.91,9.46,3672.378524,-6783.780455,3564.336941,1776.385156,-3.253536,-3.599661,-5.211019,2454819.859,3921332.324,4384364.258,-0.826420237085127,-0.538531065099455,0.164359008451038
1 Jan 2025 01:00:00.000,236.803,9.455,3672.767475,-6787.031212,3560.735823,1771.173411,-3.247975,-3.602581,-5.212476,2454459.435,3921357.977,4384543.099,-0.825425087573829,-0.540081317845323,0.164272928135455
1 Jan 2025 01:00:01.000,236.697,9.45,3673.165526,-6790.276407,3557.131787,1765.960211,-3.242412,-3.605497,-5.213928,2454098.976,3921383.604,4384721.945,-0.824436476834465,-0.541615338666241,0.164186846568863
1 Jan 2025 01:00:02.000,236.59,9.445,3673.572674,-6793.516037,3553.524836,1760.745561,-3.236846,-3.608411,-5.215377,2453738.51,3921409.204,4384900.782,-0.823435529086959,-0.543161917639039,0.164100763751916
1 Jan 2025 01:00:03.000,236.484,9.44,3673.988914,-6796.7501,3549.914973,1755.529465,-3.231277,-3.611322,-5.21682,2453378.037,3921434.777,4385079.609,-0.822441180632392,-0.54469228858846,0.164014679685271
1 Jan 2025 01:00:04.000,236.377,9.435,3674.414242,-6799.978593,3546.302201,1750.311927,-3.225705,-3.614229,-5.21826,2453017.588,3921460.321,4385258.414,-0.821434448241603,-0.546235172055064,0.163928594369582
1 Jan 2025 01:00:05.000,236.27,9.43,3674.848656,-6803.201513,3542.686522,1745.092951,-3.220131,-3.617134,-5.219695,2452657.131,3921485.837,4385437.209,-0.820424815204074,-0.547776190823738,0.163842507805506
1 Jan 2025 01:00:06.000,236.164,9.424,3675.292149,-6806.418857,3539.06794,1739.872543,-3.214554,-3.620036,-5.221126,2452296.64,3921511.329,4385616.009,-0.819424246120753,-0.54930262925422,0.163739202281666
1 Jan 2025 01:00:07.000,236.057,9.418,3675.744723,-6809.630623,3535.446457,1734.650705,-3.208975,-3.622935,-5.222553,2451936.142,3921536.793,4385794.8,-0.818411214223648,-0.550841518327082,0.163635894962225
1 Jan 2025 01:00:08.000,235.951,9.413,3676.206365,-6812.836809,3531.822077,1729.427443,-3.203393,-3.625831,-5.223976,2451575.666,3921562.228,4385973.567,-0.817402559070079,-0.552362668891908,0.163549804158535
1 Jan 2025 01:00:09.000,235.844,9.407,3676.677075,-6816.037411,3528.194802,1724.202761,-3.197808,-3.628724,-5.225394,2451215.155,3921587.638,4386152.34,-0.81638376397836,-0.55389781878854,0.1634464935501
1 Jan 2025 01:00:10.000,235.738,9.401,3677.156849,-6819.232427,3524.564636,1718.976662,-3.192221,-3.631614,-5.226808,2450854.666,3921613.018,4386331.089,-0.815371770827936,-0.555416852921256,0.163343181149274
1 Jan 2025 01:00:11.000,235.632,9.395,3677.645682,-6822.421854,3520.931582,1713.749152,-3.186631,-3.634501,-5.228217,2450494.142,3921638.374,4386509.844,-0.814356942347538,-0.556934032257114,0.16323986695719
1 Jan 2025 01:00:12.000,235.525,9.389,3678.14357,-6825.60569,3517.295641,1708.520234,-3.181038,-3.637385,-5.229623,2450133.612,3921663.702,4386688.589,-0.813329535043848,-0.558463546850952,0.16313655097498
1 Jan 2025 01:00:13.000,235.419,9.383,3678.650512,-6828.783932,3513.656819,1703.289913,-3.175443,-3.640266,-5.231024,2449773.104,3921689.001,4386867.311,-0.812309019730222,-0.559976982862732,0.163033233203777
1 Jan 2025 01:00:14.000,235.313,9.376,3679.166496,-6831.956578,3510.015116,1698.058193,-3.169845,-3.643144,-5.232421,2449412.59,3921714.273,4387046.024,-0.811288017525143,-0.561490166345066,0.162912693544465
1 Jan 2025 01:00:15.000,235.206,9.37,3679.691521,-6835.123624,3506.370537,1692.825079,-3.164244,-3.64602,-5.233813,2449052.04,3921739.52,4387224.742,-0.810252024776432,-0.563014000506998,0.162809371900999
1 Jan 2025 01:00:16.000,235.1,9.363,3680.225582,-6838.285069,3502.723084,1687.590574,-3.158641,-3.648892,-5.235201,2448691.484,3921764.739,4387403.45,-0.809225342794882,-0.564523418390479,0.162688827727149
1 Jan 2025 01:00:17.000,234.994,9.357,3680.768674,-6841.440909,3499.072761,1682.354684,-3.153036,-3.651761,-5.236585,2448330.921,3921789.931,4387582.15,-0.808193512762026,-0.566029328213925,0.162585502216739
1 Jan 2025 01:00:18.000,234.888,9.35,3681.320793,-6844.591142,3495.41957,1677.117411,-3.147427,-3.654627,-5.237965,2447970.381,3921815.095,4387760.826,-0.807161191223494,-0.567534977120957,0.162464953534556
1 Jan 2025 01:00:19.000,234.782,9.343,3681.881936,-6847.735766,3491.763514,1671.878762,-3.141817,-3.65749,-5.23934,2447609.835,3921840.231,4387939.493,-0.806126052739871,-0.569038735144218,0.162344402427381
1 Jan 2025 01:00:20.000,234.676,9.336,3682.452093,-6850.874777,3488.104596,1666.638739,-3.136203,-3.660351,-5.240711,2447249.253,3921865.341,4388118.165,-0.805088100789908,-0.570540596991606,0.162223848897012
1 Jan 2025 01:00:21.000,234.57,9.329,3683.031261,-6854.008174,3484.44282,1661.397347,-3.130587,-3.663208,-5.242077,2446888.664,3921890.425,4388296.828,-0.804047338862338,-0.572040557377446,0.162103292945248
1 Jan 2025 01:00:22.000,234.464,9.322,3683.619435,-6857.135954,3480.778188,1656.154591,-3.124968,-3.666062,-5.24344,2446528.098,3921915.479,4388475.467,-0.803003770455863,-0.573538611022512,0.161982734573889
1 Jan 2025 01:00:23.000,234.358,9.315,3684.21661,-6860.258113,3477.110703,1650.910475,-3.119347,-3.668913,-5.244798,2446167.526,3921940.506,4388654.097,-0.801957399079143,-0.575034752654043,0.161862173784736
1 Jan 2025 01:00:24.000,234.252,9.307,3684.822784,-6863.37465,3473.440369,1645.665002,-3.113724,-3.671762,-5.246152,2445806.919,3921965.508,4388832.733,-0.800910519197748,-0.576530626130176,0.161724387067445
1 Jan 2025 01:00:25.000,234.146,9.3,3685.437945,-6866.485563,3469.767188,1640.418178,-3.108097,-3.674607,-5.247501,2445446.304,3921990.483,4389011.359,-0.799858547685873,-0.578022930945338,0.161603821103361
1 Jan 2025 01:00:26.000,234.04,9.292,3686.062091,-6869.590847,3466.091163,1635.170007,-3.102468,-3.677449,-5.248846,2445085.684,3922015.431,4389189.976,-0.798806064965566,-0.579514962897617,0.161466028476587
1 Jan 2025 01:00:27.000,233.934,9.284,3686.695216,-6872.690501,3462.412297,1629.920493,-3.096837,-3.680288,-5.250187,2444725.086,3922040.349,4389368.57,-0.797750783629388,-0.581005067578557,0.161328232701949
1 Jan 2025 01:00:28.000,233.829,9.277,3687.337315,-6875.784523,3458.730593,1624.66964,-3.091203,-3.683125,-5.251523,2444364.482,3922065.241,4389547.154,-0.796700602343892,-0.58247767421848,0.161207658819021
1 Jan 2025 01:00:29.000,233.723,9.269,3687.988384,-6878.872909,3455.046055,1619.417453,-3.085566,-3.685958,-5.252856,2444003.842,3922090.107,4389725.744,-0.795639765389226,-0.583963924270374,0.16106985714938
1 Jan 2025 01:00:30.000,233.617,9.261,3688.648413,-6881.955658,3451.358685,1614.163936,-3.079927,-3.688788,-5.254184,2443643.196,3922114.945,4389904.324,-0.794576140465931,-0.585448231299771,0.160932052339599
1 Jan 2025 01:00:31.000,233.512,9.253,3689.317398,-6885.032766,3447.668487,1608.909093,-3.074286,-3.691615,-5.255507,2443282.543,3922139.757,4390082.895,-0.793519974903815,-0.586916740602052,0.160794244392365
1 Jan 2025 01:00:32.000,233.406,9.244,3689.995334,-6888.104232,3443.975463,1603.652929,-3.068642,-3.694439,-5.256826,2442921.913,3922164.54,4390261.443,-0.792453061771004,-0.588398835959931,0.160639206704835
1 Jan 2025 01:00:33.000,233.3,9.236,3690.682218,-6891.170052,3440.279616,1598.395447,-3.062995,-3.69726,-5.258141,2442561.277,3922189.295,4390439.981,-0.791381115237247,-0.589877303835294,0.160501392099434
1 Jan 2025 01:00:34.000,233.195,9.228,3691.378036,-6894.230224,3436.58095,1593.136653,-3.057346,-3.700078,-5.259452,2442200.605,3922214.025,4390618.525,-0.790316716026097,-0.591340014193708,0.160363574364975
1 Jan 2025 01:00:35.000,233.09,9.219,3692.082788,-6897.284745,3432.879466,1587.876551,-3.051694,-3.702894,-5.260758,2441839.927,3922238.728,4390797.06,-0.789251833915361,-0.592802472128523,0.160208525676853
1 Jan 2025 01:00:36.000,232.984,9.211,3692.796466,-6900.333614,3429.17517,1582.615144,-3.04604,-3.705706,-5.26206,2441479.271,3922263.402,4390975.571,-0.788171623736143,-0.594275072775054,0.160070701302069
1 Jan 2025 01:00:37.000,232.879,9.202,3693.519067,-6903.376827,3425.468063,1577.352437,-3.040383,-3.708515,-5.263358,2441118.609,3922288.048,4391154.073,-0.787101273951481,-0.595733640967241,0.159915645150405
1 Jan 2025 01:00:38.000,232.774,9.193,3694.250579,-6906.414382,3421.758148,1572.088435,-3.034724,-3.711321,-5.264651,2440757.912,3922312.67,4391332.58,-0.786028205777299,-0.597190267156163,0.159760585052982
1 Jan 2025 01:00:39.000,232.668,9.184,3694.990999,-6909.446277,3418.045429,1566.823141,-3.029062,-3.714124,-5.26594,2440397.208,3922337.264,4391511.077,-0.784941974318522,-0.598658646153975,0.159605521013624
1 Jan 2025 01:00:40.000,232.563,9.175,3695.74032,-6912.472509,3414.329908,1561.556561,-3.023398,-3.716923,-5.267225,2440036.498,3922361.831,4391689.566,-0.783863454669756,-0.600111354216665,0.159450453036157
1 Jan 2025 01:00:41.000,232.458,9.166,3696.498539,-6915.493075,3410.61159,1556.288698,-3.017731,-3.71972,-5.268506,2439675.81,3922386.369,4391868.031,-0.782782227344045,-0.601562104945719,0.159295381124409
1 Jan 2025 01:00:42.000,232.353,9.157,3697.265643,-6918.507973,3406.890475,1551.019557,-3.012062,-3.722514,-5.269782,2439315.116,3922410.879,4392046.487,-0.781698295920183,-0.603010893259955,0.159140305282204
1 Jan 2025 01:00:43.000,232.248,9.148,3698.041628,-6921.517201,3403.166569,1545.749142,-3.00639,-3.725305,-5.271053,2438954.387,3922435.365,4392224.948,-0.780611663986561,-0.604457714084779,0.15898522551337
1 Jan 2025 01:00:44.000,232.143,9.138,3698.826488,-6924.520756,3399.439873,1540.477458,-3.000716,-3.728093,-5.272321,2438593.651,3922459.823,4392403.4,-0.77952452372683,-0.605904263483286,0.158812910058457
1 Jan 2025 01:00:45.000,232.038,9.129,3699.62022,-6927.518635,3395.710391,1535.204508,-2.995039,-3.730877,-5.273584,2438232.938,3922484.252,4392581.829,-0.778432496321938,-0.607347136474852,0.158657822012637
1 Jan 2025 01:00:46.000,231.933,9.119,3700.42281,-6930.510837,3391.978125,1529.930297,-2.98936,-3.733659,-5.274843,2437872.189,3922508.656,4392760.262,-0.777339957065743,-0.608789732397187,0.158485497370549
1 Jan 2025 01:00:47.000,231.828,9.109,3701.234254,-6933.497358,3388.24308,1524.65483,-2.983679,-3.736438,-5.276097,2437511.463,3922533.03,4392938.672,-0.776244720996472,-0.610230345029112,0.158313167900716
1 Jan 2025 01:00:48.000,231.723,9.1,3702.054546,-6936.478197,3384.505258,1519.37811,-2.977995,-3.739213,-5.277347,2437150.702,3922557.38,4393117.087,-0.775144624898939,-0.611667259425097,0.158158067254484
1 Jan 2025 01:00:49.000,231.618,9.09,3702.883682,-6939.45335,3380.764661,1514.100143,-2.972308,-3.741986,-5.278593,2436789.934,3922581.702,4393295.493,-0.774044011608852,-0.613103888132233,0.157985728626399
1 Jan 2025 01:00:50.000,231.514,9.08,3703.721648,-6942.422815,3377.021294,1508.820932,-2.966619,-3.744755,-5.279834,2436429.189,3922605.995,4393473.876,-0.77295143803864,-0.614525027879417,0.157813385185794
1 Jan 2025 01:00:51.000,231.409,9.07,3704.568441,-6945.386591,3373.275159,1503.540481,-2.960928,-3.747521,-5.281071,2436068.438,3922630.261,4393652.249,-0.771845481649395,-0.615957673814161,0.157641036937918
1 Jan 2025 01:00:52.000,231.305,9.059,3705.424053,-6948.344673,3369.526259,1498.258796,-2.955234,-3.750285,-5.282304,2435707.651,3922654.502,4393830.628,-0.770749766944258,-0.617376577282928,0.157451448319123
1 Jan 2025 01:00:53.000,231.2,9.049,3706.28848,-6951.297061,3365.774597,1492.97588,-2.949538,-3.753045,-5.283533,2435346.858,3922678.715,4394008.997,-0.769638476507526,-0.618805222448976,0.157279089993068
1 Jan 2025 01:00:54.000,231.096,9.039,3707.161708,-6954.243751,3362.020176,1487.691738,-2.943839,-3.755802,-5.284757,2434986.058,3922702.902,4394187.357,-0.768535339795442,-0.620218435598143,0.157106726876018
1 Jan 2025 01:00:55.000,230.991,9.028,3708.043734,-6957.184742,3358.263,1482.406374,-2.938138,-3.758556,-5.285976,2434625.282,3922727.059,4394365.694,-0.76742086366289,-0.621644781899816,0.15691712191993
1 Jan 2025 01:00:56.000,230.887,9.018,3708.934553,-6960.12003,3354.503072,1477.119792,-2.932435,-3.761307,-5.287192,2434264.498,3922751.189,4394544.021,-0.766312464391453,-0.623054003000393,0.15674474875888
1 Jan 2025 01:00:57.000,230.782,9.007,3709.834151,-6963.049613,3350.740394,1471.831997,-2.926729,-3.764055,-5.288403,2433903.68,3922775.293,4394722.353,-0.765192672336321,-0.624476312286597,0.156555132767129
1 Jan 2025 01:00:58.000,230.678,8.996,3710.742524,-6965.973489,3346.974969,1466.542994,-2.92102,-3.7668,-5.28961,2433542.855,3922799.371,4394900.677,-0.764081136436569,-0.625883251022073,0.156365511004958
1 Jan 2025 01:00:59.000,230.574,8.985,3711.659667,-6968.891656,3343.206802,1461.252785,-2.915309,-3.769542,-5.290812,2433182.052,3922823.419,4395078.976,-0.762966985865323,-0.627288188872568,0.156175883479356
1 Jan 2025 01:01:00.000,230.47,8.974,3712.585567,-6971.804111,3339.435894,1455.961377,-2.909596,-3.77228,-5.29201,2432821.244,3922847.44,4395257.267,-0.761850224265505,-0.62869112092981,0.155986250197313
1 Jan 2025 01:01:01.000,230.366,8.963,3713.520218,-6974.710851,3335.662249,1450.668772,-2.903881,-3.775016,-5.293204,2432460.4,3922871.436,4395435.563,-0.760730855289335,-0.630092042292238,0.155796611165818
1 Jan 2025 01:01:02.000,230.262,8.952,3714.463613,-6977.611875,3331.88587,1445.374976,-2.898163,-3.777748,-5.294393,2432099.549,3922895.405,4395613.849,-0.759608882598324,-0.631490948065012,0.155606966391862
1 Jan 2025 01:01:03.000,230.158,8.941,3715.415748,-6980.507179,3328.106759,1440.079993,-2.892442,-3.780478,-5.295578,2431738.692,3922919.347,4395792.126,-0.758484309863256,-0.632887833360036,0.155417315882433
1 Jan 2025 01:01:04.000,230.054,8.929,3716.376608,-6983.396762,3324.324922,1434.783827,-2.88672,-3.783204,-5.296759,2431377.858,3922943.259,4395970.38,-0.757359217682652,-0.634284432704469,0.155210417884535
1 Jan 2025 01:01:05.000,229.95,8.918,3717.346188,-6986.280621,3320.540359,1429.486482,-2.880995,-3.785927,-5.297935,2431017.018,3922967.144,4396148.625,-0.756229450214237,-0.635677264043813,0.155020755405345
1 Jan 2025 01:01:06.000,229.846,8.906,3718.324483,-6989.158754,3316.753074,1424.187964,-2.875267,-3.788647,-5.299107,2430656.142,3922991.004,4396326.874,-0.755099159070526,-0.637069802740283,0.154813844366196
1 Jan 2025 01:01:07.000,229.743,8.894,3719.311479,-6992.031158,3312.963072,1418.888275,-2.869537,-3.791364,-5.300275,2430295.26,3923014.837,4396505.115,-0.753977414164061,-0.638447145187071,0.154606926536151
1 Jan 2025 01:01:08.000,229.639,8.883,3720.307171,-6994.897831,3309.170353,1413.587422,-2.863805,-3.794078,-5.301438,2429934.4,3923038.641,4396683.332,-0.752839903722108,-0.63983387963761,0.154417245900749
1 Jan 2025 01:01:09.000,229.535,8.871,3721.311554,-6997.758771,3305.374922,1408.285407,-2.858071,-3.796789,-5.302597,2429573.506,3923062.419,4396861.554,-0.751701863219529,-0.641220311246576,0.154210315080193
1 Jan 2025 01:01:10.000,229.432,8.859,3722.324613,-7000.613975,3301.576782,1402.982235,-2.852334,-3.799497,-5.303752,2429212.633,3923086.169,4397039.752,-0.750572452440732,-0.64259159141493,0.154003377495215
1 Jan 2025 01:01:11.000,229.328,8.847,3723.346343,-7003.463441,3297.775936,1397.677911,-2.846594,-3.802201,-5.304902,2428851.726,3923109.893,4397217.956,-0.749429268353956,-0.643973934940915,0.153796433154892
1 Jan 2025 01:01:12.000,229.225,8.835,3724.376739,-7006.307166,3293.972387,1392.372439,-2.840853,-3.804903,-5.306048,2428490.812,3923133.589,4397396.15,-0.748294769450194,-0.645341157072343,0.153589482068304
1 Jan 2025 01:01:13.000,229.122,8.822,3725.415785,-7009.145149,3290.166138,1387.065823,-2.835109,-3.807601,-5.307189,2428129.921,3923157.257,4397574.321,-0.747159767937738,-0.646708104824934,0.153365277455387
1 Jan 2025 01:01:14.000,229.018,8.81,3726.463478,-7011.977386,3286.357192,1381.758068,-2.829363,-3.810297,-5.308326,2427769.023,3923180.898,4397752.483,-0.746008902511923,-0.648084291379701,0.153158312343234
1 Jan 2025 01:01:15.000,228.915,8.798,3727.519811,-7014.803876,3282.545552,1376.449178,-2.823614,-3.812989,-5.309459,2427408.091,3923204.513,4397930.65,-0.744866805159888,-0.649445401867037,0.152951340512805
1 Jan 2025 01:01:16.000,228.812,8.785,3728.584769,-7017.624617,3278.731222,1371.139157,-2.817863,-3.815678,-5.310587,2427047.151,3923228.101,4398108.807,-0.743724198380499,-0.650806227350177,0.152727113458983
1 Jan 2025 01:01:17.000,228.709,8.773,3729.65835,-7020.439605,3274.914204,1365.82801,-2.81211,-3.818364,-5.311712,2426686.206,3923251.662,4398286.956,-0.742577067773549,-0.652163253392137,0.152520127661307
1 Jan 2025 01:01:18.000,228.606,8.76,3730.740538,-7023.248838,3271.094502,1360.515742,-2.806354,-3.821046,-5.312831,2426325.283,3923275.193,4398465.081,-0.741429423171373,-0.653519987235474,0.152295885497646
1 Jan 2025 01:01:19.000,228.503,8.747,3731.83133,-7026.052316,3267.272118,1355.202355,-2.800596,-3.823726,-5.313947,2425964.354,3923298.698,4398643.196,-0.740279262183547,-0.654874668665114,0.15207163549374
1 Jan 2025 01:01:20.000,228.4,8.734,3732.930717,-7028.850033,3263.447057,1349.887856,-2.794836,-3.826403,-5.315058,2425603.39,3923322.177,4398821.317,-0.739126588540037,-0.656227292948566,0.151847377661134
1 Jan 2025 01:01:21.000,228.297,8.721,3734.038686,-7031.64199,3259.619321,1344.572248,-2.789074,-3.829076,-5.316164,2425242.419,3923345.629,4398999.428,-0.737971405979821,-0.657577855360225,0.151623112011373
1 Jan 2025 01:01:22.000,228.195,8.708,3735.15523,-7034.428183,3255.788913,1339.255535,-2.783309,-3.831746,-5.317266,2424881.471,3923369.052,4399177.516,-0.736825218573007,-0.658913491255669,0.151398838556002
1 Jan 2025 01:01:23.000,228.092,8.695,3736.280344,-7037.20861,3251.955836,1333.937722,-2.777542,-3.834413,-5.318364,2424520.487,3923392.45,4399355.609,-0.73566505293201,-0.660259936023462,0.151174557306567
1 Jan 2025 01:01:24.000,227.99,8.682,3737.414012,-7039.983269,3248.120093,1328.618814,-2.771772,-3.837077,-5.319458,2424159.527,3923415.818,4399533.679,-0.734513936670543,-0.661591485241886,0.150950268274614
1 Jan 2025 01:01:25.000,227.887,8.668,3738.556229,-7042.752157,3244.281688,1323.298814,-2.766001,-3.839738,-5.320547,2423798.531,3923439.162,4399711.754,-0.73335075424533,-0.662935557729606,0.15070871754992
1 Jan 2025 01:01:26.000,227.785,8.655,3739.706987,-7045.515272,3240.440624,1317.977727,-2.760227,-3.842396,-5.321632,2423437.528,3923462.478,4399889.819,-0.732194717896971,-0.664263002666157,0.15048441239117
1 Jan 2025 01:01:27.000,227.682,8.641,3740.866273,-7048.272613,3236.596904,1312.655558,-2.75445,-3.84505,-5.322712,2423076.549,3923485.765,4400067.861,-0.731026563892795,-0.66560292262875,0.150242844325977
1 Jan 2025 01:01:28.000,227.58,8.628,3742.034082,-7051.024176,3232.750531,1307.332311,-2.748672,-3.847702,-5.323788,2422715.563,3923509.025,4400245.893,-0.729865622350914,-0.666926244827819,0.15001852309024
1 Jan 2025 01:01:29.000,227.478,8.614,3743.210399,-7053.769959,3228.901508,1302.007989,-2.742891,-3.85035,-5.32486,2422354.542,3923532.259,4400423.931,-0.728704175115753,-0.668249275413479,0.149776937738192
1 Jan 2025 01:01:30.000,227.376,8.6,3744.395218,-7056.509961,3225.049838,1296.682598,-2.737108,-3.852995,-5.325927,2421993.514,3923555.466,4400601.96,-0.727540286866856,-0.669570244296194,0.14953534344371
1 Jan 2025 01:01:31.000,227.273,8.586,3745.588532,-7059.244178,3221.195524,1291.356142,-2.731323,-3.855637,-5.32699,2421632.48,3923578.646,4400779.979,-0.726362251998694,-0.670901824414083,0.149293740221218
1 Jan 2025 01:01:32.000,227.171,8.572,3746.790326,-7061.972609,3217.338571,1286.028626,-2.725535,-3.858276,-5.328049,2421271.469,3923601.797,4400957.975,-0.725193469937061,-0.672218635768108,0.149052128085141
1 Jan 2025 01:01:33.000,227.07,8.558,3748.000596,-7064.695251,3213.47898,1280.700052,-2.719746,-3.860912,-5.329103,2420910.452,3923624.921,4401135.961,-0.724034013377603,-0.673520734991783,0.148810507049904
1 Jan 2025 01:01:34.000,226.968,8.544,3749.219327,-7067.412102,3209.616755,1275.370427,-2.713954,-3.863544,-5.330153,2420549.399,3923648.02,4401313.953,-0.722860398457093,-0.674833411362243,0.148568877129935
1 Jan 2025 01:01:35.000,226.866,8.53,3750.446512,-7070.123161,3205.751899,1270.039755,-2.708159,-3.866173,-5.331198,2420188.34,3923671.091,4401491.935,-0.721684361257944,-0.676144003213993,0.148327238339658
1 Jan 2025 01:01:36.000,226.764,8.515,3751.682144,-7072.828424,3201.884415,1264.708039,-2.702363,-3.8688,-5.332239,2419827.304,3923694.133,4401669.894,-0.72050778840997,-0.677454276352427,0.148068329808856
1 Jan 2025 01:01:37.000,226.663,8.501,3752.926208,-7075.527889,3198.014307,1259.375284,-2.696564,-3.871423,-5.333276,2419466.261,3923717.148,4401847.843,-0.719338758258284,-0.678748131274595,0.147826672690267
1 Jan 2025 01:01:38.000,226.561,8.486,3754.178699,-7078.221554,3194.141577,1254.041495,-2.690763,-3.874042,-5.334308,2419105.184,3923740.138,4402025.798,-0.718157363671393,-0.680054234433887,0.147567744555152
1 Jan 2025 01:01:39.000,226.459,8.472,3755.439603,-7080.909418,3190.266229,1248.706675,-2.68496,-3.876659,-5.335336,2418744.1,3923763.1,4402203.744,-0.716971685475314,-0.68135646439258,0.14732606917016
1 Jan 2025 01:01:40.000,226.358,8.457,3756.708914,-7083.591477,3186.388266,1243.37083,-2.679155,-3.879273,-5.33636,2418383.009,3923786.036,4402381.68,-0.715797376039254,-0.682645865899652,0.147067121497065
1 Jan 2025 01:01:41.000,226.257,8.442,3757.986617,-7086.26773,3182.507691,1238.033964,-2.673347,-3.881883,-5.337379,2418021.941,3923808.942,4402559.592,-0.714620699591415,-0.683933197595751,0.146808163744148
1 Jan 2025 01:01:42.000,226.156,8.427,3759.272705,-7088.938174,3178.624508,1232.696081,-2.667537,-3.88449,-5.338393,2417660.868,3923831.821,4402737.496,-0.713441659861095,-0.685218455054417,0.146549195929159
1 Jan 2025 01:01:43.000,226.054,8.412,3760.567171,-7091.602807,3174.738718,1227.357185,-2.661725,-3.887094,-5.339404,2417299.758,3923854.675,4402915.404,-0.712248278763694,-0.686514065038169,0.146290218069847
1 Jan 2025 01:01:44.000,225.953,8.397,3761.869998,-7094.261627,3170.850327,1222.01728,-2.655911,-3.889695,-5.34041,2416938.643,3923877.501,4403093.303,-0.711064501330792,-0.68779514010943,0.146031230183961
1 Jan 2025 01:01:45.000,225.852,8.382,3763.181183,-7096.914632,3166.959336,1216.676373,-2.650095,-3.892292,-5.341412,2416577.55,3923900.299,4403271.179,-0.709878371890166,-0.689074127664053,0.145772232289252
1 Jan 2025 01:01:46.000,225.751,8.367,3764.50071,-7099.561819,3163.065749,1211.334465,-2.644276,-3.894887,-5.342409,2416216.422,3923923.071,4403449.06,-0.708689894204762,-0.69035102330318,0.145513224403472
1 Jan 2025 01:01:47.000,225.65,8.352,3765.828574,-7102.203187,3159.16957,1205.991563,-2.638456,-3.897478,-5.343402,2415855.317,3923945.814,4403626.917,-0.707499072045889,-0.691625822634878,0.145254206544373
1 Jan 2025 01:01:48.000,225.55,8.336,3767.164758,-7104.838733,3155.270801,1200.64767,-2.632633,-3.900066,-5.34439,2415494.176,3923968.532,4403804.779,-0.706319808868274,-0.692887965874935,0.144977909855189
1 Jan 2025 01:01:49.000,225.449,8.321,3768.509256,-7107.468455,3151.369445,1195.30279,-2.626808,-3.902651,-5.345374,2415133.029,3923991.222,4403982.632,-0.705124324937575,-0.694158580318809,0.144718871440821
1 Jan 2025 01:01:50.000,225.348,8.305,3769.86206,-7110.092351,3147.465506,1189.956929,-2.62098,-3.905233,-5.346354,2414771.905,3924013.884,4404160.462,-0.703928301382299,-0.695428857205718,0.144442552866459
1 Jan 2025 01:01:51.000,225.248,8.289,3771.223154,-7112.710419,3143.558987,1184.610091,-2.615151,-3.907811,-5.347329,2414410.775,3924036.518,4404338.282,-0.702742095152387,-0.69668475499226,0.14416622302817
1 Jan 2025 01:01:52.000,225.147,8.274,3772.592533,-7115.322656,3139.649891,1179.262279,-2.609319,-3.910386,-5.3483,2414049.609,3924059.127,4404516.107,-0.701539632624362,-0.697949049001249,0.143907153594002
1 Jan 2025 01:01:53.000,225.047,8.258,3773.97018,-7117.92906,3135.738222,1173.913498,-2.603486,-3.912958,-5.349266,2413688.437,3924081.709,4404693.923,-0.700348825956442,-0.69920076852091,0.143630801993174
1 Jan 2025 01:01:54.000,224.947,8.242,3775.356091,-7120.52963,3131.823982,1168.563754,-2.59765,-3.915527,-5.350229,2413327.259,3924104.263,4404871.73,-0.699155732370795,-0.700450402710345,0.143354439191722
1 Jan 2025 01:01:55.000,224.846,8.226,3776.75025,-7123.124363,3127.907175,1163.213049,-2.591812,-3.918093,-5.351186,2412966.104,3924126.789,4405049.513,-0.697948108566878,-0.70171012890177,0.143078065211194
1 Jan 2025 01:01:56.000,224.746,8.21,3778.152651,-7125.713257,3123.987804,1157.861389,-2.585972,-3.920655,-5.35214,2412604.942,3924149.287,4405227.287,-0.696750430652736,-0.702955558732922,0.142801680073145
1 Jan 2025 01:01:57.000,224.646,8.193,3779.563278,-7128.29631,3120.065872,1152.508778,-2.58013,-3.923214,-5.353089,2412243.746,3924171.76,4405405.066,-0.695552225063803,-0.704200660093252,0.142508008662743
1 Jan 2025 01:01:58.000,224.546,8.177,3780.982127,-7130.873519,3116.141382,1147.155219,-2.574285,-3.92577,-5.354033,2411882.542,3924194.206,4405582.836,-0.694349993202039,-0.705441888986381,0.142231600580375
1 Jan 2025 01:01:59.000,224.446,8.161,3782.40918,-7133.444883,3112.214338,1141.800719,-2.568439,-3.928323,-5.354973,2411521.362,3924216.622,4405760.582,-0.693145493273287,-0.706681011225561,0.141955181406493
1 Jan 2025 01:02:00.000,224.347,8.144,3783.844432,-7136.010399,3108.284743,1136.445281,-2.56259,-3.930873,-5.355909,2411160.146,3924239.014,4405938.334,-0.691952812817911,-0.707907714073201,0.141661473905349
1 Jan 2025 01:02:01.000,224.247,8.128,3785.287867,-7138.570066,3104.3526,1131.088909,-2.556739,-3.933419,-5.35684,2410798.954,3924261.376,4406116.061,-0.690743803218576,-0.709142630972912,0.141385031923299
1 Jan 2025 01:02:02.000,224.147,8.111,3786.739477,-7141.123881,3100.417912,1125.731608,-2.550887,-3.935962,-5.357767,2410437.726,3924283.713,4406293.794,-0.689534252149206,-0.71037719565764,0.141091300237194
1 Jan 2025 01:02:03.000,224.048,8.095,3788.199254,-7143.671842,3096.480682,1120.373382,-2.545032,-3.938502,-5.35869,2410076.491,3924306.023,4406471.518,-0.688333146282219,-0.71159585568034,0.140814835538681
1 Jan 2025 01:02:04.000,223.948,8.078,3789.66718,-7146.213947,3092.540915,1115.014236,-2.539175,-3.941039,-5.359608,2409715.28,3924328.303,4406649.217,-0.687119095171888,-0.712826188626533,0.140521079765054
1 Jan 2025 01:02:05.000,223.849,8.061,3791.143251,-7148.750194,3088.598612,1109.654174,-2.533316,-3.943573,-5.360522,2409354.062,3924350.557,4406826.908,-0.685915248200602,-0.71404241706045,0.140227311620733
1 Jan 2025 01:02:06.000,223.75,8.044,3792.627449,-7151.280581,3084.653777,1104.293201,-2.527454,-3.946103,-5.361431,2408992.809,3924372.785,4407004.604,-0.684709189317632,-0.715256550427214,0.139933531131579
1 Jan 2025 01:02:07.000,223.651,8.027,3794.11977,-7153.805106,3080.706413,1098.93132,-2.521591,-3.94863,-5.362336,2408631.55,3924394.986,4407182.29,-0.68350092227555,-0.716468584607468,0.139639738323457
1 Jan 2025 01:02:08.000,223.551,8.01,3795.620195,-7156.323766,3076.756525,1093.568536,-2.515726,-3.951154,-5.363237,2408270.284,3924417.16,4407359.967,-0.682277924877769,-0.717690423594262,0.139345933222229
1 Jan 2025 01:02:09.000,223.452,7.993,3797.128721,-7158.83656,3072.804114,1088.204855,-2.509858,-3.953674,-5.364133,2407909.042,3924439.304,4407537.621,-0.681065231726155,-0.718898225905719,0.139052115853762
1 Jan 2025 01:02:10.000,223.354,7.975,3798.64533,-7161.343485,3068.849184,1082.840279,-2.503989,-3.956191,-5.365024,2407547.793,3924461.422,4407715.265,-0.679864572301811,-0.720093811775336,0.138741001768556
1 Jan 2025 01:02:11.000,223.255,7.958,3800.170015,-7163.84454,3064.891738,1077.474814,-2.498117,-3.958706,-5.365912,2407186.509,3924483.514,4407892.915,-0.678647503746031,-0.721297407288895,0.138447159225453
1 Jan 2025 01:02:12.000,223.156,7.941,3801.702761,-7166.339722,3060.93178,1072.108463,-2.492244,-3.961216,-5.366795,2406825.218,3924505.579,4408070.555,-0.67742824591894,-0.722498883105373,0.138153304494233
1 Jan 2025 01:02:13.000,223.057,7.923,3803.243561,-7168.82903,3056.969313,1066.741232,-2.486368,-3.963724,-5.367673,2406463.951,3924527.615,4408248.172,-0.676208445223727,-0.723699993114413,0.137842150934712
1 Jan 2025 01:02:14.000,222.959,7.905,3804.792399,-7171.312461,3053.004339,1061.373125,-2.48049,-3.966228,-5.368547,2406102.677,3924549.623,4408425.779,-0.67499910135844,-0.724887192374343,0.137530983770715
1 Jan 2025 01:02:15.000,222.86,7.888,3806.349268,-7173.790013,3049.036863,1056.004146,-2.47461,-3.968729,-5.369417,2405741.368,3924571.607,4408603.391,-0.673773306348663,-0.726082304183865,0.137237091207299
1 Jan 2025 01:02:16.000,222.762,7.87,3807.914154,-7176.261685,3045.066888,1050.634299,-2.468729,-3.971227,-5.370282,2405380.053,3924593.563,4408780.994,-0.672559653209172,-0.727265296449798,0.136925897678073
1 Jan 2025 01:02:17.000,222.664,7.852,3809.487044,-7178.727473,3041.094416,1045.263589,-2.462845,-3.973722,-5.371143,2405018.731,3924615.492,4408958.588,-0.671343858050549,-0.728446189200384,0.136614690634803
1 Jan 2025 01:02:18.000,222.565,7.834,3811.067929,-7181.187377,3037.119451,1039.892021,-2.456959,-3.976213,-5.372,2404657.433,3924637.392,4409136.158,-0.670113190164614,-0.729636674245385,0.136303470108203
1 Jan 2025 01:02:19.000,222.467,7.816,3812.656795,-7183.641394,3033.141997,1034.519598,-2.451071,-3.978701,-5.372852,2404296.128,3924659.264,4409313.719,-0.668893101694701,-0.730813334729108,0.135992236128991
1 Jan 2025 01:02:20.000,222.369,7.798,3814.253634,-7186.089521,3029.162056,1029.146326,-2.445181,-3.981186,-5.373699,2403934.788,3924681.112,4409491.285,-0.667670882521387,-0.731987883732331,0.135680988727882
1 Jan 2025 01:02:21.000,222.271,7.78,3815.85843,-7188.531758,3025.179632,1023.772208,-2.439289,-3.983668,-5.374542,2403573.442,3924702.932,4409668.842,-0.666446536419472,-0.733160317292973,0.135369727935597
1 Jan 2025 01:02:22.000,222.173,7.762,3817.471175,-7190.968102,3021.194728,1018.397249,-2.433395,-3.986146,-5.375381,2403212.118,3924724.723,4409846.375,-0.665220067171282,-0.734330631455899,0.135058453782856
1 Jan 2025 01:02:23.000,222.076,7.744,3819.091853,-7193.398551,3017.207347,1013.021453,-2.427499,-3.988621,-5.376216,2402850.76,3924746.488,4410023.913,-0.664004315341624,-0.735487233323407,0.134747166300379
1 Jan 2025 01:02:24.000,221.978,7.725,3820.720458,-7195.823104,3013.217493,1007.644825,-2.421601,-3.991093,-5.377046,2402489.424,3924768.225,4410201.428,-0.662775200772755,-0.736655062500268,0.134418570641707
1 Jan 2025 01:02:25.000,221.88,7.707,3822.356972,-7198.241757,3009.225168,1002.26737,-2.415701,-3.993561,-5.377871,2402128.053,3924789.936,4410378.947,-0.661542398556655,-0.737819014961502,0.134107255855704
1 Jan 2025 01:02:26.000,221.783,7.688,3824.001389,-7200.654509,3005.230377,996.889091,-2.409799,-3.996027,-5.378692,2401766.676,3924811.62,4410556.458,-0.660321941774316,-0.738971048810477,0.13377863144516
1 Jan 2025 01:02:27.000,221.686,7.67,3825.653691,-7203.061358,3001.233122,991.509993,-2.403895,-3.998489,-5.379509,2401405.321,3924833.276,4410733.944,-0.659097858702071,-0.740119243967991,0.133467289485455
1 Jan 2025 01:02:28.000,221.588,7.651,3827.313872,-7205.462302,2997.233407,986.130081,-2.397989,-4.000947,-5.380321,2401043.961,3924854.903,4410911.422,-0.657860320370373,-0.741278559223009,0.133138636460083
1 Jan 2025 01:02:29.000,221.491,7.632,3828.981917,-7207.85734,2993.231234,980.749358,-2.392081,-4.003403,-5.381129,2400682.565,3924876.506,4411088.904,-0.656633629981574,-0.742424264262823,0.132809968793869
1 Jan 2025 01:02:30.000,221.394,7.613,3830.657811,-7210.246468,2989.226608,975.36783,-2.386172,-4.005855,-5.381933,2400321.163,3924898.081,4411266.377,-0.655404873676988,-0.743567858558769,0.132481286522957
1 Jan 2025 01:02:31.000,221.297,7.594,3832.341548,-7212.629686,2985.219532,969.985501,-2.38026,-4.008304,-5.382732,2399959.755,3924919.629,4411443.841,-0.654174055223293,-0.744709338274108,0.132152589683489
1 Jan 2025 01:02:32.000,221.2,7.575,3834.033111,-7215.006991,2981.210008,964.602375,-2.374346,-4.01075,-5.383526,2399598.37,3924941.148,4411621.282,-0.65294117839446,-0.745848699579036,0.131823878311613
1 Jan 2025 01:02:33.000,221.103,7.556,3835.732492,-7217.378381,2977.19804,959.218456,-2.36843,-4.013192,-5.384317,2399236.978,3924962.64,4411798.713,-0.651706246971745,-0.746985938650702,0.131495152443475
1 Jan 2025 01:02:34.000,221.006,7.537,3837.439674,-7219.743854,2973.183631,953.833749,-2.362513,-4.015631,-5.385103,2398875.552,3924984.107,4411976.149,-0.650469264743669,-0.748121051673223,0.131166412115225
1 Jan 2025 01:02:35.000,220.91,7.518,3839.154651,-7222.103409,2969.166786,948.448259,-2.356593,-4.018067,-5.385884,2398514.119,3925005.546,4412153.575,-0.649243312356971,-0.749242703518365,0.130837657363012
1 Jan 2025 01:02:36.000,220.813,7.499,3840.877406,-7224.457043,2965.147506,943.06199,-2.350671,-4.020499,-5.386661,2398152.709,3925026.956,4412330.979,-0.648002259649994,-0.750373574683505,0.130508888222989
1 Jan 2025 01:02:37.000,220.717,7.479,3842.607926,-7226.804755,2961.125795,937.674946,-2.344748,-4.022928,-5.387433,2397791.264,3925048.341,4412508.387,-0.646773765627194,-0.751492742219219,0.130162799940144
1 Jan 2025 01:02:38.000,220.621,7.46,3844.346204,-7229.146542,2957.101656,932.287131,-2.338822,-4.025354,-5.388201,2397429.841,3925069.697,4412685.771,-0.645541786467325,-0.752608087924982,0.129834001380518
1 Jan 2025 01:02:39.000,220.524,7.44,3846.092221,-7231.482402,2953.075094,926.898551,-2.332895,-4.027777,-5.388965,2397068.384,3925091.027,4412863.161,-0.644296128091065,-0.753734295151595,0.129487882209847
1 Jan 2025 01:02:40.000,220.428,7.421,3847.845972,-7233.812335,2949.04611,921.509209,-2.326966,-4.030196,-5.389724,2396706.92,3925112.33,4413040.541,-0.64306014112988,-0.754845410372825,0.129159054382958
1 Jan 2025 01:02:41.000,220.332,7.401,3849.607437,-7236.136337,2945.014709,916.11911,-2.321034,-4.032612,-5.390479,2396345.479,3925133.605,4413217.898,-0.641823624074319,-0.755956130485288,0.128812904484826
1 Jan 2025 01:02:42.000,220.236,7.381,3851.37661,-7238.454407,2940.980894,910.728259,-2.315101,-4.035025,-5.39123,2395984.032,3925154.852,4413395.245,-0.640585112127179,-0.757064733770938,0.128466738891232
1 Jan 2025 01:02:43.000,220.14,7.361,3853.153476,-7240.766542,2936.944667,905.336659,-2.309166,-4.037434,-5.391976,2395622.55,3925176.073,4413572.598,-0.639344609062186,-0.758171216528312,0.128120557644355
1 Jan 2025 01:02:44.000,220.045,7.342,3854.938021,-7243.072742,2932.906033,899.944316,-2.303229,-4.03984,-5.392717,2395261.062,3925197.268,4413749.941,-0.638113935513249,-0.759262730632142,0.127791670999389
1 Jan 2025 01:02:45.000,219.949,7.322,3856.730235,-7245.373004,2928.864995,894.551234,-2.29729,-4.042243,-5.393454,2394899.567,3925218.435,4413927.275,-0.636869487542263,-0.760364985206932,0.127445459349937
1 Jan 2025 01:02:46.000,219.853,7.302,3858.530103,-7247.667326,2924.821555,889.157416,-2.29135,-4.044642,-5.394187,2394538.096,3925239.573,4414104.585,-0.635623059768278,-0.761465108243438,0.127099232171642
1 Jan 2025 01:02:47.000,219.758,7.281,3860.337616,-7249.955706,2920.775718,883.762868,-2.285407,-4.047038,-5.394915,2394176.618,3925260.684,4414281.886,-0.634389379877435,-0.762553724587499,0.126735676967676
1 Jan 2025 01:02:48.000,219.662,7.261,3862.152759,-7252.238143,2916.727486,878.367594,-2.279462,-4.049431,-5.395639,2393815.105,3925281.77,4414459.192,-0.633139016327452,-0.763649593072307,0.126389418087142
1 Jan 2025 01:02:49.000,219.567,7.241,3863.975517,-7254.514634,2912.676863,872.971599,-2.273516,-4.051821,-5.396358,2393453.586,3925302.828,4414636.489,-0.631900031567273,-0.764732290415847,0.126043143806441
1 Jan 2025 01:02:50.000,219.472,7.221,3865.805883,-7256.785178,2908.623852,867.574886,-2.267568,-4.054207,-5.397073,2393092.09,3925323.858,4414813.762,-0.630659120138528,-0.76581288513476,0.125696854167766
1 Jan 2025 01:02:51.000,219.377,7.2,3867.643839,-7259.049773,2904.568456,862.17746,-2.261618,-4.05659,-5.397784,2392730.588,3925344.86,4414991.025,-0.629417673635363,-0.766893064696613,0.125333233564304
1 Jan 2025 01:02:52.000,219.282,7.18,3869.489377,-7261.308417,2900.51068,856.779327,-2.255666,-4.058969,-5.39849,2392369.05,3925365.837,4415168.294,-0.628172913398005,-0.767969441161795,0.124986912573692
1 Jan 2025 01:02:53.000,219.187,7.159,3871.342483,-7263.561107,2896.450525,851.380489,-2.249712,-4.061345,-5.399191,2392007.506,3925386.786,4415345.553,-0.626927612109403,-0.769045390373793,0.124623259143798
1 Jan 2025 01:02:54.000,219.092,7.139,3873.20314,-7265.807843,2892.387996,845.980952,-2.243756,-4.063718,-5.399889,2391645.957,3925407.708,4415522.804,-0.625679018036207,-0.770117534393993,0.124276906978588
1 Jan 2025 01:02:55.000,218.998,7.118,3875.07134,-7268.048623,2888.323096,840.58072,-2.237799,-4.066088,-5.400581,2391284.43,3925428.602,4415700.03,-0.624443336705911,-0.771178340546255,0.123913220908475
1 Jan 2025 01:02:56.000,218.903,7.097,3876.94707,-7270.283443,2884.255827,835.179797,-2.231839,-4.068454,-5.40127,2390922.897,3925449.468,4415877.247,-0.623192296750247,-0.77224793805202,0.12354951819232
1 Jan 2025 01:02:57.000,218.809,7.077,3878.830313,-7272.512304,2880.186194,829.778189,-2.225878,-4.070817,-5.401954,2390561.329,3925470.309,4416054.469,-0.621951492205427,-0.773302872590961,0.123203119221916
1 Jan 2025 01:02:58.000,218.714,7.056,3880.721062,-7274.735202,2876.1142,824.375898,-2.219915,-4.073177,-5.402633,2390199.754,3925491.122,4416231.682,-0.620696653715726,-0.774368226213115,0.122839384147164
1 Jan 2025 01:02:59.000,218.62,7.035,3882.619298,-7276.952136,2872.039848,818.97293,-2.21395,-4.075533,-5.403308,2389838.203,3925511.907,4416408.872,-0.619453442683013,-0.775420628932831,0.122475632570626
1 Jan 2025 01:03:00.000,218.526,7.014,3884.525014,-7279.163105,2867.963142,813.56929,-2.207983,-4.077886,-5.403979,2389476.616,3925532.666,4416586.066,-0.618208366034911,-0.776470932297356,0.122111864541167
1 Jan 2025 01:03:01.000,218.432,6.993,3886.438194,-7281.368106,2863.884084,808.164981,-2.202015,-4.080235,-5.404645,2389115.053,3925553.396,4416763.237,-0.616961427481503,-0.777519132877183,0.121748080107654
1 Jan 2025 01:03:02.000,218.338,6.971,3888.358823,-7283.567137,2859.802678,802.760008,-2.196044,-4.082582,-5.405307,2388753.454,3925574.101,4416940.412,-0.615713944784133,-0.778566888851992,0.121366955064755
1 Jan 2025 01:03:03.000,218.244,6.95,3890.286893,-7285.760197,2855.718928,797.354376,-2.190072,-4.084924,-5.405964,2388391.849,3925594.778,4417117.578,-0.614463286917861,-0.779610870767715,0.121003137194474
1 Jan 2025 01:03:04.000,218.15,6.929,3892.222388,-7287.947284,2851.632837,791.948089,-2.184098,-4.087264,-5.406617,2388030.267,3925615.427,4417294.721,-0.613210778328037,-0.780652739633526,0.120639303069081
1 Jan 2025 01:03:05.000,218.057,6.908,3894.165294,-7290.128396,2847.544407,786.541151,-2.178122,-4.0896,-5.407265,2387668.679,3925636.048,4417471.855,-0.611970065765148,-0.781681811273744,0.120275452737452
1 Jan 2025 01:03:06.000,217.963,6.886,3896.115601,-7292.303531,2843.453644,781.133567,-2.172145,-4.091933,-5.407909,2387307.055,3925656.644,4417648.993,-0.610715172382913,-0.782721115667116,0.119894258870615
1 Jan 2025 01:03:07.000,217.87,6.865,3898.073295,-7294.472688,2839.360549,775.725341,-2.166165,-4.094263,-5.408549,2386945.426,3925677.212,4417826.122,-0.609470824571177,-0.783746006897396,0.119530375507302
1 Jan 2025 01:03:08.000,217.776,6.843,3900.038359,-7296.635865,2835.265126,770.316478,-2.160184,-4.096589,-5.409184,2386583.79,3925697.754,4418003.242,-0.6082122539613,-0.784781074482791,0.119149147143197
1 Jan 2025 01:03:09.000,217.683,6.822,3902.010786,-7298.79306,2831.167379,764.906982,-2.154201,-4.098911,-5.409814,2386222.178,3925718.266,4418180.338,-0.60696428567792,-0.785801771962178,0.118785230953152
1 Jan 2025 01:03:10.000,217.59,6.8,3903.99056,-7300.94427,2827.06731,759.496857,-2.148216,-4.101231,-5.410441,2385860.559,3925738.752,4418357.425,-0.605715785569899,-0.786822017613077,0.118403968306501
1 Jan 2025 01:03:11.000,217.497,6.778,3905.977665,-7303.089495,2822.964924,754.086109,-2.14223,-4.103547,-5.411062,2385498.905,3925759.212,4418534.516,-0.604465483368485,-0.787840164300758,0.118022688202981
1 Jan 2025 01:03:12.000,217.404,6.756,3907.972094,-7305.228733,2818.860224,748.674741,-2.136242,-4.10586,-5.41168,2385137.245,3925779.644,4418711.599,-0.603213382783193,-0.788856208713418,0.117641390698806
1 Jan 2025 01:03:13.000,217.311,6.734,3909.97383,-7307.361982,2814.753212,743.262758,-2.130252,-4.108169,-5.412292,2384775.609,3925800.048,4418888.658,-0.601959487529805,-0.789870147546077,0.117260075850193
1 Jan 2025 01:03:14.000,217.218,6.713,3911.982858,-7309.489239,2810.643893,737.850165,-2.12426,-4.110475,-5.412901,2384413.965,3925820.424,4419065.707,-0.6007025673953,-0.790880352911238,0.116896077366567
1 Jan 2025 01:03:15.000,217.126,6.691,3913.999169,-7311.610504,2806.532269,732.436965,-2.118266,-4.112778,-5.413505,2384052.287,3925840.775,4419242.762,-0.599458921631609,-0.791879611591081,0.11651472877979
1 Jan 2025 01:03:16.000,217.033,6.668,3916.022748,-7313.725775,2802.418345,727.023163,-2.112271,-4.115077,-5.414104,2383690.603,3925861.099,4419419.807,-0.598200909624901,-0.792888857162155,0.116116027799926
1 Jan 2025 01:03:17.000,216.941,6.646,3918.05358,-7315.835049,2798.302123,721.608765,-2.106274,-4.117373,-5.414699,2383328.912,3925881.396,4419596.843,-0.596953746510662,-0.793883944083548,0.115734644135776
1 Jan 2025 01:03:18.000,216.849,6.624,3920.091655,-7317.938326,2794.183607,716.193773,-2.100275,-4.119665,-5.41529,2382967.245,3925901.663,4419773.855,-0.59570484220738,-0.794876952871238,0.115353243408308
1 Jan 2025 01:03:19.000,216.756,6.602,3922.136958,-7320.035603,2790.0628,710.778193,-2.094275,-4.121954,-5.415876,2382605.571,3925921.904,4419950.858,-0.594440309752526,-0.795878255415089,0.114971825673755
1 Jan 2025 01:03:20.000,216.664,6.58,3924.189473,-7322.126879,2785.939706,705.362029,-2.088272,-4.12424,-5.416458,2382243.863,3925942.119,4420127.865,-0.593187916747531,-0.796867076567894,0.114590390988349
1 Jan 2025 01:03:21.000,216.572,6.557,3926.249192,-7324.212151,2781.814327,699.945286,-2.082268,-4.126522,-5.417035,2381882.148,3925962.306,4420304.864,-0.591934981132405,-0.797855410793703,0.114191600299636
1 Jan 2025 01:03:22.000,216.48,6.535,3928.316099,-7326.291419,2777.686668,694.527967,-2.076263,-4.128801,-5.417608,2381520.427,3925982.467,4420481.853,-0.590679124846052,-0.798840050026405,0.113810131117197
1 Jan 2025 01:03:23.000,216.389,6.512,3930.390178,-7328.36468,2773.556732,689.110078,-2.070255,-4.131077,-5.418176,2381158.729,3926002.598,4420658.819,-0.589436679540798,-0.799813901371195,0.113411304486402
1 Jan 2025 01:03:24.000,216.297,6.49,3932.47142,-7330.431933,2769.424521,683.691623,-2.064246,-4.133349,-5.41874,2380797.025,3926022.703,4420835.775,-0.588177391808485,-0.800794368013237,0.113029801042237
1 Jan 2025 01:03:25.000,216.205,6.467,3934.55981,-7332.493176,2765.29004,678.272606,-2.058236,-4.135618,-5.4193,2380435.286,3926042.782,4421012.736,-0.58691754976936,-0.801774320751684,0.112630938715376
1 Jan 2025 01:03:26.000,216.114,6.444,3936.655332,-7334.548408,2761.153292,672.853032,-2.052223,-4.137884,-5.419855,2380073.541,3926062.833,4421189.688,-0.58566999333271,-0.802741941107558,0.112232058238872
1 Jan 2025 01:03:27.000,216.023,6.422,3938.757978,-7336.597626,2757.01428,667.432905,-2.046209,-4.140146,-5.420405,2379711.819,3926082.856,4421366.616,-0.584419601539463,-0.803705912763136,0.111850503467929
1 Jan 2025 01:03:28.000,215.931,6.399,3940.867731,-7338.640829,2752.873008,662.01223,-2.040193,-4.142404,-5.420951,2379350.09,3926102.852,4421543.535,-0.58315463638617,-0.804679572045782,0.111451587667159
1 Jan 2025 01:03:29.000,215.84,6.376,3942.984575,-7340.678015,2748.729479,656.591011,-2.034176,-4.14466,-5.421493,2378988.327,3926122.822,4421720.459,-0.581902018562596,-0.805640955297728,0.111052653906789
1 Jan 2025 01:03:30.000,215.749,6.353,3945.108502,-7342.709183,2744.583696,651.169252,-2.028156,-4.146911,-5.42203,2378626.558,3926142.764,4421897.373,-0.580647724307026,-0.806600259382053,0.110653702251104
1 Jan 2025 01:03:31.000,215.658,6.33,3947.239496,-7344.734331,2740.435663,645.746959,-2.022136,-4.14916,-5.422563,2378264.782,3926162.68,4422074.278,-0.579391757266905,-0.807557481244661,0.110254732764392
1 Jan 2025 01:03:32.000,215.567,6.307,3949.377544,-7346.753458,2736.285383,640.324135,-2.016113,-4.151405,-5.423091,2377903.03,3926182.567,4422251.16,-0.578134121095417,-0.808512617838129,0.109855745510945
1 Jan 2025 01:03:33.000,215.477,6.284,3951.522629,-7348.766561,2732.13286,634.900785,-2.010089,-4.153647,-5.423615,2377541.271,3926202.426,4422428.032,-0.576888947204666,-0.809455597633468,0.109456740555056
1 Jan 2025 01:03:34.000,215.386,6.261,3953.674742,-7350.773638,2727.978097,629.476913,-2.004063,-4.155885,-5.424135,2377179.477,3926222.26,4422604.909,-0.57562800035042,-0.810406576580984,0.109057717961021
1 Jan 2025 01:03:35.000,215.296,6.237,3955.833869,-7352.77469,2723.821097,624.052524,-1.998035,-4.15812,-5.42465,2376817.677,3926242.067,4422781.777,-0.574380651742374,-0.811346984213825,0.108641327822968
1 Jan 2025 01:03:36.000,215.205,6.214,3957.999994,-7354.769713,2719.661864,618.627622,-1.992006,-4.160351,-5.42516,2376455.901,3926261.845,4422958.621,-0.573116402265927,-0.812293789568768,0.108242269385719
1 Jan 2025 01:03:37.000,215.115,6.191,3960.173103,-7356.758705,2715.500402,613.202213,-1.985975,-4.16258,-5.425666,2376094.089,3926281.597,4423135.47,-0.571864695553779,-0.813228513760804,0.107843193506028
1 Jan 2025 01:03:38.000,215.025,6.167,3962.353186,-7358.741667,2711.336713,607.776299,-1.979943,-4.164804,-5.426168,2375732.3,3926301.321,4423312.296,-0.570612450604923,-0.814162714102242,0.10742674797421
1 Jan 2025 01:03:39.000,214.935,6.144,3964.540227,-7360.718595,2707.170801,602.349886,-1.973909,-4.167025,-5.426665,2375370.476,3926321.019,4423489.126,-0.569357512232197,-0.815093312607589,0.107027636651246
1 Jan 2025 01:03:40.000,214.845,6.12,3966.734211,-7362.689488,2703.002669,596.922978,-1.967873,-4.169243,-5.427157,2375008.646,3926340.689,4423665.947,-0.568102029848501,-0.816023373112627,0.10661115427526
1 Jan 2025 01:03:41.000,214.755,6.097,3968.935128,-7364.654344,2698.832321,591.49558,-1.961836,-4.171458,-5.427646,2374646.839,3926360.331,4423842.744,-0.566843874233152,-0.816949834229866,0.106212007777585
1 Jan 2025 01:03:42.000,214.665,6.073,3971.142962,-7366.613163,2694.659761,586.067696,-1.955797,-4.173669,-5.428129,2374285.026,3926379.946,4424019.532,-0.565585168916603,-0.817875743156119,0.105795488837681
1 Jan 2025 01:03:43.000,214.576,6.05,3973.3577,-7368.565941,2690.484991,580.63933,-1.949756,-4.175876,-5.428609,2373923.178,3926399.535,4424196.325,-0.564338101156378,-0.818788205803257,0.10539630743388
1 Jan 2025 01:03:44.000,214.486,6.026,3975.579326,-7370.512679,2686.308015,575.210487,-1.943714,-4.17808,-5.429083,2373561.323,3926419.097,4424373.109,-0.563076203540625,-0.819709973485826,0.104979752210334
1 Jan 2025 01:03:45.000,214.397,6.002,3977.807831,-7372.453373,2682.128837,569.781172,-1.93767,-4.180281,-5.429554,2373199.463,3926438.631,4424549.883,-0.561827026526807,-0.820619847403166,0.104563178567079
1 Jan 2025 01:03:46.000,214.307,5.978,3980.043198,-7374.388023,2677.94746,564.351389,-1.931625,-4.182479,-5.43002,2372837.626,3926458.137,4424726.634,-0.560561944591294,-0.821537457928939,0.104146586577207
1 Jan 2025 01:03:47.000,214.218,5.954,3982.285414,-7376.316626,2673.763887,558.921142,-1.925578,-4.184672,-5.430481,2372475.783,3926477.616,4424903.375,-0.559309622387743,-0.822443212822877,0.103729976313814
1 Jan 2025 01:03:48.000,214.129,5.93,3984.534463,-7378.239182,2669.578122,553.490436,-1.919529,-4.186863,-5.430938,2372113.904,3926497.069,4425080.121,-0.558055740883548,-0.823346914868173,0.103313347849997
1 Jan 2025 01:03:49.000,214.04,5.906,3986.790335,-7380.155689,2665.390169,548.059275,-1.913479,-4.18905,-5.43139,2371752.02,3926516.495,4425256.858,-0.556800303655192,-0.824248561248081,0.102896701258859
1 Jan 2025 01:03:50.000,213.951,5.882,3989.053015,-7382.066144,2661.20003,542.627663,-1.907428,-4.191234,-5.431839,2371390.158,3926535.892,4425433.571,-0.555543314284413,-0.825148149152372,0.102480036613503
1 Jan 2025 01:03:51.000,213.862,5.858,3991.322489,-7383.970547,2657.007709,537.195606,-1.901374,-4.193414,-5.432282,2371028.291,3926555.261,4425610.275,-0.5542847763582,-0.826045675777349,0.102063353987038
1 Jan 2025 01:03:52.000,213.774,5.834,3993.598742,-7385.868896,2652.813209,531.763108,-1.895319,-4.195591,-5.432721,2370666.389,3926574.606,4425786.984,-0.55303912623013,-0.826931486098157,0.101646653452574
1 Jan 2025 01:03:53.000,213.685,5.81,3995.881762,-7387.76119,2648.616535,526.330173,-1.889263,-4.197764,-5.433156,2370304.48,3926593.922,4425963.683,-0.551777517567832,-0.827824903798941,0.101229935083226
1 Jan 2025 01:03:54.000,213.597,5.785,3998.171535,-7389.647426,2644.417689,520.896805,-1.883205,-4.199934,-5.433586,2369942.565,3926613.212,4426140.373,-0.550529808393774,-0.828708108929079,0.100795834562272
1 Jan 2025 01:03:55.000,213.508,5.761,4000.468048,-7391.527603,2640.216675,515.463009,-1.877146,-4.2021,-5.434012,2369580.674,3926632.473,4426317.04,-0.549265136968769,-0.829597402122026,0.10037908000707
1 Jan 2025 01:03:56.000,213.42,5.737,4002.771282,-7393.40172,2636.013496,510.02879,-1.871084,-4.204263,-5.434433,2369218.776,3926651.707,4426493.697,-0.548013429552998,-0.830475055640435,0.0999623078393921
1 Jan 2025 01:03:57.000,213.332,5.712,4005.081231,-7395.269776,2631.808156,504.594152,-1.865022,-4.206423,-5.43485,2368856.844,3926670.915,4426670.359,-0.546761180486351,-0.831352126700338,0.0995281515150231
1 Jan 2025 01:03:58.000,213.244,5.688,4007.397876,-7397.131767,2627.600658,499.159099,-1.858958,-4.208579,-5.435262,2368494.905,3926690.096,4426847.011,-0.545506477869481,-0.832225705063923,0.0991113436156032
1 Jan 2025 01:03:59.000,213.156,5.663,4009.721205,-7398.987694,2623.391005,493.723636,-1.852892,-4.210731,-5.43567,2368132.961,3926709.249,4427023.655,-0.544251228067664,-0.833098686092732,0.0986771502294414
1 Jan 2025 01:04:00.000,213.068,5.638,4012.051204,-7400.837555,2619.179202,488.287768,-1.846825,-4.212881,-5.436073,2367771.039,3926728.374,4427200.274,-0.542994480058229,-0.833969615602578,0.098242938056543
1 Jan 2025 01:04:01.000,212.981,5.614,4014.387856,-7402.681347,2614.965251,482.851498,-1.840756,-4.215026,-5.436472,2367409.112,3926747.472,4427376.884,-0.541749878667412,-0.834827603560818,0.0978260767727359
1 Jan 2025 01:04:02.000,212.893,5.589,4016.731153,-7404.51907,2610.749157,477.414832,-1.834686,-4.217169,-5.436867,2367047.149,3926766.544,4427553.5,-0.54049016643537,-0.835694448840034,0.0973918280176403
1 Jan 2025 01:04:03.000,212.806,5.564,4019.081078,-7406.350723,2606.530921,471.977773,-1.828614,-4.219307,-5.437257,2366685.18,3926785.589,4427730.105,-0.539243567330539,-0.836549823089911,0.0969575607205153
1 Jan 2025 01:04:04.000,212.718,5.539,4021.437617,-7408.176302,2602.310549,466.540327,-1.822541,-4.221443,-5.437642,2366323.235,3926804.605,4427906.687,-0.537980898744383,-0.837412568556504,0.0965232749640395
1 Jan 2025 01:04:05.000,212.631,5.515,4023.800754,-7409.995808,2598.088043,461.102497,-1.816466,-4.223575,-5.438023,2365961.283,3926823.594,4428083.26,-0.536730475959647,-0.83826246900622,0.0961063433480152
1 Jan 2025 01:04:06.000,212.544,5.49,4026.17048,-7411.809237,2593.863406,455.664289,-1.81039,-4.225703,-5.4384,2365599.296,3926842.557,4428259.838,-0.535479516871281,-0.839111763285737,0.0956720216510583
1 Jan 2025 01:04:07.000,212.457,5.465,4028.546779,-7413.61659,2589.636643,450.225706,-1.804312,-4.227828,-5.438772,2365237.304,3926861.493,4428436.406,-0.534227114340166,-0.839959031310852,0.095237681739499
1 Jan 2025 01:04:08.000,212.37,5.44,4030.929636,-7415.417865,2585.407757,444.786753,-1.798233,-4.22995,-5.43914,2364875.305,3926880.401,4428612.965,-0.532973271874549,-0.840804270495532,0.0948033236960294
1 Jan 2025 01:04:09.000,212.283,5.415,4033.319039,-7417.213059,2581.176751,439.347435,-1.792152,-4.232068,-5.439503,2364513.33,3926899.281,4428789.5,-0.531717992987471,-0.841647478260116,0.0943689476033452
1 Jan 2025 01:04:10.000,212.197,5.389,4035.71497,-7419.002172,2576.943629,433.907756,-1.78607,-4.234182,-5.439862,2364151.348,3926918.134,4428966.026,-0.530476858796618,-0.842480780830491,0.0939171774092437
1 Jan 2025 01:04:11.000,212.11,5.364,4038.11742,-7420.785202,2572.708393,428.467721,-1.779986,-4.236294,-5.440216,2363789.331,3926936.961,4429142.557,-0.529218726133218,-0.843319934902611,0.0934827647525986
1 Jan 2025 01:04:12.000,212.024,5.339,4040.526374,-7422.562148,2568.471048,423.027333,-1.773901,-4.238401,-5.440566,2363427.309,3926955.761,4429319.078,-0.527973900837415,-0.844147835108793,0.0930483342981547
1 Jan 2025 01:04:13.000,211.937,5.314,4042.941816,-7424.333007,2564.231598,417.586598,-1.767814,-4.240506,-5.440911,2363065.309,3926974.532,4429495.576,-0.526712934537262,-0.844982930411793,0.0926138861286214
1 Jan 2025 01:04:14.000,211.851,5.288,4045.363734,-7426.09778,2559.990045,412.14552,-1.761726,-4.242606,-5.441252,2362703.275,3926993.277,4429672.078,-0.525466160513504,-0.8458081770078,0.0921620413290516
1 Jan 2025 01:04:15.000,211.765,5.263,4047.792112,-7427.856463,2555.746392,406.704103,-1.755637,-4.244703,-5.441588,2362341.263,3927011.994,4429848.557,-0.524217145075495,-0.846630049103416,0.0917275572772153
1 Jan 2025 01:04:16.000,211.679,5.238,4050.226939,-7429.609056,2551.500645,401.262352,-1.749546,-4.246797,-5.44192,2361979.217,3927030.685,4430025.041,-0.522966746645984,-0.847449915848835,0.091293055761747
1 Jan 2025 01:04:17.000,211.593,5.212,4052.668199,-7431.355558,2547.252805,395.820271,-1.743453,-4.248888,-5.442248,2361617.164,3927049.349,4430201.516,-0.521715799351841,-0.848269125412935,0.0908411557491615
1 Jan 2025 01:04:18.000,211.507,5.187,4055.11588,-7433.095966,2543.002877,390.377865,-1.737359,-4.250974,-5.442571,2361255.135,3927067.984,4430377.966,-0.52046263928614,-0.849084968876975,0.0904066188643945
1 Jan 2025 01:04:19.000,211.422,5.161,4057.569966,-7434.83028,2538.750864,384.935139,-1.731264,-4.253058,-5.442889,2360893.099,3927086.592,4430554.408,-0.519223758628617,-0.849891077501968,0.0899546822467646
1 Jan 2025 01:04:20.000,211.336,5.136,4060.030441,-7436.558498,2534.496769,379.492096,-1.725167,-4.255138,-5.443203,2360531.029,3927105.174,4430730.854,-0.517967864980404,-0.850702909771029,0.0895201103369868
1 Jan 2025 01:04:21.000,211.25,5.11,4062.497297,-7438.280618,2530.240596,374.048741,-1.719069,-4.257214,-5.443513,2360168.952,3927123.729,4430907.291,-0.516711412137186,-0.851514053585961,0.0890681374723863
1 Jan 2025 01:04:22.000,211.165,5.084,4064.970516,-7439.99664,2525.982348,368.605079,-1.71297,-4.259287,-5.443818,2359806.87,3927142.257,4431083.718,-0.51546846080525,-0.852314170089818,0.0886161462667526
1 Jan 2025 01:04:23.000,211.08,5.058,4067.450086,-7441.706561,2521.722029,363.161114,-1.706869,-4.261356,-5.444118,2359444.811,3927160.756,4431260.122,-0.514224166759043,-0.853112297004889,0.0881641368131605
1 Jan 2025 01:04:24.000,210.995,5.033,4069.935991,-7443.41038,2517.459643,357.716851,-1.700766,-4.263422,-5.444415,2359082.746,3927179.227,4431436.517,-0.512977745005612,-0.853907119538192,0.0877294952165161
1 Jan 2025 01:04:25.000,210.91,5.007,4072.428218,-7445.108097,2513.195193,352.272294,-1.694662,-4.265484,-5.444706,2358720.645,3927197.673,4431612.916,-0.511730781809419,-0.854701265722979,0.0872774502392093
