satellite_id,step,label,maneuver_time_days,feat_0,feat_1,feat_2,feat_3,feat_4,feat_5,feat_6,feat_7,feat_8,feat_9,feat_10,feat_11,feat_12,feat_13,feat_14,feat_15,feat_16,feat_17,feat_18,feat_19,feat_20,feat_21,feat_22
1,0,0,999.000000,7.0000001562,-0.0000000615,63.9999965596,92.5489466658,90.0018155100,0.0288600270,172.8364772458,191.5934784968,-0.0000000483,0.0000000164,6644542.0070106173,8.0000000339,0.0000001462,74.0000044196,92.5618415021,90.0027994102,0.0288819310,173.4471339714,191.6159308895,0.0000001487,-0.0000000024,6644326.4370192615,-215.5697456035
1,1,0,999.000000,7.0000002391,-0.0000002027,64.0000721221,92.5489713941,90.0018155098,0.0288600270,172.8364774650,191.5934784970,-0.0000001159,0.0461172590,6644542.0069679152,7.9999996042,-0.0000000353,73.9999986745,92.5618415102,90.0027994100,0.0288819310,173.4471341221,191.6159308988,-0.0000000907,0.0000001189,6644326.4370425558,-215.5697257566
1,2,0,999.000000,7.0000006723,0.0000001071,64.0000889687,92.5488938581,90.0018155098,0.0288600270,172.8364770733,191.5934784894,0.0000000636,0.0697826742,6644542.0070216823,8.0000003744,0.0000000212,74.0000017149,92.5618415071,90.0027994100,0.0288819310,173.4471338036,191.6159309068,0.0000001727,0.0000000458,6644326.4369087555,-215.5697464028
1,3,0,999.000000,6.9999999767,-0.0000000615,63.9998955632,92.5488332826,90.0018155099,0.0288600270,172.8364775674,191.5934785139,0.0000000581,0.1149841074,6644542.0069531733,7.9999995925,0.0000000190,74.0000003899,92.5618415120,90.0027994102,0.0288819310,173.4471337436,191.6159309063,-0.0000000105,-0.0000000955,6644326.4369775308,-215.5697616987
1,4,0,999.000000,7.0000002080,-0.0000000256,64.0000271889,92.5489257697,90.0018155098,0.0288600270,172.8364771719,191.5934785228,-0.0000001096,0.0722822721,6644542.0069696633,7.9999998524,0.0000000301,73.9999958107,92.5618415079,90.0027994100,0.0288819310,173.4471338562,191.6159309077,0.0000001005,-0.0000000442,6644326.4369954402,-215.5697383348
1,5,0,999.000000,6.9999995903,0.0000002159,64.0001792281,92.5490642675,90.0018155099,0.0288600270,172.8364772922,191.5934785028,-0.0000000022,0.1688551748,6644542.0069822622,7.9999998728,0.0000000378,74.0000055545,92.5618415103,90.0027994099,0.0288819310,173.4471341255,191.6159308932,-0.0000000536,0.0000001097,6644326.4370231871,-215.5697711919
1,6,0,999.000000,7.0000000591,-0.0000001443,64.0002900528,92.5490792260,90.0018155097,0.0288600270,172.8364775742,191.5934785012,-0.0000000601,-0.0801188139,6644542.0070371730,8.0000001355,-0.0000000285,74.0000030598,92.5618415128,90.0027994104,0.0288819310,173.4471339712,191.6159308990,-0.0000001935,0.0000000151,6644326.4369991487,-215.5697610901
1,7,0,999.000000,6.9999999927,0.0000000418,63.9997576318,92.5489836017,90.0018155100,0.0288600270,172.8364771391,191.5934784999,0.0000000413,0.3171502788,6644542.0070397239,8.0000003735,-0.0000001344,74.0000024418,92.5618415113,90.0027994100,0.0288819310,173.4471342587,191.6159309028,-0.0000001783,-0.0000000243,6644326.4370177267,-215.5697448096
1,8,0,999.000000,7.0000000966,0.0000000051,63.9998342295,92.5485872735,90.0018155099,0.0288600270,172.8364769963,191.5934784979,0.0000001096,-0.3432472999,6644542.0070289271,7.9999996897,-0.0000001306,73.9999978436,92.5618415067,90.0027994097,0.0288819310,173.4471343109,191.6159308953,-0.0000001692,0.0000000657,6644326.4369222112,-215.5697597887
1,9,0,999.000000,7.0000001422,-0.0000001561,64.0007531303,92.5488947737,90.0018155102,0.0288600270,172.8364774245,191.5934785027,-0.0000001880,-0.3976256674,6644542.0069767283,8.0000003477,-0.0000000151,73.9999989243,92.5618415058,90.0027994098,0.0288819310,173.4471337714,191.6159308858,-0.0000000858,0.0000000840,6644326.4370964998,-215.5697553048
2,0,0,999.000000,5.9999996378,0.0000000918,54.0000060954,92.5378818828,90.0010938297,0.0288426000,172.2280050206,191.5688397945,0.0000000444,0.0000000775,6644726.7729577823,6.9999999829,-0.0000003241,63.9999970577,92.5489466592,90.0018155097,0.0288600270,172.8364771500,191.5934784969,0.0000000131,0.0000001441,6644542.0069222134,-184.7655805895
2,1,0,999.000000,6.0000000029,-0.0000000202,53.9999565818,92.5378496257,90.0010938300,0.0288426000,172.2280050230,191.5688397952,0.0000002111,0.0303481617,6644726.7730032327,7.0000001262,-0.0000000108,63.9999986028,92.5489466607,90.0018155102,0.0288600270,172.8364772912,191.5934784975,0.0000000952,0.0000001453,6644542.0070196120,-184.7655857471
2,2,0,999.000000,6.0000002146,0.0000000610,54.0001008898,92.5379401961,90.0010938302,0.0288426000,172.2280048953,191.5688397984,-0.0000000218,0.0345038011,6644726.7730375947,7.0000002337,0.0000001305,64.0000000603,92.5489466622,90.0018155099,0.0288600270,172.8364773773,191.5934785007,0.0000000595,-0.0000000818,6644542.0071133533,-184.7655998176
2,3,0,999.000000,5.9999996513,-0.0000000699,53.9997704904,92.5379266374,90.0010938303,0.0288426000,172.2280049400,191.5688398047,0.0000001358,-0.1143546684,6644726.7730092835,7.0000001606,0.0000000873,64.0000033156,92.5489466585,90.0018155098,0.0288600270,172.8364770440,191.5934785112,-0.0000000302,-0.0000000005,6644542.0069630351,-184.7655913272
2,4,0,999.000000,6.0000001492,0.0000001533,53.9996618753,92.5380716390,90.0010938301,0.0288426000,172.2280048390,191.5688398001,0.0000000098,0.0334623674,6644726.7730011167,7.0000001430,0.0000001451,64.0000027553,92.5489466670,90.0018155098,0.0288600270,172.8364774320,191.5934785156,-0.0000000808,-0.0000000840,6644542.0069675287,-184.7656097267
2,5,0,999.000000,5.9999998490,-0.0000001913,54.0004976780,92.5379095974,90.0010938302,0.0288426000,172.2280050572,191.5688398054,-0.0000000132,0.2498588293,6644726.7729871459,7.0000000849,-0.0000001097,64.0000009792,92.5489466597,90.0018155101,0.0288600270,172.8364769714,191.5934784936,-0.0000000109,-0.0000000055,6644542.0070140520,-184.7655882199
2,6,0,999.000000,5.9999998707,0.0000000623,53.9994143871,92.5377922321,90.0010938300,0.0288426000,172.2280049239,191.5688397913,-0.0000001534,-0.2181769869,6644726.7730151359,6.9999997850,0.0000001551,64.0000003323,92.5489466638,90.0018155100,0.0288600270,172.8364777068,191.5934784982,0.0000000972,0.0000000645,6644542.0070741447,-184.7655994533
2,7,0,999.000000,6.0000001971,-0.0000001731,54.0005596523,92.5378636556,90.0010938300,0.0288426000,172.2280044219,191.5688397962,0.0000001334,-0.1080328035,6644726.7730150623,6.9999999958,0.0000000796,63.9999991918,92.5489466546,90.0018155100,0.0288600270,172.8364775962,191.5934784898,-0.0000000123,-0.0000000075,6644542.0069403406,-184.7655865772
2,8,0,999.000000,5.9999997169,0.0000000504,53.9996023761,92.5380525575,90.0010938300,0.0288426000,172.2280047036,191.5688397907,0.0000001965,-0.3706534342,6644726.7729681302,7.0000000615,-0.0000000112,63.9999993653,92.5489466620,90.0018155102,0.0288600270,172.8364772994,191.5934784980,-0.0000002302,-0.0000001515,6644542.0070740497,-184.7655763187
2,9,0,999.000000,5.9999999285,0.0000000029,53.9998797693,92.5375466996,90.0010938300,0.0288426000,172.2280043721,191.5688397937,-0.0000000905,0.2208955081,6644726.7729978235,6.9999996952,-0.0000000654,63.9999977791,92.5489466589,90.0018155101,0.0288600270,172.8364775845,191.5934785046,-0.0000000874,-0.0000000003,6644542.0071286270,-184.7655819070
3,0,0,999.000000,8.9999995935,0.0000000595,83.9999940282,92.5765602599,90.0040858699,0.0289082960,174.0599855070,191.6361864997,0.0000000174,0.0000000908,6644080.1759995995,10.0000001297,0.0000000816,94.0000016279,92.5930958909,90.0057150604,0.0289391020,174.6750388850,191.6542377935,0.0000000639,0.0000000216,6643803.3510925835,-276.8248278466
3,1,0,999.000000,9.0000002195,0.0000000882,83.9999324416,92.5765338271,90.0040858696,0.0289082960,174.0599856455,191.6361865048,-0.0000001013,0.0325135067,6644080.1759724710,9.9999999388,0.0000000160,94.0000012969,92.5930958921,90.0057150602,0.0289391020,174.6750390168,191.6542377987,0.0000000579,0.0000000497,6643803.3510413263,-276.8248309449
3,2,0,999.000000,9.0000002132,0.0000000243,84.0002014330,92.5766107360,90.0040858699,0.0289082960,174.0599853962,191.6361865023,0.0000000708,0.0146303907,6644080.1760910032,9.9999995463,-0.0000001211,93.9999953658,92.5930958876,90.0057150600,0.0289391020,174.6750386325,191.6542377867,-0.0000000765,0.0000000916,6643803.3510590689,-276.8248214792
3,3,0,999.000000,8.9999999907,0.0000000970,83.9998748280,92.5765947441,90.0040858699,0.0289082960,174.0599856206,191.6361864969,0.0000000261,-0.0229211658,6644080.1760307802,10.0000006483,-0.0000000934,94.0000091179,92.5930958906,90.0057150594,0.0289391020,174.6750391325,191.6542378142,0.0000000718,0.0000001568,6643803.3509361940,-276.8248426300
3,4,0,999.000000,8.9999999228,-0.0000000440,84.0003402161,92.5765465443,90.0040858702,0.0289082960,174.0599851903,191.6361864986,-0.0000000329,0.1454072092,6644080.1759816697,9.9999998767,-0.0000000473,94.0000027341,92.5930958866,90.0057150598,0.0289391020,174.6750391474,191.6542377943,0.0000000661,0.0000000475,6643803.3510714471,-276.8248384616
3,5,0,999.000000,8.9999997278,0.0000000841,84.0002996715,92.5764849523,90.0040858700,0.0289082960,174.0599853545,191.6361864908,0.0000000277,-0.0366056192,6644080.1760412594,9.9999998068,-0.0000000655,94.0000012793,92.5930958900,90.0057150606,0.0289391020,174.6750389192,191.6542378080,-0.0000000578,-0.0000000911,6643803.3509528218,-276.8248508888
3,6,1,0.000694,9.0000006481,-0.0000000574,84.0204263679,92.5915958622,90.0040858697,0.0289082960,174.0599853409,191.6361865141,-0.0000001535,4.0000000000,6644080.1760724969,9.9999999949,-0.0000000299,93.9999979440,92.5930958904,90.0057150600,0.0289391020,174.6750388486,191.6542378101,0.0000000125,-0.0000000257,6643803.3510554899,-276.8248509824
3,7,1,0.000810,9.0000000979,0.0000001717,84.0412788966,92.6096504473,90.0040858701,0.0289082960,174.0599851158,191.6361864953,-0.0000000257,4.0000000000,6644080.1760350671,10.0000000949,0.0000000870,94.0000015148,92.5930958908,90.0057150596,0.0289391020,174.6750388199,191.6542378077,0.0000001185,-0.0000000670,6643803.3510514498,-276.8248397999
3,8,1,0.000926,8.9999996168,-0.0000000121,84.0463917177,92.6163098999,90.0040858702,0.0289082960,174.0599850634,191.6361864964,-0.0000001001,4.0000000000,6644080.1760502383,10.0000003307,0.0000000121,94.0000037687,92.5930958900,90.0057150603,0.0289391020,174.6750387813,191.6542378129,-0.0000000021,-0.0000000899,6643803.3509507207,-276.8248446361
3,9,0,999.000000,9.0000002425,-0.0000001855,84.0101351295,92.6247250729,90.0040858700,0.0289082960,174.0599852783,191.6361865058,0.0000001501,4.0000000000,6644080.1760252845,9.9999994960,-0.0000000124,93.9999964615,92.5930958905,90.0057150601,0.0289391020,174.6750388161,191.6542378163,-0.0000001268,-0.0000001329,6643803.3510896573,-276.8248428429
4,0,0,999.000000,5.9999997911,-0.0000000248,53.9999997862,92.5378818817,90.0010938300,0.0288426000,172.2280048662,191.5688398047,0.0000000560,0.0000001081,6644726.7730379822,7.0000001319,-0.0000000070,63.9999952293,92.5489466614,90.0018155101,0.0288600270,172.8364771768,191.5934784923,0.0000001053,-0.0000000040,6644542.0070369197,-184.7655906490
4,1,0,999.000000,6.0000000085,-0.0000001405,54.0000550938,92.5378736538,90.0010938302,0.0288426000,172.2280048235,191.5688398032,-0.0000001930,0.0484082819,6644726.7730475301,7.0000002492,0.0000000283,63.9999961240,92.5489466619,90.0018155102,0.0288600270,172.8364776138,191.5934784951,-0.0000000510,-0.0000002485,6644542.0070498306,-184.7655881179
4,2,0,999.000000,6.0000004537,-0.0000000523,53.9998733684,92.5379377961,90.0010938297,0.0288426000,172.2280046251,191.5688397941,-0.0000000035,-0.0559027348,6644726.7730706194,6.9999997132,0.0000000984,63.9999993854,92.5489466598,90.0018155102,0.0288600270,172.8364774668,191.5934785012,0.0000000492,0.0000000289,6644542.0071330136,-184.7655965531
4,3,0,999.000000,5.9999998475,-0.0000000496,54.0001335692,92.5378806417,90.0010938298,0.0288426000,172.2280049826,191.5688398027,-0.0000000377,-0.0720739354,6644726.7729679532,7.0000006771,0.0000000938,63.9999975870,92.5489466605,90.0018155099,0.0288600270,172.8364774950,191.5934785077,-0.0000000851,0.0000000105,6644542.0069052745,-184.7656020453
4,4,0,999.000000,5.9999998513,0.0000000224,54.0002543264,92.5380147369,90.0010938305,0.0288426000,172.2280047148,191.5688398081,0.0000000682,-0.1356958569,6644726.7730265958,6.9999998968,0.0000000591,64.0000031845,92.5489466627,90.0018155101,0.0288600270,172.8364776044,191.5934785098,0.0000000649,-0.0000000167,6644542.0070079481,-184.7655802052
4,5,0,999.000000,5.9999997654,-0.0000000226,53.9998458929,92.5379423400,90.0010938297,0.0288426000,172.2280048157,191.5688398058,-0.0000001350,0.0410853796,6644726.7730097305,7.0000000766,-0.0000000401,64.0000015454,92.5489466602,90.0018155103,0.0288600270,172.8364774307,191.5934785029,-0.0000000186,-0.0000000405,6644542.0069803372,-184.7655893520
4,6,0,999.000000,5.9999998395,0.0000000377,53.9996804422,92.5377097426,90.0010938299,0.0288426000,172.2280045478,191.5688397830,0.0000000440,0.2364594720,6644726.7729534870,7.0000002035,0.0000000244,63.9999983798,92.5489466558,90.0018155102,0.0288600270,172.8364773827,191.5934785131,-0.0000001070,-0.0000001526,6644542.0069625163,-184.7655913041
4,7,0,999.000000,6.0000000699,0.0000000074,53.9993892336,92.5379392626,90.0010938299,0.0288426000,172.2280047950,191.5688398021,-0.0000000230,-0.0058837465,6644726.7730329093,7.0000001321,0.0000000608,63.9999972875,92.5489466610,90.0018155103,0.0288600270,172.8364772198,191.5934784996,0.0000000375,-0.0000000757,6644542.0069264174,-184.7655937020
4,8,0,999.000000,6.0000002415,-0.0000000653,54.0003018624,92.5381223442,90.0010938299,0.0288426000,172.2280045241,191.5688398059,0.0000000786,0.0540327212,6644726.7729559578,6.9999999863,-0.0000000004,63.9999966729,92.5489466649,90.0018155102,0.0288600270,172.8364774047,191.5934785015,-0.0000002042,-0.0000000247,6644542.0069630546,-184.7655997786
4,9,0,999.000000,5.9999999193,-0.0000000493,54.0000983763,92.5380791624,90.0010938299,0.0288426000,172.2280048623,191.5688398030,0.0000000681,-0.0016239131,6644726.7730496004,7.0000000329,0.0000000950,63.9999994314,92.5489466643,90.0018155101,0.0288600270,172.8364773354,191.5934785015,-0.0000001032,-0.0000000529,6644542.0070335167,-184.7655808894
5,0,0,999.000000,5.9999997578,-0.0000000014,53.9999960658,92.5378818787,90.0010938297,0.0288426000,172.2280047414,191.5688398027,-0.0000000092,0.0000000503,6644726.7730174689,7.0000002962,0.0000000874,64.0000022063,92.5489466701,90.0018155101,0.0288600270,172.8364774720,191.5934784994,-0.0000000373,0.0000001510,6644542.0070888735,-184.7655855834
5,1,0,999.000000,6.0000003256,-0.0000000672,53.9998952434,92.5378907199,90.0010938301,0.0288426000,172.2280050418,191.5688398128,0.0000001276,0.0357986485,6644726.7728941198,6.9999997979,-0.0000000142,63.9999974326,92.5489466595,90.0018155104,0.0288600270,172.8364777167,191.5934785063,0.0000000268,-0.0000000714,6644542.0069526546,-184.7656053151
5,2,0,999.000000,5.9999995351,0.0000001546,53.9998469854,92.5378281041,90.0010938300,0.0288426000,172.2280046970,191.5688397849,-0.0000000887,0.0973386385,6644726.7730997354,6.9999996381,-0.0000001297,63.9999956554,92.5489466547,90.0018155103,0.0288600270,172.8364774311,191.5934784967,0.0000001791,0.0000000174,6644542.0070590191,-184.7655954779
5,3,0,999.000000,6.0000000127,0.0000000149,53.9999232060,92.5377371331,90.0010938299,0.0288426000,172.2280049344,191.5688397963,-0.0000002455,0.1435892318,6644726.7730229292,6.9999993906,0.0000000293,63.9999969394,92.5489466603,90.0018155100,0.0288600270,172.8364773311,191.5934784970,-0.0000000721,0.0000000484,6644542.0070436206,-184.7656017052
5,4,0,999.000000,6.0000001920,-0.0000000517,53.9998385679,92.5379415112,90.0010938300,0.0288426000,172.2280048315,191.5688398058,0.0000000839,-0.0497309177,6644726.7729549082,6.9999998736,-0.0000001613,64.0000026741,92.5489466589,90.0018155101,0.0288600270,172.8364773429,191.5934785087,0.0000000694,-0.0000000112,6644542.0070415959,-184.7655838982
5,5,0,999.000000,5.9999998876,0.0000001109,54.0000170348,92.5380430799,90.0010938304,0.0288426000,172.2280044243,191.5688398082,0.0000002246,0.1077454232,6644726.7729984196,6.9999996586,0.0000000312,64.0000036454,92.5489466623,90.0018155108,0.0288600270,172.8364771150,191.5934785012,-0.0000002416,-0.0000000533,6644542.0070880000,-184.7655880179
5,6,1,0.000694,6.0000002633,-0.0000000160,54.0422065834,92.5487405685,90.0010938300,0.0288426000,172.2280047187,191.5688397967,0.0000000462,4.0000000000,6644726.7730237944,7.0000000594,0.0000002456,64.0000028117,92.5489466608,90.0018155099,0.0288600270,172.8364773884,191.5934785007,0.0000001314,-0.0000000540,6644542.0070278207,-184.7655824884
5,7,1,0.000810,5.9999998098,-0.0000001002,54.0380667062,92.5532677152,90.0010938301,0.0288426000,172.2280050021,191.5688397964,-0.0000001081,4.0000000000,6644726.7730120886,6.9999995352,0.0000000375,64.0000030729,92.5489466570,90.0018155101,0.0288600270,172.8364775025,191.5934785048,-0.0000000245,-0.0000001128,6644542.0069757765,-184.7655960949
5,8,0,999.000000,6.0000001605,-0.0000001190,54.0626670788,92.5735999478,90.0010938301,0.0288426000,172.2280046924,191.5688398147,0.0000001709,4.0000000000,6644726.7730177613,7.0000003458,0.0000000681,63.9999992145,92.5489466576,90.0018155102,0.0288600270,172.8364776999,191.5934784880,-0.0000001253,0.0000001162,6644542.0069159474,-184.7655799212
5,9,0,999.000000,5.9999999383,-0.0000000247,54.0643220445,92.5659487171,90.0010938298,0.0288426000,172.2280048197,191.5688398067,-0.0000001796,4.0000000000,6644726.7730316278,6.9999999061,-0.0000001190,64.0000035879,92.5489466590,90.0018155100,0.0288600270,172.8364772404,191.5934784980,0.0000000865,0.0000000764,6644542.0070418827,-184.7656011398
6,0,0,999.000000,3.9999997742,-0.0000001331,33.9999947259,92.5212627314,90.0002752498,0.0288212330,171.0175545677,191.5130617193,-0.0000000006,0.0000000838,6645003.5240037274,4.9999999716,0.0000000919,43.9999991662,92.5286524509,90.0005939201,0.0288296640,171.6217028734,191.5420286988,-0.0000000756,0.0000000537,6644880.6379513266,-122.8854280502
6,1,0,999.000000,3.9999999974,0.0000002465,33.9999106940,92.5212822317,90.0002752501,0.0288212330,171.0175545111,191.5130616971,-0.0000000992,0.0494866825,6645003.5240024589,4.9999994823,-0.0000000647,43.9999917041,92.5286524510,90.0005939201,0.0288296640,171.6217027944,191.5420286909,-0.0000000967,0.0000000417,6644880.6379626924,-122.8854288554
6,2,0,999.000000,3.9999998238,-0.0000000302,33.9998953656,92.5213579052,90.0002752500,0.0288212330,171.0175545761,191.5130617092,0.0000000950,-0.0975759936,6645003.5238836790,5.0000002684,-0.0000001367,43.9999993544,92.5286524462,90.0005939195,0.0288296640,171.6217028327,191.5420286959,-0.0000002591,-0.0000000546,6644880.6380212260,-122.8854414094
6,3,0,999.000000,4.0000000527,-0.0000000994,34.0000819129,92.5212969047,90.0002752504,0.0288212330,171.0175544930,191.5130617090,-0.0000000863,0.1185350919,6645003.5239797346,4.9999997487,-0.0000002276,44.0000008183,92.5286524507,90.0005939203,0.0288296640,171.6217024205,191.5420286971,-0.0000000088,0.0000000921,6644880.6380764162,-122.8854175346
6,4,0,999.000000,4.0000000092,-0.0000000753,34.0000255629,92.5210795086,90.0002752504,0.0288212330,171.0175544364,191.5130617014,-0.0000001347,0.0575616043,6645003.5240546744,4.9999998113,-0.0000001047,44.0000015414,92.5286524538,90.0005939202,0.0288296640,171.6217025677,191.5420286899,0.0000001501,-0.0000000323,6644880.6379864113,-122.8854165266
6,5,0,999.000000,4.0000001598,0.0000001456,34.0004240945,92.5211388525,90.0002752501,0.0288212330,171.0175545626,191.5130617043,-0.0000000210,0.1732571099,6645003.5239416417,4.9999995009,-0.0000001948,44.0000016643,92.5286524505,90.0005939199,0.0288296640,171.6217027368,191.5420286988,-0.0000001341,0.0000000913,6644880.6380164763,-122.8854259430
6,6,0,999.000000,3.9999999286,0.0000001607,33.9999552792,92.5209683310,90.0002752501,0.0288212330,171.0175545315,191.5130616900,0.0000000400,-0.2039570842,6645003.5239759237,5.0000001684,0.0000001238,44.0000000611,92.5286524510,90.0005939204,0.0288296640,171.6217031547,191.5420287040,-0.0000001761,0.0000000753,6644880.6380206496,-122.8854168674
6,7,0,999.000000,4.0000001934,0.0000000828,34.0002712036,92.5209149863,90.0002752499,0.0288212330,171.0175542561,191.5130617056,0.0000001447,-0.0611647629,6645003.5239494340,5.0000000798,0.0000001455,43.9999958356,92.5286524464,90.0005939199,0.0288296640,171.6217025572,191.5420286851,0.0000000589,0.0000000339,6644880.6379079670,-122.8854153831
6,8,0,999.000000,3.9999995618,0.0000001263,33.9998928459,92.5209336173,90.0002752499,0.0288212330,171.0175547686,191.5130617155,0.0000002062,-0.1374456763,6645003.5240466427,5.0000001702,0.0000000778,43.9999984168,92.5286524473,90.0005939200,0.0288296640,171.6217026208,191.5420287050,0.0000000955,0.0000000088,6644880.6380800446,-122.8854384202
6,9,0,999.000000,3.9999999444,0.0000000480,33.9994310606,92.5215351095,90.0002752501,0.0288212330,171.0175543125,191.5130616973,0.0000000262,0.3077403249,6645003.5239861440,5.0000003443,-0.0000001937,43.9999964000,92.5286524511,90.0005939196,0.0288296640,171.6217026078,191.5420287055,-0.0000001896,0.0000000170,6644880.6380559606,-122.8854300280
7,0,0,999.000000,10.0000002612,0.0000001428,94.0000002870,92.5930958904,90.0057150599,0.0289391020,174.6750390269,191.6542377987,-0.0000000319,-0.0000000018,6643803.3510403689,10.9999998010,-0.0000000067,104.0000007045,92.6114404738,90.0077270099,0.0289743290,175.2922991153,191.6700802075,0.0000002033,-0.0000001314,6643496.1079406627,-307.2434212963
7,1,0,999.000000,10.0000000319,0.0000001160,93.9999846435,92.5930599874,90.0057150602,0.0289391020,174.6750388992,191.6542378034,-0.0000000703,0.0346918171,6643803.3509515366,11.0000000882,-0.0000000131,103.9999976358,92.6114404695,90.0077270101,0.0289743290,175.2922993769,191.6700801838,0.0000000239,0.0000001429,6643496.1079275217,-307.2434149109
7,2,0,999.000000,9.9999996771,0.0000000650,93.9999534625,92.5930862287,90.0057150602,0.0289391020,174.6750388473,191.6542377937,-0.0000002133,0.0596688340,6643803.3510058504,11.0000003061,0.0000000795,104.0000023235,92.6114404668,90.0077270101,0.0289743290,175.2922992664,191.6700802130,0.0000002019,-0.0000000268,6643496.1079622442,-307.2434265498
7,3,0,999.000000,9.9999995645,-0.0000000813,94.0001389915,92.5931919995,90.0057150600,0.0289391020,174.6750387768,191.6542377927,-0.0000001124,-0.0408921767,6643803.3510243930,11.0000000140,0.0000000957,104.0000058015,92.6114404641,90.0077270101,0.0289743290,175.2922993379,191.6700801981,0.0000000027,-0.0000001283,6643496.1079768986,-307.2434190052
7,4,0,999.000000,10.0000002882,-0.0000000628,93.9996913315,92.5929307603,90.0057150598,0.0289391020,174.6750387393,191.6542378091,-0.0000000862,-0.1022639873,6643803.3509725165,11.0000000796,-0.0000000524,103.9999963889,92.6114404716,90.0077270099,0.0289743290,175.2922991250,191.6700801906,0.0000001083,0.0000000737,6643496.1079692850,-307.2434191815
7,5,0,999.000000,10.0000002993,-0.0000000598,93.9999130199,92.5932255150,90.0057150601,0.0289391020,174.6750386886,191.6542378150,-0.0000001623,0.1315777252,6643803.3510281779,10.9999998630,0.0000000666,103.9999990878,92.6114404678,90.0077270101,0.0289743290,175.2922991608,191.6700801958,-0.0000000336,0.0000000433,6643496.1079678005,-307.2434215048
7,6,0,999.000000,9.9999999429,0.0000000300,93.9995451073,92.5928368966,90.0057150599,0.0289391020,174.6750386712,191.6542377955,-0.0000000952,-0.1689341206,6643803.3510595551,10.9999998916,-0.0000000378,103.9999999529,92.6114404687,90.0077270100,0.0289743290,175.2922993546,191.6700802071,0.0000002057,0.0000000569,6643496.1081210515,-307.2434266829
7,7,0,999.000000,10.0000006007,-0.0000001700,93.9993920791,92.5934149692,90.0057150598,0.0289391020,174.6750389259,191.6542377907,-0.0000001273,0.2579861783,6643803.3510052245,10.9999998397,-0.0000001692,104.0000024482,92.6114404678,90.0077270105,0.0289743290,175.2922990588,191.6700801949,0.0000001722,-0.0000000084,6643496.1079721916,-307.2434195543
7,8,0,999.000000,9.9999996782,-0.0000000110,93.9999131151,92.5930753195,90.0057150603,0.0289391020,174.6750391441,191.6542378086,-0.0000000363,-0.0242050399,6643803.3509591902,10.9999997326,0.0000000353,103.9999999432,92.6114404680,90.0077270096,0.0289743290,175.2922991179,191.6700801986,0.0000000305,-0.0000002502,6643496.1079169363,-307.2433994438
7,9,0,999.000000,9.9999998545,0.0000000963,93.9998085595,92.5933027651,90.0057150601,0.0289391020,174.6750385875,191.6542377888,-0.0000000317,-0.3013165054,6643803.3509947537,11.0000002382,-0.0000000582,104.0000024406,92.6114404681,90.0077270103,0.0289743290,175.2922991238,191.6700802005,-0.0000000294,0.0000000113,6643496.1080410695,-307.2434205731
8,0,0,999.000000,8.0000002217,0.0000001531,74.0000026461,92.5618415085,90.0027994100,0.0288819310,173.4471338766,191.6159309026,-0.0000000832,-0.0000002209,6644326.4369595479,8.9999999119,0.0000001521,83.9999985899,92.5765602617,90.0040858700,0.0289082960,174.0599855022,191.6361865084,-0.0000001734,0.0000000207,6644080.1760411151,-246.2615654180
8,1,0,999.000000,8.0000001828,-0.0000001144,74.0000718243,92.5618831734,90.0027994100,0.0288819310,173.4471336723,191.6159308958,0.0000000093,0.0322422534,6644326.4369531935,9.0000003635,-0.0000000866,84.0000027846,92.5765602614,90.0040858698,0.0289082960,174.0599850914,191.6361865065,0.0000001001,-0.0000000671,6644080.1760754352,-246.2615710165
8,2,0,999.000000,7.9999994774,-0.0000000693,73.9999889634,92.5617470205,90.0027994103,0.0288819310,173.4471338281,191.6159309115,-0.0000000253,-0.0718895279,6644326.4369560750,8.9999998764,0.0000000050,83.9999995366,92.5765602554,90.0040858703,0.0289082960,174.0599851752,191.6361865079,-0.0000001183,-0.0000001629,6644080.1760689355,-246.2615520343
8,3,0,999.000000,7.9999998673,0.0000000546,74.0002002084,92.5618236412,90.0027994100,0.0288819310,173.4471339356,191.6159308980,0.0000001599,0.0785705999,6644326.4369865423,9.0000002002,-0.0000000334,84.0000033695,92.5765602612,90.0040858700,0.0289082960,174.0599850254,191.6361864920,-0.0000001194,0.0000000143,6644080.1760938577,-246.2615490213
8,4,0,999.000000,7.9999996946,-0.0000000873,73.9997008986,92.5619577116,90.0027994100,0.0288819310,173.4471341674,191.6159308859,-0.0000000172,0.1479875530,6644326.4369906494,9.0000006704,0.0000000292,84.0000025835,92.5765602664,90.0040858703,0.0289082960,174.0599850770,191.6361864998,-0.0000000568,-0.0000001525,6644080.1760130515,-246.2615664431
8,5,0,999.000000,8.0000005081,0.0000000269,74.0004550614,92.5616917490,90.0027994099,0.0288819310,173.4471339949,191.6159309087,-0.0000000051,0.0367642984,6644326.4370574756,8.9999997398,-0.0000000654,83.9999982891,92.5765602645,90.0040858695,0.0289082960,174.0599854846,191.6361865016,-0.0000000055,0.0000000286,6644080.1760282312,-246.2615630807
8,6,0,999.000000,8.0000003349,-0.0000000204,74.0004147172,92.5619096752,90.0027994104,0.0288819310,173.4471343408,191.6159308981,0.0000000952,0.1596696698,6644326.4369813278,8.9999997854,0.0000001145,83.9999984732,92.5765602571,90.0040858698,0.0289082960,174.0599854497,191.6361865037,0.0000000716,0.0000000421,6644080.1759678293,-246.2615626207
8,7,0,999.000000,8.0000003396,-0.0000000027,74.0001941335,92.5621767963,90.0027994099,0.0288819310,173.4471339748,191.6159308939,-0.0000000308,-0.1917798909,6644326.4370097145,9.0000000003,-0.0000000817,84.0000018935,92.5765602630,90.0040858696,0.0289082960,174.0599851656,191.6361864933,0.0000000829,-0.0000000194,6644080.1759856697,-246.2615865627
8,8,0,999.000000,7.9999995252,0.0000001203,74.0003953775,92.5616955804,90.0027994100,0.0288819310,173.4471343810,191.6159308900,-0.0000000649,-0.3565343532,6644326.4369496554,9.0000002247,0.0000000843,84.0000016069,92.5765602608,90.0040858703,0.0289082960,174.0599853114,191.6361864947,0.0000000890,-0.0000001833,6644080.1759984782,-246.2615658284
8,9,0,999.000000,7.9999997279,0.0000000000,74.0003669161,92.5613954360,90.0027994100,0.0288819310,173.4471338490,191.6159308949,-0.0000000304,0.1194405563,6644326.4369626855,8.9999998632,0.0000000874,84.0000007542,92.5765602606,90.0040858702,0.0289082960,174.0599853682,191.6361864993,0.0000000265,-0.0000000583,6644080.1758678788,-246.2615699903
9,0,0,999.000000,6.9999998334,-0.0000000830,64.0000010979,92.5489466578,90.0018155104,0.0288600270,172.8364769776,191.5934784998,-0.0000000073,0.0000001112,6644542.0070131235,7.9999997605,-0.0000000286,74.0000009404,92.5618415030,90.0027994103,0.0288819310,173.4471342477,191.6159309028,0.0000000630,0.0000001149,6644326.4370310493,-215.5697433354
9,1,0,999.000000,6.9999999528,0.0000000138,63.9999900074,92.5489233920,90.0018155098,0.0288600270,172.8364774901,191.5934785018,0.0000001480,0.0262309330,6644542.0069710827,8.0000000838,-0.0000000183,74.0000014456,92.5618415126,90.0027994098,0.0288819310,173.4471339554,191.6159309032,0.0000000617,0.0000000367,6644326.4369940888,-215.5697536310
9,2,0,999.000000,6.9999998731,-0.0000000336,63.9998615965,92.5490265540,90.0018155100,0.0288600270,172.8364772038,191.5934784964,-0.0000001888,-0.0585810889,6644542.0070566619,7.9999997635,0.0000000629,73.9999964772,92.5618415157,90.0027994105,0.0288819310,173.4471343480,191.6159309025,0.0000000769,0.0000001262,6644326.4370097360,-215.5697630606
9,3,0,999.000000,7.0000002266,0.0000000312,64.0000861220,92.5490396164,90.0018155104,0.0288600270,172.8364773229,191.5934785012,0.0000000025,-0.1008356741,6644542.0069274120,8.0000003711,0.0000001349,74.0000042232,92.5618415111,90.0027994102,0.0288819310,173.4471341456,191.6159309018,-0.0000000460,0.0000000865,6644326.4370489437,-215.5697487628
9,4,0,999.000000,6.9999999565,0.0000000416,64.0001403439,92.5488014644,90.0018155100,0.0288600270,172.8364774783,191.5934785015,-0.0000001571,0.1590698675,6644542.0069954116,7.9999998438,0.0000001036,73.9999977433,92.5618415115,90.0027994100,0.0288819310,173.4471340720,191.6159308907,0.0000000192,0.0000002289,6644326.4369156640,-215.5697498106
9,5,1,0.000579,7.0000003226,0.0000000010,64.0325985928,92.5703751301,90.0018155098,0.0288600270,172.8364772574,191.5934784800,-0.0000000049,4.0000000000,6644542.0070283990,7.9999999375,-0.0000001489,73.9999976377,92.5618415143,90.0027994098,0.0288819310,173.4471341835,191.6159308977,-0.0000000729,0.0000001048,6644326.4369869484,-215.5697630010
9,6,1,0.000694,6.9999998423,0.0000001270,64.0396373770,92.5917693399,90.0018155100,0.0288600270,172.8364772942,191.5934785059,-0.0000000557,4.0000000000,6644542.0071592247,7.9999995797,0.0000002257,73.9999991170,92.5618415097,90.0027994098,0.0288819310,173.4471337484,191.6159308869,0.0000001610,-0.0000000804,6644326.4370404184,-215.5697589217
9,7,0,999.000000,7.0000002035,-0.0000000218,64.0589058976,92.5781893464,90.0018155099,0.0288600270,172.8364774372,191.5934784934,-0.0000001030,4.0000000000,6644542.0070039332,7.9999996033,0.0000001385,74.0000019450,92.5618415088,90.0027994098,0.0288819310,173.4471341572,191.6159309053,0.0000001059,-0.0000000480,6644326.4368415447,-215.5697382391
9,8,0,999.000000,6.9999998134,0.0000000134,64.0116734526,92.5659841176,90.0018155099,0.0288600270,172.8364773951,191.5934784983,-0.0000000594,4.0000000000,6644542.0070369812,8.0000003843,0.0000001483,73.9999986182,92.5618415128,90.0027994101,0.0288819310,173.4471341283,191.6159308956,-0.0000000376,-0.0000001377,6644326.4369748514,-215.5697470497
9,9,0,999.000000,7.0000004506,-0.0000001748,64.0599147562,92.5681398898,90.0018155104,0.0288600270,172.8364773745,191.5934784929,0.0000000330,4.0000000000,6644542.0070142020,7.9999997566,0.0000000539,73.9999998604,92.5618415115,90.0027994099,0.0288819310,173.4471339270,191.6159309067,-0.0000000368,-0.0000000460,6644326.4369489644,-215.5697452755
10,0,0,999.000000,9.9999997954,0.0000001444,93.9999998268,92.5930958912,90.0057150601,0.0289391020,174.6750389336,191.6542378102,0.0000001819,0.0000000040,6643803.3509891620,11.0000000773,0.0000000244,104.0000039832,92.6114404668,90.0077270099,0.0289743290,175.2922990231,191.6700802027,0.0000000810,-0.0000000649,6643496.1080418276,-307.2434099467
10,1,0,999.000000,10.0000005557,-0.0000000369,93.9999206864,92.5930736704,90.0057150601,0.0289391020,174.6750386644,191.6542377882,0.0000001113,0.0250939169,6643803.3510698555,10.9999998461,-0.0000001707,103.9999967930,92.6114404740,90.0077270100,0.0289743290,175.2922992280,191.6700802036,0.0000001117,0.0000001448,6643496.1079805102,-307.2434315544
10,2,0,999.000000,9.9999998544,-0.0000001668,93.9998022290,92.5931888933,90.0057150603,0.0289391020,174.6750387881,191.6542378132,-0.0000001108,-0.0465197606,6643803.3509622645,10.9999998096,-0.0000001747,103.9999996322,92.6114404731,90.0077270097,0.0289743290,175.2922992692,191.6700801994,0.0000000186,0.0000000197,6643496.1079559708,-307.2434065162
10,3,0,999.000000,10.0000003584,0.0000000811,94.0001001782,92.5932389943,90.0057150603,0.0289391020,174.6750387402,191.6542378079,0.0000000271,-0.0934377631,6643803.3510155119,11.0000001122,-0.0000001326,104.0000030082,92.6114404738,90.0077270099,0.0289743290,175.2922989324,191.6700802037,0.0000000572,-0.0000000062,6643496.1080609113,-307.2434227613
10,4,0,999.000000,9.9999997517,-0.0000000141,94.0003470776,92.5931135921,90.0057150597,0.0289391020,174.6750391921,191.6542377962,0.0000000016,0.1291935133,6643803.3510714276,11.0000003706,0.0000000808,103.9999972046,92.6114404712,90.0077270101,0.0289743290,175.2922990478,191.6700802121,-0.0000000301,0.0000001615,6643496.1080540167,-307.2434161845
10,5,0,999.000000,10.0000001300,0.0000000482,93.9995604514,92.5932582640,90.0057150602,0.0289391020,174.6750389066,191.6542378053,-0.0000000209,0.2181404180,6643803.3511076653,10.9999997742,-0.0000001381,104.0000008727,92.6114404723,90.0077270099,0.0289743290,175.2922989660,191.6700802049,-0.0000000606,0.0000001719,6643496.1081079431,-307.2434265958
10,6,1,0.000694,9.9999998624,-0.0000001774,94.0311392704,92.6092283576,90.0057150601,0.0289391020,174.6750389439,191.6542377971,0.0000001749,4.0000000000,6643803.3509681523,10.9999998586,0.0000000543,103.9999970161,92.6114404704,90.0077270100,0.0289743290,175.2922992577,191.6700801928,-0.0000001117,0.0000000100,6643496.1079100845,-307.2434388120
10,7,1,0.000810,10.0000001530,-0.0000001146,94.0595310588,92.6033387208,90.0057150600,0.0289391020,174.6750385273,191.6542377892,0.0000000014,4.0000000000,6643803.3510385770,11.0000000502,0.0000000165,103.9999988815,92.6114404752,90.0077270097,0.0289743290,175.2922990273,191.6700802038,-0.0000001037,0.0000000744,6643496.1080060732,-307.2434043351
10,8,1,0.000926,9.9999997761,-0.0000000288,94.0230251012,92.6289329631,90.0057150597,0.0289391020,174.6750388746,191.6542377954,-0.0000000737,4.0000000000,6643803.3510051258,11.0000001278,-0.0000002092,104.0000040581,92.6114404744,90.0077270094,0.0289743290,175.2922993844,191.6700802000,-0.0000001297,0.0000001015,6643496.1079869317,-307.2434149346
10,9,0,999.000000,10.0000006374,-0.0000000473,94.0822540577,92.6382938507,90.0057150600,0.0289391020,174.6750389452,191.6542377996,-0.0000000765,4.0000000000,6643803.3510436546,10.9999996851,0.0000000838,104.0000035745,92.6114404704,90.0077270101,0.0289743290,175.2922988354,191.6700801987,-0.0000000239,0.0000001430,6643496.1080180798,-307.2434224381
11,0,0,999.000000,2.0000002437,-0.0000002247,13.9999982574,92.5120155806,90.0000190102,0.0288179200,169.8156376732,191.4487427048,-0.0000000635,-0.0000001190,6645156.1179715628,2.9999999470,-0.0000000605,23.9999936650,92.5157162429,90.0000971803,0.0288173150,170.4155403012,191.4819587986,-0.0000000007,0.0000000599,6645095.3660362074,-60.7519373179
11,1,0,999.000000,2.0000000236,0.0000000751,13.9999645579,92.5119897269,90.0000190100,0.0288179200,169.8156382658,191.4487426944,0.0000000529,-0.0297745669,6645156.1179946307,3.0000001023,0.0000000218,24.0000015551,92.5157162447,90.0000971802,0.0288173150,170.4155408259,191.4819588079,-0.0000000092,-0.0000001217,6645095.3659464857,-60.7519225376
11,2,0,999.000000,1.9999998936,-0.0000001406,13.9998751338,92.5119332595,90.0000190098,0.0288179200,169.8156380890,191.4487427080,-0.0000000658,0.0521703516,6645156.1179502662,3.0000002557,0.0000000172,24.0000015891,92.5157162362,90.0000971798,0.0288173150,170.4155403342,191.4819588033,-0.0000001367,0.0000000848,6645095.3659332292,-60.7519259143
11,3,0,999.000000,2.0000001797,-0.0000000949,13.9997175765,92.5119737068,90.0000190100,0.0288179200,169.8156380856,191.4487426958,0.0000000067,-0.1109759226,6645156.1180530461,3.0000001927,-0.0000000292,23.9999986525,92.5157162421,90.0000971798,0.0288173150,170.4155407030,191.4819587942,0.0000000369,0.0000000316,6645095.3659947272,-60.7519352757
11,4,1,0.000463,2.0000000959,0.0000001431,14.0233050673,92.5192609881,90.0000190101,0.0288179200,169.8156380674,191.4487427084,0.0000002012,4.0000000000,6645156.1180113545,3.0000003002,0.0000000145,24.0000000687,92.5157162389,90.0000971804,0.0288173150,170.4155407678,191.4819588036,-0.0000001399,0.0000000368,6645095.3658862328,-60.7519252654
11,5,1,0.000579,2.0000002543,0.0000001963,14.0417307328,92.5330226278,90.0000190103,0.0288179200,169.8156379155,191.4487427095,0.0000001685,4.0000000000,6645156.1179599278,3.0000005707,-0.0000000531,23.9999990374,92.5157162411,90.0000971804,0.0288173150,170.4155405725,191.4819588033,0.0000000044,0.0000000558,6645095.3658629637,-60.7519334392
11,6,1,0.000694,1.9999998662,-0.0000000151,14.0966750502,92.5370877467,90.0000190100,0.0288179200,169.8156378031,191.4487427048,0.0000000630,4.0000000000,6645156.1180407796,2.9999998186,0.0000000253,24.0000023563,92.5157162399,90.0000971801,0.0288173150,170.4155404657,191.4819587985,-0.0000000747,-0.0000000177,6645095.3659161050,-60.7519351637
11,7,0,999.000000,1.9999999182,0.0000000875,14.0175762408,92.5375384076,90.0000190098,0.0288179200,169.8156379387,191.4487426940,-0.0000001296,4.0000000000,6645156.1180082634,3.0000001709,-0.0000000557,23.9999988138,92.5157162370,90.0000971800,0.0288173150,170.4155406002,191.4819587873,-0.0000000360,0.0000000301,6645095.3660099590,-60.7519069384
11,8,0,999.000000,2.0000002629,-0.0000000550,14.0960496141,92.5246135031,90.0000190103,0.0288179200,169.8156383192,191.4487427063,0.0000000482,4.0000000000,6645156.1180179361,2.9999994463,-0.0000000279,24.0000024275,92.5157162398,90.0000971796,0.0288173150,170.4155407978,191.4819588089,-0.0000000062,0.0000000951,6645095.3659801455,-60.7519459135
11,9,0,999.000000,1.9999997345,0.0000001904,14.0711747030,92.5272046117,90.0000190100,0.0288179200,169.8156377359,191.4487427114,-0.0000001168,4.0000000000,6645156.1179500222,2.9999998309,-0.0000000837,23.9999982540,92.5157162383,90.0000971799,0.0288173150,170.4155403069,191.4819588016,0.0000001218,-0.0000000513,6645095.3659611074,-60.7519328534
12,0,0,999.000000,4.9999997591,-0.0000000887,44.0000015361,92.5286524534,90.0005939199,0.0288296640,171.6217023365,191.5420286955,-0.0000000031,-0.0000000910,6644880.6379573457,5.9999998082,0.0000000292,53.9999994619,92.5378818727,90.0010938295,0.0288426000,172.2280048800,191.5688397805,-0.0000000500,-0.0000000526,6644726.7730752118,-153.8653754129
12,1,0,999.000000,5.0000001100,0.0000002410,44.0000361148,92.5286590282,90.0005939202,0.0288296640,171.6217027003,191.5420287004,-0.0000000512,-0.0263065475,6644880.6379900416,5.9999995539,-0.0000000301,54.0000007157,92.5378818771,90.0010938298,0.0288426000,172.2280050134,191.5688397965,0.0000001429,-0.0000000615,6644726.7730176076,-153.8653759556
12,2,0,999.000000,4.9999999496,0.0000000669,44.0001341104,92.5287395504,90.0005939199,0.0288296640,171.6217026661,191.5420286995,0.0000000092,-0.0313226343,6644880.6379947066,6.0000000617,0.0000001578,54.0000028305,92.5378818828,90.0010938299,0.0288426000,172.2280049670,191.5688398062,0.0000001473,-0.0000000604,6644726.7729875641,-153.8653865327
12,3,0,999.000000,4.9999998873,-0.0000000468,43.9998596633,92.5285596300,90.0005939201,0.0288296640,171.6217027844,191.5420286873,0.0000000010,0.0573169514,6644880.6379830446,6.0000002369,0.0000000816,54.0000024851,92.5378818805,90.0010938301,0.0288426000,172.2280049111,191.5688397921,-0.0000001707,-0.0000001554,6644726.7729853643,-153.8653667353
12,4,0,999.000000,4.9999998481,-0.0000001057,44.0002647539,92.5287728416,90.0005939201,0.0288296640,171.6217023829,191.5420287021,-0.0000001912,-0.1956755734,6644880.6379376790,6.0000005708,0.0000000911,54.0000003038,92.5378818841,90.0010938298,0.0288426000,172.2280048349,191.5688398019,0.0000001272,0.0000000732,6644726.7730156416,-153.8653866693
12,5,0,999.000000,4.9999997242,0.0000000177,44.0003180765,92.5286411224,90.0005939200,0.0288296640,171.6217025817,191.5420287033,0.0000002081,0.1617759389,6644880.6380265197,5.9999999811,0.0000000451,53.9999987629,92.5378818795,90.0010938300,0.0288426000,172.2280045342,191.5688397983,-0.0000001416,0.0000000653,6644726.7728989357,-153.8653628818
12,6,0,999.000000,4.9999996303,-0.0000001397,43.9994804643,92.5286030530,90.0005939197,0.0288296640,171.6217026214,191.5420287043,0.0000001200,0.1288519196,6644880.6379812611,6.0000003314,-0.0000001870,53.9999988841,92.5378818806,90.0010938301,0.0288426000,172.2280048060,191.5688397823,-0.0000000658,0.0000000454,6644726.7729467852,-153.8653714772
12,7,0,999.000000,5.0000001284,0.0000000267,43.9993560761,92.5285958785,90.0005939201,0.0288296640,171.6217025902,191.5420286831,0.0000001144,0.2291115451,6644880.6380194770,5.9999995515,0.0000001380,53.9999986638,92.5378818791,90.0010938297,0.0288426000,172.2280050023,191.5688398091,-0.0000000166,-0.0000000679,6644726.7729795743,-153.8653750991
12,8,0,999.000000,4.9999995650,0.0000000322,43.9996985899,92.5287108838,90.0005939200,0.0288296640,171.6217024789,191.5420287132,0.0000000202,0.0112765172,6644880.6379666133,6.0000005222,0.0000000775,54.0000015885,92.5378818808,90.0010938299,0.0288426000,172.2280048245,191.5688397860,-0.0000001117,-0.0000000186,6644726.7730167937,-153.8653725016
12,9,0,999.000000,5.0000003501,-0.0000000226,43.9992511839,92.5285562476,90.0005939199,0.0288296640,171.6217024947,191.5420287104,-0.0000000474,0.3581681895,6644880.6379846791,6.0000003683,0.0000001088,54.0000012739,92.5378818763,90.0010938298,0.0288426000,172.2280044071,191.5688398090,-0.0000000328,-0.0000000338,6644726.7730810503,-153.8653762193
13,0,0,999.000000,6.9999998336,-0.0000000225,64.0000018275,92.5489466586,90.0018155100,0.0288600270,172.8364772424,191.5934784925,-0.0000000158,-0.0000000026,6644542.0070197619,8.0000001930,-0.0000001099,73.9999976675,92.5618415069,90.0027994104,0.0288819310,173.4471340028,191.6159309004,-0.0000000716,0.0000001564,6644326.4370222669,-215.5697489491
13,1,0,999.000000,6.9999996825,-0.0000000469,63.9999234846,92.5489137864,90.0018155098,0.0288600270,172.8364775493,191.5934784928,-0.0000001222,-0.0092283388,6644542.0070168348,8.0000002311,0.0000000916,74.0000055649,92.5618415095,90.0027994096,0.0288819310,173.4471338831,191.6159308932,0.0000000100,0.0000000866,6644326.4369547106,-215.5697380035
13,2,0,999.000000,7.0000000901,0.0000001211,64.0000692456,92.5489468006,90.0018155098,0.0288600270,172.8364772717,191.5934784972,0.0000000305,0.0237543353,6644542.0070127714,8.0000001040,0.0000000143,73.9999967583,92.5618415115,90.0027994105,0.0288819310,173.4471334839,191.6159309088,-0.0000000703,0.0000002266,6644326.4370063040,-215.5697642335
13,3,0,999.000000,6.9999994070,-0.0000000121,63.9998943975,92.5489949976,90.0018155099,0.0288600270,172.8364778231,191.5934784985,-0.0000001663,0.1329184287,6644542.0069983704,8.0000003381,0.0000000637,74.0000013220,92.5618415142,90.0027994098,0.0288819310,173.4471339090,191.6159308981,-0.0000001006,-0.0000000344,6644326.4369984986,-215.5697525928
13,4,0,999.000000,6.9999996403,0.0000000766,63.9996164017,92.5488917631,90.0018155101,0.0288600270,172.8364774639,191.5934784905,-0.0000001000,-0.1336396140,6644542.0070035951,7.9999999128,0.0000000433,74.0000011158,92.5618415150,90.0027994100,0.0288819310,173.4471341609,191.6159309163,-0.0000000127,-0.0000000420,6644326.4370681345,-215.5697458834
13,5,0,999.000000,7.0000003681,0.0000001216,63.9998187421,92.5491437933,90.0018155099,0.0288600270,172.8364775222,191.5934785068,-0.0000000497,-0.0005143111,6644542.0070837494,8.0000002419,-0.0000000809,73.9999976958,92.5618415088,90.0027994099,0.0288819310,173.4471341105,191.6159309021,0.0000000202,-0.0000000241,6644326.4369959990,-215.5697422390
13,6,0,999.000000,6.9999996128,0.0000000923,63.9998394326,92.5490897626,90.0018155098,0.0288600270,172.8364774214,191.5934785071,-0.0000000444,0.1167923832,6644542.0069753937,7.9999996134,-0.0000001132,73.9999998207,92.5618415098,90.0027994101,0.0288819310,173.4471341708,191.6159308981,-0.0000001996,-0.0000000121,6644326.4368912848,-215.5697468943
13,7,0,999.000000,7.0000003037,-0.0000000789,63.9999648227,92.5486433414,90.0018155101,0.0288600270,172.8364776316,191.5934785053,0.0000001097,0.3328310444,6644542.0070477426,8.0000004150,-0.0000000039,73.9999978764,92.5618415077,90.0027994103,0.0288819310,173.4471338284,191.6159308925,0.0000000921,-0.0000000754,6644326.4370551687,-215.5697451751
13,8,0,999.000000,6.9999999787,-0.0000000164,64.0004641404,92.5488010481,90.0018155099,0.0288600270,172.8364776943,191.5934785084,-0.0000001104,0.0403774352,6644542.0070460336,8.0000002151,0.0000000462,73.9999995111,92.5618415156,90.0027994101,0.0288819310,173.4471341522,191.6159309007,0.0000000350,0.0000000203,6644326.4370269123,-215.5697579732
13,9,0,999.000000,6.9999995832,-0.0000001827,64.0003188285,92.5485309373,90.0018155103,0.0288600270,172.8364772742,191.5934785024,-0.0000000030,-0.3037158924,6644542.0071010375,7.9999997211,-0.0000002243,74.0000045431,92.5618415081,90.0027994099,0.0288819310,173.4471339004,191.6159308946,-0.0000000997,0.0000000065,6644326.4369782228,-215.5697428259
14,0,0,999.000000,4.0000006219,0.0000001191,34.0000006106,92.5212627328,90.0002752502,0.0288212330,171.0175543578,191.5130617006,0.0000000862,0.0000000139,6645003.5239281738,4.9999997694,-0.0000000074,43.9999997827,92.5286524564,90.0005939197,0.0288296640,171.6217029603,191.5420287162,-0.0000000404,0.0000000491,6644880.6380308662,-122.8854265672
14,1,0,999.000000,3.9999999716,0.0000000560,34.0000617608,92.5212953638,90.0002752499,0.0288212330,171.0175545926,191.5130617014,0.0000000473,-0.0451635910,6645003.5239962023,4.9999998306,0.0000000844,43.9999994975,92.5286524465,90.0005939197,0.0288296640,171.6217027230,191.5420286958,-0.0000000234,0.0000000807,6644880.6379841054,-122.8854411480
14,2,0,999.000000,3.9999994899,0.0000001064,33.9998745091,92.5212031926,90.0002752501,0.0288212330,171.0175545813,191.5130617104,0.0000000522,-0.0673266581,6645003.5241035009,5.0000002554,0.0000000574,43.9999963341,92.5286524458,90.0005939201,0.0288296640,171.6217025927,191.5420287010,0.0000001589,0.0000000695,6644880.6379381875,-122.8854292884
14,3,0,999.000000,3.9999997688,-0.0000000538,34.0002933130,92.5213180251,90.0002752495,0.0288212330,171.0175544410,191.5130616985,0.0000000189,-0.0425581578,6645003.5240004314,5.0000000363,-0.0000000735,44.0000029109,92.5286524506,90.0005939201,0.0288296640,171.6217030677,191.5420287042,-0.0000000488,0.0000000821,6644880.6379112843,-122.8854272398
14,4,1,0.000463,4.0000002809,-0.0000002106,34.0297918074,92.5355857477,90.0002752499,0.0288212330,171.0175544371,191.5130616995,-0.0000001011,4.0000000000,6645003.5240696948,5.0000001910,-0.0000000925,43.9999954112,92.5286524489,90.0005939199,0.0288296640,171.6217026064,191.5420287036,0.0000001935,0.0000000816,6644880.6379973954,-122.8854299235
14,5,1,0.000579,3.9999998976,-0.0000000502,34.0422733650,92.5418230618,90.0002752500,0.0288212330,171.0175544071,191.5130617094,-0.0000000877,4.0000000000,6645003.5239204019,5.0000001249,0.0000000475,43.9999977149,92.5286524514,90.0005939203,0.0288296640,171.6217027879,191.5420286823,-0.0000000966,0.0000001629,6644880.6379684824,-122.8854387055
14,6,1,0.000694,3.9999999703,-0.0000001239,34.0251315894,92.5475378581,90.0002752501,0.0288212330,171.0175544915,191.5130616988,0.0000000331,4.0000000000,6645003.5240400545,4.9999996905,0.0000001376,44.0000008994,92.5286524522,90.0005939204,0.0288296640,171.6217026937,191.5420286962,-0.0000001568,0.0000000347,6644880.6381360618,-122.8854446108
14,7,0,999.000000,3.9999999907,0.0000000233,34.0256240669,92.5492833139,90.0002752502,0.0288212330,171.0175545090,191.5130617018,0.0000001074,4.0000000000,6645003.5240411749,4.9999999146,0.0000001312,44.0000009214,92.5286524506,90.0005939197,0.0288296640,171.6217025546,191.5420286955,-0.0000000815,-0.0000001066,6644880.6381151080,-122.8854164987
14,8,0,999.000000,3.9999998002,-0.0000000918,34.0806067067,92.5610740030,90.0002752502,0.0288212330,171.0175549012,191.5130616886,0.0000001259,4.0000000000,6645003.5239556665,5.0000002893,0.0000000336,43.9999993466,92.5286524473,90.0005939198,0.0288296640,171.6217027001,191.5420287056,-0.0000000791,-0.0000000780,6644880.6380586158,-122.8854402629
14,9,0,999.000000,3.9999998807,-0.0000000986,34.0535328303,92.5310236626,90.0002752502,0.0288212330,171.0175545612,191.5130616847,0.0000000047,4.0000000000,6645003.5239568269,4.9999997604,0.0000000764,43.9999955686,92.5286524479,90.0005939201,0.0288296640,171.6217026588,191.5420287053,0.0000000422,0.0000000267,6644880.6379816290,-122.8854250197
15,0,0,999.000000,8.0000008389,-0.0000000913,73.9999979875,92.5618415124,90.0027994099,0.0288819310,173.4471340267,191.6159308969,-0.0000000753,-0.0000000789,6644326.4369821316,8.9999999499,-0.0000000832,83.9999996863,92.5765602565,90.0040858702,0.0289082960,174.0599851769,191.6361864946,0.0000000178,0.0000001265,6644080.1760805389,-246.2615812342
15,1,0,999.000000,8.0000002890,0.0000000539,74.0000755071,92.5618047355,90.0027994103,0.0288819310,173.4471341227,191.6159309112,-0.0000000113,0.0129628194,6644326.4370304095,9.0000005319,-0.0000000281,83.9999977569,92.5765602586,90.0040858696,0.0289082960,174.0599852101,191.6361864985,0.0000000910,-0.0000000377,6644080.1760411235,-246.2615780018
15,2,0,999.000000,8.0000000173,0.0000000348,74.0001388038,92.5617934261,90.0027994099,0.0288819310,173.4471339110,191.6159308997,-0.0000000219,-0.0376857507,6644326.4369931212,8.9999998164,-0.0000002619,83.9999959872,92.5765602603,90.0040858703,0.0289082960,174.0599851479,191.6361865031,0.0000000878,-0.0000000420,6644080.1759630106,-246.2615579882
15,3,0,999.000000,8.0000002287,-0.0000000797,73.9998723102,92.5618789111,90.0027994105,0.0288819310,173.4471339022,191.6159309064,0.0000000901,0.0750782756,6644326.4370287117,9.0000002188,-0.0000000994,83.9999969414,92.5765602574,90.0040858700,0.0289082960,174.0599851295,191.6361865055,0.0000000283,0.0000000169,6644080.1759860236,-246.2615721527
15,4,0,999.000000,7.9999999731,-0.0000000821,73.9999450228,92.5616660831,90.0027994100,0.0288819310,173.4471341226,191.6159309087,0.0000000037,-0.1260319310,6644326.4370294809,8.9999994661,0.0000000910,83.9999979601,92.5765602592,90.0040858702,0.0289082960,174.0599854132,191.6361865081,0.0000000110,0.0000000311,6644080.1759935301,-246.2615677753
15,5,0,999.000000,7.9999996793,-0.0000000618,74.0003328386,92.5618427439,90.0027994100,0.0288819310,173.4471341384,191.6159309095,0.0000000133,-0.1922206848,6644326.4369555572,9.0000002611,0.0000000459,84.0000006695,92.5765602614,90.0040858698,0.0289082960,174.0599855988,191.6361864988,-0.0000000183,-0.0000001102,6644080.1759197256,-246.2615695829
15,6,1,0.000694,8.0000000154,0.0000000243,74.0221666477,92.5729940201,90.0027994104,0.0288819310,173.4471338373,191.6159309047,0.0000001254,4.0000000000,6644326.4369539702,9.0000005058,-0.0000000792,84.0000009739,92.5765602643,90.0040858699,0.0289082960,174.0599852032,191.6361865064,0.0000001060,0.0000000034,6644080.1761020143,-246.2615685166
15,7,1,0.000810,8.0000003712,0.0000001553,74.0353081961,92.5763067928,90.0027994101,0.0288819310,173.4471340380,191.6159309019,0.0000001283,4.0000000000,6644326.4370098794,9.0000003273,0.0000000418,84.0000014751,92.5765602661,90.0040858699,0.0289082960,174.0599853126,191.6361865015,0.0000000722,0.0000000107,6644080.1760409083,-246.2615465985
15,8,1,0.000926,7.9999992588,0.0000000514,74.0888041790,92.5994665420,90.0027994100,0.0288819310,173.4471340785,191.6159309055,-0.0000000702,4.0000000000,6644326.4370097872,8.9999995959,0.0000000215,83.9999958897,92.5765602618,90.0040858699,0.0289082960,174.0599851986,191.6361864962,0.0000001069,0.0000000173,6644080.1759481942,-246.2615541823
15,9,0,999.000000,8.0000001799,0.0000000807,74.0817442989,92.5942034374,90.0027994100,0.0288819310,173.4471340113,191.6159308952,0.0000000110,4.0000000000,6644326.4369094064,9.0000001173,-0.0000000311,83.9999999233,92.5765602572,90.0040858697,0.0289082960,174.0599854937,191.6361865030,-0.0000001811,0.0000000483,6644080.1759027066,-246.2615746608
16,0,0,999.000000,3.9999999045,0.0000001094,33.9999996426,92.5212627284,90.0002752499,0.0288212330,171.0175543708,191.5130617100,-0.0000001135,0.0000000488,6645003.5240135314,5.0000004657,-0.0000000654,43.9999973269,92.5286524496,90.0005939204,0.0288296640,171.6217022476,191.5420287004,0.0000000950,-0.0000001014,6644880.6380459359,-122.8854374825
16,1,0,999.000000,3.9999999579,0.0000000960,33.9999873977,92.5212292768,90.0002752500,0.0288212330,171.0175547661,191.5130617069,0.0000000761,-0.0318182287,6645003.5240176860,5.0000003589,-0.0000001333,43.9999989963,92.5286524475,90.0005939201,0.0288296640,171.6217025957,191.5420286830,-0.0000000412,0.0000000913,6644880.6380291255,-122.8854245045
16,2,0,999.000000,4.0000000903,0.0000001838,33.9998734559,92.5212960686,90.0002752501,0.0288212330,171.0175545715,191.5130617068,0.0000000589,0.0183433854,6645003.5240151780,5.0000000488,-0.0000001689,44.0000005553,92.5286524488,90.0005939198,0.0288296640,171.6217029189,191.5420286918,0.0000000347,0.0000001458,6644880.6379189454,-122.8854276176
16,3,0,999.000000,4.0000000356,0.0000001363,34.0000155186,92.5212969945,90.0002752498,0.0288212330,171.0175541374,191.5130617043,-0.0000000548,0.1417386094,6645003.5239647198,4.9999995148,-0.0000000471,43.9999943258,92.5286524524,90.0005939195,0.0288296640,171.6217023368,191.5420286977,0.0000001643,0.0000000361,6644880.6379532209,-122.8854285766
16,4,0,999.000000,3.9999999713,-0.0000001596,34.0003738754,92.5214087581,90.0002752499,0.0288212330,171.0175547744,191.5130617002,0.0000000118,0.1865096517,6645003.5240536332,4.9999999389,-0.0000000521,43.9999954596,92.5286524498,90.0005939199,0.0288296640,171.6217030223,191.5420286912,-0.0000001122,-0.0000000276,6644880.6379557922,-122.8854263728
16,5,0,999.000000,3.9999999062,0.0000001599,33.9995820190,92.5213542895,90.0002752497,0.0288212330,171.0175540055,191.5130616937,0.0000000957,0.0516065827,6645003.5239899112,4.9999999936,-0.0000000689,44.0000005881,92.5286524525,90.0005939196,0.0288296640,171.6217028630,191.5420286970,0.0000000701,0.0000002815,6644880.6379943471,-122.8854248136
16,6,0,999.000000,4.0000000357,0.0000000710,33.9996515511,92.5210409391,90.0002752499,0.0288212330,171.0175545573,191.5130617065,0.0000000250,0.2907927675,6645003.5239819577,4.9999997795,0.0000000764,44.0000032381,92.5286524470,90.0005939199,0.0288296640,171.6217029831,191.5420287040,-0.0000001324,-0.0000000093,6644880.6379866796,-122.8854387001
16,7,0,999.000000,3.9999999699,0.0000000634,34.0006741202,92.5213626788,90.0002752496,0.0288212330,171.0175544609,191.5130617066,0.0000000080,-0.1368565890,6645003.5239823572,4.9999996844,0.0000001421,43.9999996741,92.5286524507,90.0005939203,0.0288296640,171.6217028041,191.5420286958,-0.0000000132,0.0000000072,6644880.6379187275,-122.8854352038
16,8,0,999.000000,4.0000003482,-0.0000000493,34.0000104495,92.5208686119,90.0002752499,0.0288212330,171.0175543976,191.5130617110,-0.0000001084,-0.0714145535,6645003.5239617135,5.0000002154,-0.0000000145,43.9999990793,92.5286524459,90.0005939200,0.0288296640,171.6217024061,191.5420287009,-0.0000000635,0.0000001684,6644880.6380541753,-122.8854132536
16,9,0,999.000000,3.9999998044,0.0000001070,34.0006836022,92.5209963248,90.0002752499,0.0288212330,171.0175545589,191.5130617069,0.0000000004,-0.0745520870,6645003.5240746215,5.0000001095,0.0000000312,43.9999956373,92.5286524415,90.0005939201,0.0288296640,171.6217026100,191.5420287017,-0.0000000060,0.0000001128,6644880.6380046653,-122.8854349209
17,0,0,999.000000,6.9999998436,0.0000000931,64.0000002049,92.5489466530,90.0018155101,0.0288600270,172.8364771994,191.5934785032,0.0000001830,0.0000000112,6644542.0070519969,7.9999998730,-0.0000000018,73.9999994123,92.5618415087,90.0027994100,0.0288819310,173.4471339422,191.6159309095,-0.0000000964,-0.0000001066,6644326.4370033164,-215.5697483144
17,1,0,999.000000,7.0000001084,0.0000000675,63.9999780724,92.5489414103,90.0018155099,0.0288600270,172.8364774269,191.5934785095,0.0000001973,0.0320591854,6644542.0069240676,8.0000000180,0.0000000090,74.0000019498,92.5618415099,90.0027994100,0.0288819310,173.4471339455,191.6159309036,-0.0000002008,-0.0000000317,6644326.4370372659,-215.5697347562
17,2,0,999.000000,6.9999997631,0.0000001333,63.9998585683,92.5490170285,90.0018155097,0.0288600270,172.8364775982,191.5934784954,0.0000000589,0.0336006670,6644542.0070323385,8.0000005222,0.0000000590,74.0000004220,92.5618415163,90.0027994101,0.0288819310,173.4471341202,191.6159309032,-0.0000000308,-0.0000000518,6644326.4369838424,-215.5697540148
17,3,0,999.000000,6.9999999237,0.0000000177,64.0001248693,92.5488339849,90.0018155102,0.0288600270,172.8364775031,191.5934784937,0.0000000776,0.0243646135,6644542.0069846669,8.0000000156,-0.0000001343,74.0000027921,92.5618415142,90.0027994099,0.0288819310,173.4471341361,191.6159308994,-0.0000001108,0.0000001594,6644326.4369787350,-215.5697546995
17,4,0,999.000000,7.0000003174,0.0000002186,63.9999219604,92.5490215364,90.0018155099,0.0288600270,172.8364773053,191.5934784941,-0.0000000305,-0.0886929787,6644542.0070187943,7.9999998270,0.0000000085,74.0000045812,92.5618415104,90.0027994104,0.0288819310,173.4471341035,191.6159308975,0.0000001041,-0.0000000250,6644326.4369998910,-215.5697463730
17,5,0,999.000000,6.9999999985,-0.0000000333,63.9999358721,92.5487424048,90.0018155100,0.0288600270,172.8364774613,191.5934784998,-0.0000000768,-0.1161038343,6644542.0069629038,7.9999997149,0.0000000934,74.0000022961,92.5618415130,90.0027994100,0.0288819310,173.4471339608,191.6159309073,-0.0000001820,-0.0000000514,6644326.4369519288,-215.5697372457
17,6,1,0.000694,6.9999996859,0.0000000498,64.0301139042,92.5578822743,90.0018155099,0.0288600270,172.8364773713,191.5934785084,0.0000001140,4.0000000000,6644542.0068966383,7.9999997345,0.0000001814,73.9999948279,92.5618415158,90.0027994100,0.0288819310,173.4471337763,191.6159308968,0.0000001747,-0.0000000048,6644326.4369759196,-215.5697457036
17,7,1,0.000810,6.9999999448,-0.0000001234,64.0494437224,92.5595925422,90.0018155097,0.0288600270,172.8364773478,191.5934784925,0.0000002023,4.0000000000,6644542.0069741253,7.9999997759,0.0000000881,73.9999982420,92.5618415125,90.0027994100,0.0288819310,173.4471338178,191.6159308936,-0.0000000281,-0.0000000198,6644326.4369807923,-215.5697259743
17,8,0,999.000000,7.0000002215,0.0000001306,64.0625639215,92.5637308499,90.0018155099,0.0288600270,172.8364776036,191.5934784968,-0.0000000047,4.0000000000,6644542.0071259877,8.0000000771,-0.0000000238,73.9999964354,92.5618415147,90.0027994100,0.0288819310,173.4471341932,191.6159308967,-0.0000001392,0.0000000273,6644326.4369666884,-215.5697489512
17,9,0,999.000000,7.0000003013,0.0000001204,64.0495014278,92.5845652654,90.0018155102,0.0288600270,172.8364771336,191.5934784984,0.0000000535,4.0000000000,6644542.0070241624,8.0000002401,0.0000001045,73.9999990252,92.5618415095,90.0027994103,0.0288819310,173.4471340750,191.6159308949,0.0000001100,-0.0000000018,6644326.4370004116,-215.5697339748
18,0,0,999.000000,6.0000001585,0.0000000680,53.9999944371,92.5378818779,90.0010938298,0.0288426000,172.2280048837,191.5688398116,-0.0000000495,-0.0000000498,6644726.7730523637,7.0000000852,0.0000001268,64.0000008293,92.5489466562,90.0018155097,0.0288600270,172.8364775157,191.5934785085,0.0000001849,0.0000000843,6644542.0070629958,-184.7655960414
18,1,0,999.000000,5.9999996678,-0.0000001146,54.0000014617,92.5379230636,90.0010938302,0.0288426000,172.2280049705,191.5688398049,0.0000000450,0.0258977730,6644726.7729376759,7.0000000573,-0.0000000081,64.0000002266,92.5489466585,90.0018155101,0.0288600270,172.8364773067,191.5934784953,0.0000000864,-0.0000000012,6644542.0069750352,-184.7655942102
18,2,0,999.000000,6.0000001136,-0.0000000958,53.9998558545,92.5378028108,90.0010938302,0.0288426000,172.2280046598,191.5688398083,-0.0000002170,-0.0813966376,6644726.7729563313,6.9999996115,-0.0000001584,64.0000011862,92.5489466593,90.0018155101,0.0288600270,172.8364774464,191.5934785047,-0.0000000070,-0.0000001187,6644542.0070573064,-184.7655961220
18,3,0,999.000000,5.9999997313,0.0000001359,54.0000773639,92.5378609197,90.0010938301,0.0288426000,172.2280045803,191.5688398152,0.0000000415,-0.0351498782,6644726.7730668196,7.0000002794,-0.0000000111,64.0000034976,92.5489466608,90.0018155103,0.0288600270,172.8364772093,191.5934785056,-0.0000000182,0.0000000138,6644542.0070068855,-184.7655901291
18,4,0,999.000000,5.9999994769,-0.0000000598,53.9997702084,92.5377879499,90.0010938300,0.0288426000,172.2280048715,191.5688397982,0.0000001393,0.1997402041,6644726.7730397535,6.9999997225,-0.0000000079,63.9999991370,92.5489466567,90.0018155101,0.0288600270,172.8364775146,191.5934784924,0.0000001719,-0.0000000896,6644542.0070118811,-184.7655838808
18,5,1,0.000579,5.9999998361,0.0000000222,54.0256326843,92.5421309456,90.0010938302,0.0288426000,172.2280048557,191.5688397961,-0.0000000849,4.0000000000,6644726.7729772832,6.9999998711,0.0000001165,63.9999992701,92.5489466578,90.0018155100,0.0288600270,172.8364771926,191.5934784979,-0.0000000339,-0.0000000172,6644542.0070393048,-184.7655896885
18,6,1,0.000694,6.0000003918,-0.0000001379,54.0414348565,92.5545822302,90.0010938300,0.0288426000,172.2280050343,191.5688397992,0.0000001375,4.0000000000,6644726.7730421983,7.0000000657,0.0000001730,63.9999957576,92.5489466562,90.0018155105,0.0288600270,172.8364772829,191.5934784938,0.0000001148,-0.0000001253,6644542.0070012165,-184.7655932545
18,7,1,0.000810,6.0000002977,-0.0000000240,54.0924803224,92.5789088189,90.0010938299,0.0288426000,172.2280047283,191.5688398052,-0.0000000573,4.0000000000,6644726.7730188835,7.0000001838,-0.0000001316,63.9999991180,92.5489466639,90.0018155102,0.0288600270,172.8364772956,191.5934785139,-0.0000001447,-0.0000000059,6644542.0069206515,-184.7655792452
18,8,0,999.000000,6.0000005022,-0.0000000391,54.0700036222,92.5553924407,90.0010938300,0.0288426000,172.2280048491,191.5688397987,0.0000000367,4.0000000000,6644726.7731009098,7.0000001599,-0.0000001075,64.0000003577,92.5489466574,90.0018155099,0.0288600270,172.8364777683,191.5934784951,0.0000000688,-0.0000000323,6644542.0069372440,-184.7655891480
18,9,0,999.000000,6.0000001151,-0.0000000924,54.0423665959,92.5776300827,90.0010938301,0.0288426000,172.2280049275,191.5688398080,0.0000001564,4.0000000000,6644726.7729640789,7.0000002578,0.0000001130,63.9999980631,92.5489466576,90.0018155098,0.0288600270,172.8364771778,191.5934784911,-0.0000000294,0.0000000271,6644542.0070234835,-184.7655954080
19,0,0,999.000000,9.0000000183,-0.0000001138,84.0000034753,92.5765602630,90.0040858698,0.0289082960,174.0599852042,191.6361865047,0.0000000495,0.0000000044,6644080.1760124732,9.9999996302,0.0000000381,93.9999997102,92.5930958878,90.0057150596,0.0289391020,174.6750389624,191.6542377879,0.0000000018,0.0000000122,6643803.3509699749,-276.8248332330
19,1,0,999.000000,8.9999999619,-0.0000000813,83.9999011690,92.5766065674,90.0040858701,0.0289082960,174.0599852053,191.6361865087,0.0000000115,-0.0203103834,6644080.1759403506,10.0000000667,-0.0000000676,94.0000013633,92.5930958948,90.0057150601,0.0289391020,174.6750390095,191.6542378029,0.0000002059,0.0000000254,6643803.3509682817,-276.8248297689
19,2,0,999.000000,9.0000000329,0.0000000181,84.0000114187,92.5765771370,90.0040858701,0.0289082960,174.0599853505,191.6361865046,-0.0000000274,-0.0282546450,6644080.1760504451,9.9999997825,-0.0000000469,94.0000035451,92.5930958882,90.0057150600,0.0289391020,174.6750385883,191.6542377991,-0.0000001011,0.0000000255,6643803.3510598969,-276.8248562269
19,3,0,999.000000,8.9999998831,-0.0000000594,83.9998822791,92.5766119670,90.0040858702,0.0289082960,174.0599851853,191.6361865053,0.0000000138,-0.1253967378,6644080.1760098152,10.0000000589,0.0000000801,94.0000074214,92.5930958941,90.0057150601,0.0289391020,174.6750388649,191.6542377911,0.0000000665,-0.0000001015,6643803.3509798227,-276.8248306579
19,4,0,999.000000,8.9999996540,-0.0000000930,83.9996989220,92.5765935668,90.0040858702,0.0289082960,174.0599853391,191.6361864955,-0.0000000065,-0.1505735654,6644080.1760456059,9.9999997238,-0.0000001066,94.0000068332,92.5930958918,90.0057150602,0.0289391020,174.6750388209,191.6542377907,-0.0000000299,-0.0000000978,6643803.3509502616,-276.8248506337
19,5,1,0.000579,9.0000000329,-0.0000000880,84.0289589393,92.5863193260,90.0040858702,0.0289082960,174.0599852905,191.6361865017,0.0000001748,4.0000000000,6644080.1759924274,10.0000003154,-0.0000000380,94.0000008175,92.5930958933,90.0057150599,0.0289391020,174.6750392051,191.6542378066,0.0000000285,-0.0000000224,6643803.3509672610,-276.8248453595
19,6,1,0.000694,9.0000001100,-0.0000000023,84.0595338848,92.5801155413,90.0040858699,0.0289082960,174.0599852868,191.6361864971,-0.0000000973,4.0000000000,6644080.1760019390,10.0000005134,-0.0000001032,94.0000017960,92.5930958897,90.0057150605,0.0289391020,174.6750389567,191.6542377994,-0.0000000703,0.0000000311,6643803.3509251149,-276.8248484451
19,7,1,0.000810,9.0000002908,0.0000000185,84.0321748781,92.6237570563,90.0040858698,0.0289082960,174.0599860058,191.6361864981,-0.0000000882,4.0000000000,6644080.1759888800,9.9999998872,-0.0000000234,93.9999999385,92.5930958899,90.0057150598,0.0289391020,174.6750389212,191.6542378035,-0.0000001714,0.0000000157,6643803.3508924320,-276.8248381563
19,8,0,999.000000,8.9999999141,-0.0000000509,84.0894931987,92.5941558177,90.0040858698,0.0289082960,174.0599852190,191.6361865092,0.0000000049,4.0000000000,6644080.1759919245,9.9999999993,-0.0000002416,94.0000000694,92.5930958867,90.0057150595,0.0289391020,174.6750387152,191.6542377953,-0.0000000681,0.0000000002,6643803.3510956885,-276.8248472033
19,9,0,999.000000,8.9999999119,-0.0000000756,84.0190148016,92.6056061784,90.0040858700,0.0289082960,174.0599854022,191.6361865150,-0.0000002658,4.0000000000,6644080.1759378547,9.9999998893,0.0000000881,94.0000034404,92.5930958940,90.0057150603,0.0289391020,174.6750391444,191.6542378114,0.0000000139,0.0000001177,6643803.3510022340,-276.8248240994
20,0,0,999.000000,9.9999999084,-0.0000001030,93.9999996457,92.5930958908,90.0057150599,0.0289391020,174.6750387364,191.6542378087,-0.0000000294,0.0000001453,6643803.3510696283,10.9999999767,-0.0000001008,103.9999940087,92.6114404652,90.0077270097,0.0289743290,175.2922992202,191.6700802028,-0.0000002220,-0.0000001198,6643496.1080480572,-307.2434172580
20,1,0,999.000000,9.9999999577,0.0000000084,93.9999537705,92.5931438988,90.0057150601,0.0289391020,174.6750388609,191.6542377932,-0.0000002405,-0.0426914596,6643803.3510811841,10.9999995317,0.0000000055,103.9999979696,92.6114404717,90.0077270100,0.0289743290,175.2922990285,191.6700801941,0.0000001344,0.0000001293,6643496.1079831328,-307.2434089165
20,2,0,999.000000,10.0000004591,0.0000000734,94.0001559598,92.5931159963,90.0057150600,0.0289391020,174.6750385334,191.6542378158,0.0000000155,0.0935729530,6643803.3509973623,10.9999997889,-0.0000000186,103.9999954061,92.6114404774,90.0077270097,0.0289743290,175.2922991231,191.6700802092,0.0000000015,-0.0000001236,6643496.1080679530,-307.2434133203
20,3,0,999.000000,10.0000001547,-0.0000000469,94.0000073389,92.5932280964,90.0057150597,0.0289391020,174.6750392583,191.6542377932,0.0000000963,-0.0556237942,6643803.3510060478,11.0000004331,-0.0000000520,103.9999999578,92.6114404642,90.0077270098,0.0289743290,175.2922992750,191.6700802059,-0.0000000222,0.0000000286,6643496.1079823542,-307.2434132356
20,4,0,999.000000,9.9999999602,-0.0000000424,94.0000227503,92.5930034375,90.0057150599,0.0289391020,174.6750390295,191.6542377984,0.0000000031,-0.1495447760,6643803.3509990629,11.0000000831,-0.0000001179,103.9999993690,92.6114404720,90.0077270096,0.0289743290,175.2922992176,191.6700802003,0.0000001037,0.0000000334,6643496.1080800733,-307.2434286074
20,5,0,999.000000,10.0000000390,0.0000000086,94.0004328148,92.5932290670,90.0057150600,0.0289391020,174.6750388954,191.6542378093,0.0000000183,-0.2147249054,6643803.3509873813,11.0000001298,-0.0000001209,103.9999985647,92.6114404697,90.0077270097,0.0289743290,175.2922992547,191.6700802009,0.0000000806,-0.0000000601,6643496.1080031209,-307.2434257556
20,6,0,999.000000,10.0000002955,0.0000000502,94.0003372786,92.5929165954,90.0057150601,0.0289391020,174.6750387206,191.6542378004,-0.0000001074,-0.1669322967,6643803.3509781081,11.0000007294,-0.0000000040,103.9999959666,92.6114404696,90.0077270101,0.0289743290,175.2922990970,191.6700801887,0.0000000817,-0.0000001381,6643496.1079763714,-307.2434220836
20,7,0,999.000000,9.9999999800,-0.0000000050,93.9999415362,92.5931707728,90.0057150601,0.0289391020,174.6750389240,191.6542378040,0.0000000426,0.2717905416,6643803.3510652492,11.0000001674,-0.0000000451,103.9999987228,92.6114404682,90.0077270102,0.0289743290,175.2922991257,191.6700802075,0.0000000192,0.0000001199,6643496.1080432339,-307.2434302303
20,8,0,999.000000,10.0000001488,-0.0000000529,93.9998699025,92.5931455787,90.0057150600,0.0289391020,174.6750388679,191.6542377913,0.0000000273,-0.0908301560,6643803.3509958116,11.0000000046,0.0000000795,104.0000027965,92.6114404684,90.0077270100,0.0289743290,175.2922990028,191.6700802022,-0.0000001274,-0.0000000415,6643496.1079460876,-307.2434149275
20,9,0,999.000000,10.0000005174,0.0000000460,93.9997595015,92.5933722842,90.0057150597,0.0289391020,174.6750389312,191.6542378020,-0.0000000622,0.0867541595,6643803.3508881852,10.9999999345,0.0000001439,103.9999974429,92.6114404651,90.0077270101,0.0289743290,175.2922990976,191.6700801975,0.0000000264,-0.0000000156,6643496.1080541816,-307.2433981958
21,0,0,999.000000,9.0000002164,-0.0000000571,84.0000004929,92.5765602607,90.0040858699,0.0289082960,174.0599853618,191.6361865156,0.0000000963,0.0000001739,6644080.1759388056,9.9999999003,0.0000000242,93.9999944821,92.5930958938,90.0057150602,0.0289391020,174.6750388680,191.6542378089,-0.0000000795,0.0000001294,6643803.3509863457,-276.8248298987
21,1,0,999.000000,9.0000000249,-0.0000001442,84.0000635328,92.5765490705,90.0040858698,0.0289082960,174.0599850604,191.6361864957,0.0000000268,-0.0141000960,6644080.1759991795,9.9999997597,0.0000000605,93.9999995249,92.5930958930,90.0057150599,0.0289391020,174.6750386401,191.6542377864,0.0000000633,0.0000002558,6643803.3510235781,-276.8248217786
21,2,0,999.000000,8.9999998148,0.0000000982,83.9999472702,92.5765822674,90.0040858702,0.0289082960,174.0599853459,191.6361865094,0.0000000518,0.0439160856,6644080.1760261599,9.9999998951,0.0000002841,94.0000046924,92.5930958848,90.0057150598,0.0289391020,174.6750390128,191.6542378041,0.0000000563,-0.0000001630,6643803.3509654319,-276.8248379233
21,3,0,999.000000,8.9999994767,-0.0000001519,83.9999818390,92.5764114905,90.0040858697,0.0289082960,174.0599853757,191.6361864931,-0.0000000819,0.1073291751,6644080.1759469435,9.9999991683,-0.0000000085,93.9999987637,92.5930958889,90.0057150597,0.0289391020,174.6750393239,191.6542377941,0.0000001400,0.0000000367,6643803.3510019183,-276.8248396504
21,4,0,999.000000,8.9999999914,-0.0000000176,84.0000798313,92.5766009880,90.0040858698,0.0289082960,174.0599852747,191.6361865075,0.0000000409,-0.1747247436,6644080.1760261934,10.0000003439,0.0000000447,94.0000019117,92.5930958894,90.0057150602,0.0289391020,174.6750389592,191.6542378183,0.0000000539,-0.0000000421,6643803.3509770678,-276.8248372324
21,5,0,999.000000,9.0000002445,0.0000002224,83.9996296604,92.5763635422,90.0040858701,0.0289082960,174.0599851258,191.6361865108,0.0000000052,-0.0835216802,6644080.1759749921,9.9999998767,0.0000000384,93.9999969691,92.5930958908,90.0057150604,0.0289391020,174.6750386306,191.6542378048,0.0000001364,-0.0000000490,6643803.3508917466,-276.8248239071
21,6,0,999.000000,8.9999996824,0.0000000867,84.0000200571,92.5763349196,90.0040858700,0.0289082960,174.0599850486,191.6361865106,0.0000001462,-0.2640448888,6644080.1760114850,10.0000003622,0.0000000157,93.9999987963,92.5930958901,90.0057150604,0.0289391020,174.6750387830,191.6542378010,0.0000000656,0.0000000536,6643803.3510299483,-276.8248439278
21,7,0,999.000000,9.0000002212,-0.0000000332,84.0001464158,92.5762853340,90.0040858700,0.0289082960,174.0599850219,191.6361865024,-0.0000000717,0.1328766516,6644080.1759251608,10.0000004575,0.0000000664,94.0000002849,92.5930958955,90.0057150602,0.0289391020,174.6750389136,191.6542377860,0.0000001064,-0.0000000296,6643803.3508928856,-276.8248470761
21,8,0,999.000000,9.0000004980,0.0000000060,83.9992041410,92.5769095874,90.0040858700,0.0289082960,174.0599851774,191.6361864952,-0.0000000982,0.2835641807,6644080.1759619787,9.9999998665,-0.0000000493,93.9999953872,92.5930958872,90.0057150603,0.0289391020,174.6750387316,191.6542377905,-0.0000000091,0.0000001885,6643803.3509928109,-276.8248360082
21,9,0,999.000000,8.9999997715,0.0000002121,83.9992041361,92.5769445552,90.0040858703,0.0289082960,174.0599854144,191.6361864923,-0.0000000043,-0.3872783543,6644080.1759891678,9.9999995018,0.0000002769,94.0000024007,92.5930958914,90.0057150603,0.0289391020,174.6750387816,191.6542378089,0.0000000852,-0.0000000639,6643803.3510427978,-276.8248387325
22,0,0,999.000000,5.0000002170,-0.0000000222,43.9999961231,92.5286524548,90.0005939201,0.0288296640,171.6217026230,191.5420287009,0.0000001705,-0.0000001108,6644880.6380444551,6.0000004020,-0.0000000629,53.9999992029,92.5378818766,90.0010938299,0.0288426000,172.2280049153,191.5688398078,-0.0000000748,-0.0000001967,6644726.7729988489,-153.8653693980
22,1,0,999.000000,5.0000000716,-0.0000000532,44.0000104302,92.5286460558,90.0005939199,0.0288296640,171.6217024752,191.5420287048,-0.0000002131,-0.0086656356,6644880.6380471932,6.0000000118,0.0000000598,54.0000015188,92.5378818796,90.0010938297,0.0288426000,172.2280050460,191.5688397914,-0.0000001411,-0.0000000137,6644726.7729660748,-153.8653707151
22,2,0,999.000000,5.0000002020,0.0000000533,43.9998770836,92.5286532989,90.0005939199,0.0288296640,171.6217025169,191.5420286804,-0.0000000227,-0.0440652429,6644880.6380061749,6.0000002093,0.0000000638,54.0000007433,92.5378818839,90.0010938296,0.0288426000,172.2280049095,191.5688397912,-0.0000001503,-0.0000000746,6644726.7729641618,-153.8653653215
22,3,0,999.000000,4.9999998235,-0.0000000383,44.0001719391,92.5286208916,90.0005939199,0.0288296640,171.6217029818,191.5420287036,0.0000001301,0.0490873585,6644880.6379996194,5.9999999918,0.0000000119,54.0000012653,92.5378818770,90.0010938302,0.0288426000,172.2280045665,191.5688398152,-0.0000000510,0.0000000730,6644726.7730920035,-153.8653925158
22,4,0,999.000000,4.9999997206,0.0000000407,43.9999454539,92.5287017207,90.0005939200,0.0288296640,171.6217027132,191.5420287081,-0.0000000029,-0.0539808958,6644880.6379523799,5.9999999925,-0.0000000625,54.0000021455,92.5378818801,90.0010938302,0.0288426000,172.2280049209,191.5688398019,-0.0000000998,-0.0000000003,6644726.7729711207,-153.8653750499
22,5,1,0.000579,4.9999998924,0.0000000007,44.0153366284,92.5409964906,90.0005939198,0.0288296640,171.6217030546,191.5420286935,0.0000001217,4.0000000000,6644880.6380685838,6.0000006286,-0.0000000234,53.9999956334,92.5378818831,90.0010938301,0.0288426000,172.2280047406,191.5688397937,0.0000001160,0.0000000320,6644726.7729217969,-153.8653659114
22,6,1,0.000694,4.9999999515,0.0000000769,44.0148241960,92.5550017378,90.0005939200,0.0288296640,171.6217028493,191.5420287012,0.0000000095,4.0000000000,6644880.6379895238,6.0000002786,-0.0000000777,53.9999999065,92.5378818770,90.0010938297,0.0288426000,172.2280048304,191.5688398142,-0.0000000455,-0.0000000050,6644726.7729322780,-153.8653665730
22,7,1,0.000810,5.0000001143,0.0000000205,44.0774512181,92.5382800776,90.0005939202,0.0288296640,171.6217024454,191.5420287103,0.0000000582,4.0000000000,6644880.6380247260,6.0000000215,0.0000001319,53.9999944571,92.5378818787,90.0010938304,0.0288426000,172.2280051098,191.5688397913,0.0000001072,0.0000001012,6644726.7729088934,-153.8653746194
22,8,0,999.000000,5.0000000716,-0.0000000012,44.0265495804,92.5447170029,90.0005939197,0.0288296640,171.6217029413,191.5420286965,-0.0000000727,4.0000000000,6644880.6380074443,6.0000002141,0.0000000038,53.9999931402,92.5378818838,90.0010938305,0.0288426000,172.2280041815,191.5688398032,-0.0000000467,-0.0000001084,6644726.7730066488,-153.8653733203
22,9,0,999.000000,5.0000001461,-0.0000001716,44.0492641651,92.5708586238,90.0005939203,0.0288296640,171.6217025681,191.5420286909,0.0000000031,4.0000000000,6644880.6380912149,6.0000000820,0.0000000140,53.9999984390,92.5378818788,90.0010938302,0.0288426000,172.2280047716,191.5688397998,-0.0000000591,-0.0000000075,6644726.7728906004,-153.8653671350
23,0,0,999.000000,7.0000002585,0.0000000540,63.9999999118,92.5489466581,90.0018155098,0.0288600270,172.8364772899,191.5934784855,-0.0000001330,0.0000001626,6644542.0069699408,8.0000003108,-0.0000000357,74.0000035604,92.5618415138,90.0027994098,0.0288819310,173.4471336673,191.6159308942,0.0000001890,-0.0000000411,6644326.4370078687,-215.5697377469
23,1,0,999.000000,7.0000000317,-0.0000001974,63.9999030347,92.5489635106,90.0018155101,0.0288600270,172.8364773026,191.5934785069,0.0000000198,-0.0235988443,6644542.0070595983,7.9999995891,0.0000000901,74.0000042709,92.5618415064,90.0027994100,0.0288819310,173.4471339701,191.6159309130,-0.0000001095,-0.0000000307,6644326.4370814413,-215.5697521627
23,2,0,999.000000,7.0000000224,0.0000000346,64.0001099114,92.5489579944,90.0018155099,0.0288600270,172.8364771403,191.5934785128,0.0000000575,0.0351064201,6644542.0070370482,8.0000003511,-0.0000000330,73.9999993779,92.5618415148,90.0027994105,0.0288819310,173.4471337976,191.6159308967,0.0000001033,-0.0000001030,6644326.4369887160,-215.5697467065
23,3,0,999.000000,6.9999997350,0.0000000224,63.9998490670,92.5490016919,90.0018155098,0.0288600270,172.8364775344,191.5934785066,-0.0000001274,-0.0411699837,6644542.0069797300,7.9999997957,0.0000000476,74.0000001380,92.5618415138,90.0027994101,0.0288819310,173.4471336695,191.6159309013,-0.0000001710,-0.0000000657,6644326.4369609011,-215.5697538068
23,4,0,999.000000,7.0000000057,0.0000002000,63.9999981426,92.5488797549,90.0018155103,0.0288600270,172.8364774984,191.5934784976,-0.0000000023,0.0052679994,6644542.0069817165,8.0000000609,0.0000000351,73.9999964251,92.5618415153,90.0027994101,0.0288819310,173.4471340387,191.6159309066,-0.0000001467,-0.0000000105,6644326.4369357573,-215.5697257477
23,5,0,999.000000,7.0000000397,-0.0000001947,64.0000178879,92.5491270602,90.0018155100,0.0288600270,172.8364774714,191.5934784928,-0.0000000609,0.1714750238,6644542.0069590574,7.9999996183,-0.0000000239,73.9999972865,92.5618415113,90.0027994103,0.0288819310,173.4471340591,191.6159309046,-0.0000000599,-0.0000000537,6644326.4370695623,-215.5697517494
23,6,0,999.000000,7.0000000308,0.0000000160,63.9998079744,92.5488317407,90.0018155101,0.0288600270,172.8364774609,191.5934784973,0.0000000121,-0.1251509262,6644542.0070892349,7.9999998685,-0.0000000913,73.9999999822,92.5618415098,90.0027994100,0.0288819310,173.4471340193,191.6159309009,0.0000000906,0.0000000093,6644326.4370055515,-215.5697447230
23,7,0,999.000000,7.0000002492,0.0000000055,64.0006592042,92.5487900294,90.0018155101,0.0288600270,172.8364772040,191.5934785002,-0.0000000053,0.0044454095,6644542.0069804136,8.0000001502,-0.0000000347,74.0000012325,92.5618415126,90.0027994099,0.0288819310,173.4471340833,191.6159308906,0.0000001112,0.0000000011,6644326.4369937833,-215.5697444600
23,8,0,999.000000,6.9999998155,0.0000000684,63.9998114160,92.5492154107,90.0018155100,0.0288600270,172.8364773027,191.5934784951,0.0000000565,-0.1822075667,6644542.0069969017,8.0000004507,0.0000000604,73.9999942844,92.5618415126,90.0027994102,0.0288819310,173.4471338358,191.6159309023,0.0000000112,-0.0000000958,6644326.4370512906,-215.5697514411
23,9,0,999.000000,7.0000003311,-0.0000000145,63.9995161319,92.5490129236,90.0018155100,0.0288600270,172.8364773201,191.5934784959,0.0000000842,0.0383179398,6644542.0070204353,8.0000004390,-0.0000000505,73.9999998592,92.5618415118,90.0027994098,0.0288819310,173.4471340039,191.6159309198,0.0000000100,0.0000001157,6644326.4370449614,-215.5697595520
24,0,0,999.000000,7.9999996197,-0.0000000961,73.9999953403,92.5618415070,90.0027994099,0.0288819310,173.4471339225,191.6159309020,0.0000000135,0.0000000499,6644326.4369528675,9.0000003042,-0.0000001407,83.9999987138,92.5765602599,90.0040858702,0.0289082960,174.0599854342,191.6361865101,-0.0000000829,0.0000001190,6644080.1760551846,-246.2615900411
24,1,0,999.000000,7.9999999367,0.0000000661,74.0000456654,92.5618262375,90.0027994102,0.0288819310,173.4471338477,191.6159308930,-0.0000000545,-0.0407731669,6644326.4370469050,9.0000001252,0.0000000558,84.0000005505,92.5765602608,90.0040858696,0.0289082960,174.0599852015,191.6361864998,-0.0000000473,0.0000000146,6644080.1760310465,-246.2615777427
24,2,0,999.000000,7.9999997019,0.0000001478,74.0001391557,92.5618867450,90.0027994100,0.0288819310,173.4471340060,191.6159308955,0.0000000945,-0.0687146026,6644326.4369458677,8.9999998285,0.0000000705,84.0000036969,92.5765602599,90.0040858697,0.0289082960,174.0599854224,191.6361865093,0.0000000290,-0.0000000521,6644080.1760280021,-246.2615659073
24,3,1,0.000347,7.9999998349,-0.0000000488,74.0209505937,92.5653032950,90.0027994098,0.0288819310,173.4471342046,191.6159308950,0.0000000529,4.0000000000,6644326.4370150706,9.0000000112,0.0000000746,83.9999970659,92.5765602570,90.0040858704,0.0289082960,174.0599852991,191.6361865122,-0.0000000772,-0.0000000532,6644080.1760789584,-246.2615616722
24,4,1,0.000463,8.0000003452,-0.0000000133,74.0096407759,92.5778482852,90.0027994099,0.0288819310,173.4471340111,191.6159308962,0.0000000981,4.0000000000,6644326.4369838918,8.9999999957,-0.0000000271,83.9999981656,92.5765602545,90.0040858699,0.0289082960,174.0599853201,191.6361865031,-0.0000000802,0.0000000373,6644080.1759481961,-246.2615699106
24,5,1,0.000579,7.9999998270,-0.0000000329,74.0117747082,92.5705355802,90.0027994101,0.0288819310,173.4471340785,191.6159309065,-0.0000000354,4.0000000000,6644326.4371255543,9.0000001630,0.0000001614,84.0000013817,92.5765602570,90.0040858701,0.0289082960,174.0599851958,191.6361864995,-0.0000000155,-0.0000001060,6644080.1761467289,-246.2615616389
24,6,0,999.000000,8.0000001968,0.0000000121,74.0937761768,92.5762678796,90.0027994101,0.0288819310,173.4471339327,191.6159308840,-0.0000000435,4.0000000000,6644326.4370319983,9.0000003857,-0.0000000397,84.0000045409,92.5765602606,90.0040858702,0.0289082960,174.0599850585,191.6361864929,-0.0000001038,0.0000001072,6644080.1759834522,-246.2615508271
24,7,0,999.000000,8.0000000010,-0.0000000985,74.0939654853,92.5751711204,90.0027994099,0.0288819310,173.4471339072,191.6159308923,-0.0000001529,4.0000000000,6644326.4370010421,8.9999998623,-0.0000001474,83.9999988820,92.5765602677,90.0040858695,0.0289082960,174.0599856133,191.6361865089,-0.0000000571,0.0000000204,6644080.1760250796,-246.2615676136
24,8,0,999.000000,7.9999994162,-0.0000001192,74.0119145749,92.5926367773,90.0027994104,0.0288819310,173.4471339816,191.6159309096,-0.0000001452,4.0000000000,6644326.4369709715,9.0000001143,0.0000000896,84.0000013542,92.5765602616,90.0040858699,0.0289082960,174.0599851532,191.6361865048,-0.0000000501,-0.0000001122,6644080.1760020489,-246.2615857583
24,9,0,999.000000,8.0000004235,-0.0000001689,74.0347347146,92.5702896930,90.0027994098,0.0288819310,173.4471340861,191.6159308938,0.0000001169,4.0000000000,6644326.4370131604,8.9999999886,-0.0000000298,83.9999984491,92.5765602557,90.0040858704,0.0289082960,174.0599853049,191.6361864935,-0.0000000259,0.0000002851,6644080.1759606693,-246.2615559593
25,0,0,999.000000,5.9999995737,-0.0000001771,53.9999951055,92.5378818776,90.0010938301,0.0288426000,172.2280046942,191.5688397998,-0.0000001116,-0.0000001024,6644726.7730264105,7.0000003009,-0.0000000477,64.0000046962,92.5489466631,90.0018155104,0.0288600270,172.8364776658,191.5934785155,-0.0000000413,-0.0000000154,6644542.0069486583,-184.7656010426
25,1,0,999.000000,5.9999996747,-0.0000000907,53.9999070528,92.5378589295,90.0010938300,0.0288426000,172.2280049460,191.5688397965,-0.0000000372,-0.0089192226,6644726.7730592396,7.0000002905,0.0000000687,64.0000022887,92.5489466575,90.0018155096,0.0288600270,172.8364775553,191.5934785114,-0.0000000201,-0.0000000347,6644542.0069870381,-184.7655849544
25,2,0,999.000000,6.0000001332,0.0000001224,54.0001274832,92.5378003535,90.0010938300,0.0288426000,172.2280049599,191.5688397963,0.0000001009,-0.0875106215,6644726.7730187671,6.9999997701,0.0000000201,64.0000022019,92.5489466617,90.0018155100,0.0288600270,172.8364775277,191.5934785073,-0.0000001043,-0.0000000896,6644542.0070581594,-184.7655927477
25,3,0,999.000000,5.9999997501,-0.0000000409,54.0001667836,92.5378125982,90.0010938301,0.0288426000,172.2280043730,191.5688397875,-0.0000000796,0.1053010669,6644726.7730382513,6.9999997476,0.0000000667,63.9999977450,92.5489466561,90.0018155097,0.0288600270,172.8364772589,191.5934785049,-0.0000001558,0.0000001419,6644542.0070189089,-184.7655884714
25,4,0,999.000000,6.0000000419,0.0000001358,53.9997037390,92.5379680527,90.0010938301,0.0288426000,172.2280046917,191.5688398064,0.0000001832,-0.1036487992,6644726.7729556039,6.9999999559,0.0000000515,64.0000007396,92.5489466639,90.0018155102,0.0288600270,172.8364773138,191.5934784902,0.0000001145,-0.0000001992,6644542.0069304770,-184.7655954367
25,5,0,999.000000,6.0000001620,-0.0000000203,54.0002467446,92.5376886123,90.0010938297,0.0288426000,172.2280051015,191.5688398096,-0.0000000617,-0.0453872104,6644726.7730136896,7.0000004221,-0.0000002510,64.0000031965,92.5489466591,90.0018155098,0.0288600270,172.8364771728,191.5934784956,-0.0000001080,0.0000000180,6644542.0070319595,-184.7655931743
25,6,0,999.000000,6.0000002124,-0.0000000607,53.9995585492,92.5377682299,90.0010938300,0.0288426000,172.2280048874,191.5688397907,-0.0000000761,0.1743618164,6644726.7729058415,6.9999999393,-0.0000000865,64.0000031897,92.5489466611,90.0018155103,0.0288600270,172.8364773801,191.5934784978,-0.0000000503,0.0000002685,6644542.0070437277,-184.7656003509
25,7,0,999.000000,6.0000007581,0.0000001536,54.0006155116,92.5375957588,90.0010938300,0.0288426000,172.2280045339,191.5688398004,-0.0000000523,0.1553838095,6644726.7730157198,7.0000002912,-0.0000000701,63.9999962499,92.5489466578,90.0018155097,0.0288600270,172.8364773993,191.5934785134,0.0000000735,0.0000001814,6644542.0069239466,-184.7656197340
25,8,0,999.000000,6.0000004403,0.0000001213,54.0005981073,92.5381305405,90.0010938301,0.0288426000,172.2280047300,191.5688398056,-0.0000001442,-0.0259288297,6644726.7729435721,6.9999996536,-0.0000000707,64.0000010435,92.5489466578,90.0018155097,0.0288600270,172.8364776609,191.5934785045,0.0000001802,0.0000001409,6644542.0069735944,-184.7655852964
25,9,0,999.000000,5.9999999737,0.0000000288,53.9997492680,92.5380329034,90.0010938299,0.0288426000,172.2280048285,191.5688397964,0.0000000417,0.1658957083,6644726.7729442967,7.0000000847,-0.0000001198,64.0000008046,92.5489466537,90.0018155098,0.0288600270,172.8364771192,191.5934784973,0.0000001185,-0.0000001270,6644542.0069812899,-184.7655758074
26,0,0,999.000000,2.9999996356,0.0000001787,23.9999988045,92.5157162416,90.0000971800,0.0288173150,170.4155405990,191.4819587946,0.0000001305,-0.0000001580,6645095.3659526976,4.0000003712,0.0000000590,34.0000072967,92.5212627302,90.0002752504,0.0288212330,171.0175542529,191.5130617064,-0.0000001740,-0.0000000197,6645003.5240632324,-91.8421366375
26,1,0,999.000000,3.0000000032,0.0000000579,24.0000405657,92.5156868516,90.0000971802,0.0288173150,170.4155406429,191.4819587926,0.0000000696,-0.0369069264,6645095.3659533951,4.0000000804,-0.0000002675,33.9999949707,92.5212627294,90.0002752500,0.0288212330,171.0175542239,191.5130616942,0.0000000391,0.0000000582,6645003.5239991210,-91.8421308256
26,2,0,999.000000,2.9999997946,-0.0000000097,24.0001316115,92.5156260951,90.0000971803,0.0288173150,170.4155407121,191.4819588037,0.0000001418,0.0293241929,6645095.3660317063,3.9999999830,-0.0000002989,33.9999968697,92.5212627319,90.0002752501,0.0288212330,171.0175545385,191.5130617036,-0.0000000035,0.0000000729,6645003.5240321010,-91.8421413915
26,3,0,999.000000,2.9999998533,0.0000000159,23.9998394226,92.5157388886,90.0000971798,0.0288173150,170.4155401877,191.4819587978,0.0000000245,-0.0987719420,6645095.3659297023,4.0000004579,0.0000000104,34.0000041107,92.5212627292,90.0002752498,0.0288212330,171.0175544623,191.5130616916,0.0000001470,-0.0000000622,6645003.5239003049,-91.8421293069
26,4,0,999.000000,3.0000001498,-0.0000002676,23.9996043896,92.5156128398,90.0000971799,0.0288173150,170.4155405779,191.4819587999,0.0000000969,-0.1162850654,6645095.3660093108,3.9999997730,0.0000000918,34.0000019734,92.5212627323,90.0002752504,0.0288212330,171.0175544725,191.5130617000,0.0000000601,0.0000000136,6645003.5240382021,-91.8421608500
26,5,0,999.000000,3.0000005402,-0.0000002378,23.9997073905,92.5157932525,90.0000971800,0.0288173150,170.4155401431,191.4819588029,0.0000001455,-0.1149708261,6645095.3660200434,3.9999995496,0.0000000457,33.9999988701,92.5212627275,90.0002752498,0.0288212330,171.0175545668,191.5130616907,-0.0000000397,-0.0000000041,6645003.5239404608,-91.8421251540
26,6,0,999.000000,2.9999996432,-0.0000000325,24.0004496945,92.5158391916,90.0000971801,0.0288173150,170.4155405604,191.4819587947,0.0000000652,-0.1973385215,6645095.3660171730,3.9999997283,0.0000000466,33.9999996539,92.5212627308,90.0002752500,0.0288212330,171.0175545847,191.5130616971,-0.0000001589,-0.0000001874,6645003.5240099905,-91.8421450442
26,7,0,999.000000,2.9999995034,0.0000000241,24.0001327437,92.5160074011,90.0000971800,0.0288173150,170.4155406353,191.4819588002,-0.0000000897,-0.3497128627,6645095.3659749599,3.9999999094,0.0000000268,34.0000020542,92.5212627298,90.0002752500,0.0288212330,171.0175544098,191.5130616934,-0.0000001755,-0.0000000695,6645003.5240256321,-91.8421473108
26,8,0,999.000000,2.9999997497,-0.0000000588,23.9994217696,92.5160262930,90.0000971798,0.0288173150,170.4155404860,191.4819588062,-0.0000000163,-0.1408834394,6645095.3659471842,3.9999999266,0.0000001216,33.9999931278,92.5212627299,90.0002752499,0.0288212330,171.0175546870,191.5130617052,0.0000000241,0.0000000041,6645003.5239814343,-91.8421392188
26,9,0,999.000000,3.0000004193,0.0000001048,24.0000754272,92.5160933792,90.0000971802,0.0288173150,170.4155406892,191.4819588026,-0.0000002493,-0.0132474045,6645095.3660545265,3.9999997680,-0.0000000223,33.9999969989,92.5212627358,90.0002752504,0.0288212330,171.0175545257,191.5130616952,0.0000000615,0.0000000510,6645003.5240439735,-91.8421381378
27,0,0,999.000000,4.9999999786,0.0000000602,43.9999986472,92.5286524486,90.0005939198,0.0288296640,171.6217024775,191.5420287076,-0.0000000529,-0.0000000440,6644880.6379696382,5.9999999090,0.0000000371,53.9999986015,92.5378818806,90.0010938304,0.0288426000,172.2280047232,191.5688398046,0.0000001497,-0.0000001242,6644726.7729078606,-153.8653720054
27,1,0,999.000000,4.9999999702,0.0000002303,43.9999928264,92.5286264584,90.0005939198,0.0288296640,171.6217025204,191.5420286937,-0.0000001810,-0.0069505535,6644880.6380071398,6.0000000687,-0.0000000052,54.0000002061,92.5378818853,90.0010938298,0.0288426000,172.2280048477,191.5688398081,0.0000000439,0.0000000489,6644726.7729318347,-153.8653791703
27,2,0,999.000000,5.0000000296,0.0000000956,44.0001831703,92.5286494766,90.0005939202,0.0288296640,171.6217024752,191.5420286883,0.0000001279,-0.0210400708,6644880.6379908575,6.0000008565,0.0000000459,53.9999994010,92.5378818745,90.0010938304,0.0288426000,172.2280049197,191.5688398000,0.0000000572,-0.0000000149,6644726.7729472741,-153.8653635228
27,3,0,999.000000,4.9999999854,0.0000000481,44.0000735539,92.5287377726,90.0005939197,0.0288296640,171.6217027088,191.5420287000,-0.0000001291,-0.0450450381,6644880.6380132521,6.0000002377,-0.0000000207,53.9999992617,92.5378818830,90.0010938298,0.0288426000,172.2280045649,191.5688398075,0.0000000539,0.0000002410,6644726.7729392620,-153.8653926893
27,4,0,999.000000,5.0000003651,0.0000000759,43.9998222313,92.5286447198,90.0005939200,0.0288296640,171.6217028397,191.5420287040,0.0000000669,0.1909700636,6644880.6380201224,5.9999999235,0.0000000535,54.0000027243,92.5378818834,90.0010938302,0.0288426000,172.2280049963,191.5688398045,-0.0000001144,-0.0000001143,6644726.7729865573,-153.8653715856
27,5,1,0.000579,5.0000004015,-0.0000001024,44.0166305851,92.5365601299,90.0005939199,0.0288296640,171.6217025643,191.5420287060,-0.0000000880,4.0000000000,6644880.6379839154,5.9999999659,0.0000001606,54.0000005161,92.5378818812,90.0010938298,0.0288426000,172.2280049021,191.5688398035,-0.0000001209,-0.0000000585,6644726.7730776630,-153.8653780963
27,6,1,0.000694,4.9999997977,0.0000000148,44.0391275231,92.5347705886,90.0005939200,0.0288296640,171.6217027072,191.5420286958,-0.0000000998,4.0000000000,6644880.6379849976,5.9999998338,-0.0000000665,54.0000034875,92.5378818781,90.0010938302,0.0288426000,172.2280045888,191.5688397976,-0.0000000033,-0.0000000115,6644726.7729924163,-153.8653748538
27,7,0,999.000000,4.9999997745,-0.0000003697,44.0967536407,92.5653742129,90.0005939199,0.0288296640,171.6217026832,191.5420287013,-0.0000001149,4.0000000000,6644880.6380438479,6.0000000338,-0.0000001509,54.0000012920,92.5378818770,90.0010938298,0.0288426000,172.2280048183,191.5688397971,-0.0000000504,-0.0000000251,6644726.7729577124,-153.8653623468
27,8,0,999.000000,4.9999999304,-0.0000001057,44.0484809100,92.5609631526,90.0005939201,0.0288296640,171.6217027313,191.5420286961,-0.0000001242,4.0000000000,6644880.6380422404,5.9999998146,-0.0000000619,54.0000034087,92.5378818817,90.0010938296,0.0288426000,172.2280047594,191.5688398018,0.0000000006,-0.0000000513,6644726.7730096625,-153.8653759692
27,9,0,999.000000,5.0000009807,-0.0000000110,44.0858209703,92.5469771533,90.0005939199,0.0288296640,171.6217027885,191.5420287060,0.0000000525,4.0000000000,6644880.6379363425,6.0000002898,0.0000001409,53.9999973062,92.5378818824,90.0010938297,0.0288426000,172.2280048716,191.5688397970,0.0000000095,0.0000000848,6644726.7729940722,-153.8653779846
28,0,0,999.000000,3.9999997842,0.0000000139,33.9999995391,92.5212627314,90.0002752500,0.0288212330,171.0175546032,191.5130617110,0.0000001459,0.0000001340,6645003.5240396457,5.0000005990,0.0000000438,44.0000009351,92.5286524573,90.0005939193,0.0288296640,171.6217029189,191.5420287070,0.0000002566,0.0000000107,6644880.6379766613,-122.8854312437
28,1,0,999.000000,4.0000000914,-0.0000001364,34.0000691069,92.5212391911,90.0002752498,0.0288212330,171.0175547132,191.5130616879,-0.0000000932,0.0109193106,6645003.5239643557,5.0000002201,-0.0000000414,44.0000013235,92.5286524451,90.0005939202,0.0288296640,171.6217027021,191.5420286993,-0.0000001272,-0.0000001153,6644880.6380524300,-122.8854247632
28,2,0,999.000000,3.9999992000,0.0000001098,34.0001272801,92.5212802682,90.0002752502,0.0288212330,171.0175545846,191.5130617124,-0.0000001553,0.0885220086,6645003.5239939876,4.9999997736,-0.0000001929,44.0000017572,92.5286524528,90.0005939203,0.0288296640,171.6217025651,191.5420287092,0.0000001396,-0.0000000260,6644880.6380015407,-122.8854365805
28,3,1,0.000347,4.0000004254,-0.0000000779,34.0190835564,92.5286542638,90.0002752496,0.0288212330,171.0175541715,191.5130617004,0.0000000865,4.0000000000,6645003.5240763864,4.9999995805,0.0000001191,44.0000019392,92.5286524444,90.0005939207,0.0288296640,171.6217025466,191.5420286900,-0.0000000220,-0.0000000127,6644880.6380055612,-122.8854309397
28,4,1,0.000463,3.9999997187,0.0000000163,34.0618030593,92.5500640893,90.0002752502,0.0288212330,171.0175548053,191.5130616972,-0.0000000840,4.0000000000,6645003.5239801519,4.9999997583,-0.0000000478,43.9999998719,92.5286524544,90.0005939195,0.0288296640,171.6217028092,191.5420287014,0.0000001310,-0.0000000074,6644880.6379900025,-122.8854230495
28,5,1,0.000579,4.0000000285,-0.0000000528,34.0494513753,92.5293217675,90.0002752501,0.0288212330,171.0175542073,191.5130617024,0.0000000476,4.0000000000,6645003.5238792198,5.0000003925,-0.0000000738,44.0000019720,92.5286524524,90.0005939198,0.0288296640,171.6217026326,191.5420286853,0.0000001168,-0.0000000775,6644880.6379537089,-122.8854318729
28,6,0,999.000000,4.0000005451,-0.0000000114,34.0906080552,92.5475786021,90.0002752499,0.0288212330,171.0175544707,191.5130617047,0.0000001375,4.0000000000,6645003.5240540672,4.9999997229,-0.0000000415,43.9999979196,92.5286524510,90.0005939199,0.0288296640,171.6217025373,191.5420287003,0.0000000687,-0.0000002065,6644880.6381149376,-122.8854308099
28,7,0,999.000000,3.9999994184,0.0000000747,34.0467040196,92.5506494287,90.0002752500,0.0288212330,171.0175542424,191.5130617011,0.0000000065,4.0000000000,6645003.5239615655,4.9999994992,0.0000000157,44.0000008078,92.5286524548,90.0005939197,0.0288296640,171.6217031138,191.5420286973,-0.0000001291,-0.0000000407,6644880.6380007593,-122.8854233025
28,8,0,999.000000,3.9999999414,0.0000003118,34.0194642727,92.5566325656,90.0002752500,0.0288212330,171.0175545280,191.5130617051,-0.0000001039,4.0000000000,6645003.5240111640,5.0000002088,-0.0000000628,44.0000036949,92.5286524492,90.0005939201,0.0288296640,171.6217025258,191.5420287049,-0.0000000444,-0.0000000854,6644880.6379651567,-122.8854221043
28,9,0,999.000000,3.9999998193,0.0000001057,34.0939431254,92.5466754267,90.0002752503,0.0288212330,171.0175546130,191.5130616955,0.0000002452,4.0000000000,6645003.5240005413,5.0000001110,0.0000001359,43.9999995774,92.5286524479,90.0005939202,0.0288296640,171.6217027320,191.5420286941,-0.0000001718,0.0000000236,6644880.6380490260,-122.8854303016
29,0,0,999.000000,10.0000001083,-0.0000001042,93.9999976060,92.5930958890,90.0057150600,0.0289391020,174.6750389085,191.6542378095,-0.0000000396,-0.0000000544,6643803.3509390233,10.9999999357,0.0000000256,103.9999950479,92.6114404689,90.0077270103,0.0289743290,175.2922992653,191.6700802044,-0.0000000574,-0.0000000707,6643496.1080689048,-307.2434124548
29,1,0,999.000000,9.9999997856,0.0000000730,94.0000279268,92.5930476749,90.0057150600,0.0289391020,174.6750387797,191.6542378087,0.0000000774,0.0168487286,6643803.3510396006,11.0000003759,0.0000000054,104.0000012244,92.6114404733,90.0077270098,0.0289743290,175.2922994138,191.6700802037,-0.0000000035,0.0000000495,6643496.1079154732,-307.2434013439
29,2,0,999.000000,9.9999997510,0.0000000087,94.0001350929,92.5930315367,90.0057150600,0.0289391020,174.6750388558,191.6542378073,-0.0000000846,0.0954736838,6643803.3510206714,11.0000005043,0.0000000209,104.0000023744,92.6114404748,90.0077270100,0.0289743290,175.2922992825,191.6700802046,-0.0000001399,0.0000000296,6643496.1079999628,-307.2434267985
29,3,0,999.000000,9.9999999799,-0.0000000274,93.9998390425,92.5931925555,90.0057150600,0.0289391020,174.6750389163,191.6542378108,-0.0000000827,0.0182437359,6643803.3509450825,10.9999997013,0.0000001300,104.0000019863,92.6114404711,90.0077270094,0.0289743290,175.2922993061,191.6700801897,-0.0000000354,0.0000000767,6643496.1079181358,-307.2434346856
29,4,0,999.000000,10.0000003007,-0.0000001042,93.9998788151,92.5929240931,90.0057150601,0.0289391020,174.6750388768,191.6542377992,0.0000001796,0.0659200576,6643803.3510247692,11.0000001530,0.0000000629,103.9999960091,92.6114404766,90.0077270098,0.0289743290,175.2922994677,191.6700802138,0.0000000806,-0.0000000505,6643496.1080069197,-307.2434183200
29,5,0,999.000000,10.0000000581,0.0000001638,93.9996432664,92.5932629534,90.0057150599,0.0289391020,174.6750387639,191.6542377917,0.0000000115,0.1350654057,6643803.3510278324,11.0000001083,-0.0000000353,103.9999992471,92.6114404696,90.0077270098,0.0289743290,175.2922991564,191.6700802008,-0.0000000156,-0.0000000353,6643496.1080150874,-307.2434128762
29,6,0,999.000000,9.9999995637,0.0000001414,94.0003882761,92.5929788179,90.0057150601,0.0289391020,174.6750391359,191.6542377906,0.0000001734,0.1039226148,6643803.3509887764,10.9999999324,-0.0000002217,103.9999975636,92.6114404689,90.0077270100,0.0289743290,175.2922995561,191.6700802019,0.0000000206,-0.0000000490,6643496.1079070857,-307.2434251698
29,7,0,999.000000,9.9999999410,-0.0000000633,94.0003598590,92.5928203429,90.0057150596,0.0289391020,174.6750387286,191.6542377925,0.0000000985,-0.3445512705,6643803.3510414632,10.9999998247,0.0000000363,103.9999985311,92.6114404670,90.0077270104,0.0289743290,175.2922990730,191.6700801987,0.0000001476,-0.0000000988,6643496.1079493957,-307.2434156333
29,8,0,999.000000,10.0000000393,-0.0000002827,93.9995439069,92.5928992347,90.0057150598,0.0289391020,174.6750389458,191.6542378094,-0.0000001364,-0.1791310898,6643803.3509970205,10.9999997732,-0.0000000797,104.0000006534,92.6114404720,90.0077270100,0.0289743290,175.2922991129,191.6700801969,-0.0000000792,-0.0000000519,6643496.1080322163,-307.2434135383
29,9,0,999.000000,9.9999996335,0.0000000529,93.9992763793,92.5932794364,90.0057150602,0.0289391020,174.6750385209,191.6542378103,-0.0000000828,0.2942131177,6643803.3509674557,11.0000000171,-0.0000000274,104.0000028380,92.6114404753,90.0077270098,0.0289743290,175.2922991088,191.6700802031,-0.0000000116,-0.0000000500,6643496.1079297354,-307.2434393801
30,0,0,999.000000,2.0000002096,-0.0000001288,14.0000001630,92.5120155751,90.0000190101,0.0288179200,169.8156380493,191.4487427090,0.0000000776,-0.0000001209,6645156.1180538684,2.9999999398,-0.0000001970,23.9999996876,92.5157162421,90.0000971797,0.0288173150,170.4155403386,191.4819587966,-0.0000000665,-0.0000001709,6645095.3659461979,-60.7519371201
30,1,0,999.000000,1.9999999626,-0.0000000668,14.0000892417,92.5120042887,90.0000190098,0.0288179200,169.8156380826,191.4487427003,0.0000000890,-0.0029079836,6645156.1180319330,2.9999993571,-0.0000000154,23.9999982273,92.5157162385,90.0000971800,0.0288173150,170.4155402983,191.4819587844,-0.0000001038,0.0000001022,6645095.3659108840,-60.7519358799
30,2,0,999.000000,2.0000003898,0.0000000281,14.0000753743,92.5120999367,90.0000190101,0.0288179200,169.8156380883,191.4487426981,0.0000000859,-0.0042833176,6645156.1180084096,3.0000002154,0.0000000577,24.0000017208,92.5157162419,90.0000971797,0.0288173150,170.4155403411,191.4819587979,-0.0000001169,0.0000000345,6645095.3658935400,-60.7519253383
30,3,0,999.000000,2.0000000044,0.0000000788,14.0001322765,92.5118879767,90.0000190097,0.0288179200,169.8156381570,191.4487426927,0.0000000247,-0.0522878118,6645156.1179717286,2.9999994678,0.0000001363,24.0000014855,92.5157162486,90.0000971803,0.0288173150,170.4155401942,191.4819587874,0.0000000042,-0.0000001148,6645095.3659630921,-60.7519084167
30,4,1,0.000463,1.9999999872,0.0000000546,14.0250632468,92.5147775622,90.0000190101,0.0288179200,169.8156381909,191.4487426943,0.0000000143,4.0000000000,6645156.1179537848,3.0000000174,-0.0000001312,23.9999987258,92.5157162401,90.0000971796,0.0288173150,170.4155405455,191.4819588038,0.0000000002,-0.0000001151,6645095.3659999967,-60.7519252867
30,5,1,0.000579,1.9999996581,0.0000001222,14.0461884104,92.5258325644,90.0000190098,0.0288179200,169.8156381466,191.4487426964,-0.0000000968,4.0000000000,6645156.1180694336,2.9999999643,-0.0000001083,24.0000020777,92.5157162384,90.0000971802,0.0288173150,170.4155407876,191.4819587963,0.0000002365,0.0000000195,6645095.3660749942,-60.7519355976
30,6,1,0.000694,2.0000003320,0.0000001382,14.0102886245,92.5206506636,90.0000190101,0.0288179200,169.8156380945,191.4487427013,0.0000001260,4.0000000000,6645156.1180492705,2.9999998598,-0.0000000172,23.9999950200,92.5157162382,90.0000971802,0.0288173150,170.4155403288,191.4819588091,0.0000002973,-0.0000000903,6645095.3659888469,-60.7519363200
30,7,0,999.000000,1.9999999727,0.0000000472,14.0749464596,92.5556866772,90.0000190099,0.0288179200,169.8156380697,191.4487426985,0.0000000485,4.0000000000,6645156.1179758431,2.9999994545,-0.0000000328,23.9999949375,92.5157162379,90.0000971801,0.0288173150,170.4155404668,191.4819588005,-0.0000000239,-0.0000000481,6645095.3660176285,-60.7519266961
30,8,0,999.000000,2.0000000572,-0.0000000010,14.0697309326,92.5609334251,90.0000190102,0.0288179200,169.8156381322,191.4487427015,-0.0000000583,4.0000000000,6645156.1179803768,3.0000003895,0.0000000534,24.0000027475,92.5157162419,90.0000971801,0.0288173150,170.4155403730,191.4819588004,0.0000000916,0.0000000719,6645095.3660271550,-60.7519493872
30,9,0,999.000000,1.9999999388,0.0000000837,14.0816489304,92.5504183521,90.0000190100,0.0288179200,169.8156378670,191.4487427051,-0.0000000918,4.0000000000,6645156.1180134807,2.9999999923,-0.0000001721,24.0000040652,92.5157162387,90.0000971801,0.0288173150,170.4155405433,191.4819588091,-0.0000000863,0.0000001421,6645095.3659552597,-60.7519358727
31,0,0,999.000000,4.0000002687,0.0000000508,33.9999970819,92.5212627290,90.0002752502,0.0288212330,171.0175546891,191.5130616974,-0.0000001000,0.0000002194,6645003.5239234418,4.9999998564,0.0000000280,44.0000028323,92.5286524521,90.0005939206,0.0288296640,171.6217025474,191.5420286984,-0.0000000320,-0.0000000068,6644880.6379467752,-122.8854213500
31,1,0,999.000000,4.0000001065,-0.0000001001,33.9999194696,92.5212876893,90.0002752498,0.0288212330,171.0175545948,191.5130617159,0.0000000148,0.0215504538,6645003.5239707241,4.9999998682,-0.0000001018,44.0000024707,92.5286524526,90.0005939197,0.0288296640,171.6217029669,191.5420287135,0.0000002865,-0.0000000902,6644880.6381529998,-122.8854314398
31,2,0,999.000000,3.9999999745,-0.0000000689,33.9998126611,92.5212914999,90.0002752497,0.0288212330,171.0175542192,191.5130617068,-0.0000001894,0.0731402614,6645003.5239905454,5.0000003795,-0.0000000332,43.9999942280,92.5286524494,90.0005939200,0.0288296640,171.6217028005,191.5420286960,-0.0000001263,-0.0000001000,6644880.6379720587,-122.8854329479
31,3,0,999.000000,4.0000006911,0.0000000773,34.0000738602,92.5211823711,90.0002752501,0.0288212330,171.0175545944,191.5130616974,0.0000000002,0.0792278726,6645003.5239791758,4.9999998021,0.0000000468,44.0000037644,92.5286524538,90.0005939197,0.0288296640,171.6217026444,191.5420287043,-0.0000000906,0.0000000142,6644880.6380169960,-122.8854414599
31,4,1,0.000463,4.0000002613,-0.0000000090,34.0274387936,92.5245069332,90.0002752495,0.0288212330,171.0175545260,191.5130617118,-0.0000001126,4.0000000000,6645003.5240040356,4.9999998586,-0.0000000549,43.9999987894,92.5286524543,90.0005939203,0.0288296640,171.6217029892,191.5420287036,0.0000001154,-0.0000000861,6644880.6379645877,-122.8854341892
31,5,1,0.000579,3.9999999751,0.0000001505,34.0540556256,92.5302715463,90.0002752499,0.0288212330,171.0175543786,191.5130616969,-0.0000001063,4.0000000000,6645003.5240142280,5.0000003845,-0.0000001760,43.9999972882,92.5286524526,90.0005939200,0.0288296640,171.6217029209,191.5420286928,-0.0000000729,-0.0000000847,6644880.6378909526,-122.8854271227
31,6,0,999.000000,3.9999997706,0.0000000222,34.0320513062,92.5388072944,90.0002752499,0.0288212330,171.0175544950,191.5130617103,0.0000000318,4.0000000000,6645003.5240278067,4.9999996213,-0.0000000558,43.9999998619,92.5286524528,90.0005939205,0.0288296640,171.6217027097,191.5420287057,-0.0000000058,0.0000001644,6644880.6379269855,-122.8854222899
31,7,0,999.000000,4.0000001919,-0.0000001441,34.0440861675,92.5550442772,90.0002752500,0.0288212330,171.0175547151,191.5130616960,0.0000002340,4.0000000000,6645003.5239910306,4.9999999369,-0.0000001008,43.9999999261,92.5286524430,90.0005939203,0.0288296640,171.6217027073,191.5420286919,-0.0000000701,-0.0000000572,6644880.6381043196,-122.8854380795
31,8,0,999.000000,4.0000003442,-0.0000000018,34.0390050759,92.5508745874,90.0002752501,0.0288212330,171.0175544546,191.5130617029,0.0000000177,4.0000000000,6645003.5239672670,5.0000001816,0.0000000126,43.9999954598,92.5286524483,90.0005939198,0.0288296640,171.6217026167,191.5420287044,-0.0000000627,0.0000000225,6644880.6380033139,-122.8854352057
31,9,0,999.000000,3.9999999010,0.0000000271,34.0111774915,92.5579775618,90.0002752501,0.0288212330,171.0175545987,191.5130617007,-0.0000001718,4.0000000000,6645003.5239815293,5.0000004080,-0.0000000124,44.0000041341,92.5286524514,90.0005939202,0.0288296640,171.6217027617,191.5420286877,-0.0000000127,-0.0000001485,6644880.6379380804,-122.8854361963
32,0,0,999.000000,0.9999996664,0.0000000731,3.9999980083,92.5101624676,90.0000000000,0.0288230520,169.2178216681,191.4134391015,0.0000001122,-0.0000000500,6645185.7490603412,2.0000001521,-0.0000000027,14.0000052181,92.5120155803,90.0000190099,0.0288179200,169.8156379058,191.4487427027,0.0000001321,-0.0000000008,6645156.1180048827,-29.6312344279
32,1,0,999.000000,1.0000003410,0.0000000119,4.0000118656,92.5101205042,89.9999999999,0.0288230520,169.2178217695,191.4134391083,-0.0000000490,-0.0072893206,6645185.7490672767,1.9999998656,-0.0000000649,14.0000022817,92.5120155820,90.0000190098,0.0288179200,169.8156380370,191.4487426970,-0.0000001684,-0.0000000687,6645156.1180326454,-29.6312428421
32,2,0,999.000000,0.9999998945,0.0000001380,4.0000472216,92.5101930241,90.0000000003,0.0288230520,169.2178214975,191.4134391071,-0.0000001781,-0.0365291402,6645185.7489282498,2.0000003511,-0.0000000252,13.9999997393,92.5120155777,90.0000190096,0.0288179200,169.8156379701,191.4487427228,-0.0000000810,-0.0000000647,6645156.1179513922,-29.6312430615
32,3,0,999.000000,1.0000004524,-0.0000000580,4.0000427726,92.5100862695,90.0000000003,0.0288230520,169.2178214139,191.4134390845,-0.0000000678,-0.0571372958,6645185.7489745067,1.9999996243,0.0000000227,14.0000007249,92.5120155767,90.0000190099,0.0288179200,169.8156381304,191.4487426954,-0.0000000793,0.0000001913,6645156.1179851545,-29.6312392890
32,4,0,999.000000,1.0000003980,-0.0000000013,4.0000449340,92.5101155870,89.9999999999,0.0288230520,169.2178213513,191.4134390856,-0.0000001442,-0.1225825653,6645185.7490039719,2.0000001082,0.0000001677,13.9999966586,92.5120155839,90.0000190099,0.0288179200,169.8156380142,191.4487427017,-0.0000000211,0.0000000610,6645156.1180046182,-29.6312432669
32,5,0,999.000000,0.9999998804,0.0000000420,4.0001106346,92.5103849840,90.0000000001,0.0288230520,169.2178215760,191.4134390949,-0.0000000937,-0.1222946646,6645185.7489645081,1.9999998934,0.0000001042,14.0000018310,92.5120155789,90.0000190098,0.0288179200,169.8156378049,191.4487426985,-0.0000001506,0.0000001189,6645156.1179742729,-29.6312477016
32,6,0,999.000000,0.9999995511,0.0000000725,3.9999974709,92.5104376113,89.9999999998,0.0288230520,169.2178216438,191.4134390915,-0.0000000275,-0.1039554835,6645185.7489821743,1.9999999909,0.0000000015,13.9999989523,92.5120155811,90.0000190100,0.0288179200,169.8156378906,191.4487427076,0.0000000386,-0.0000001036,6645156.1180351526,-29.6312337394
32,7,0,999.000000,0.9999999766,0.0000000897,3.9993965183,92.5099896751,89.9999999997,0.0288230520,169.2178214700,191.4134391011,0.0000001346,0.0976935124,6645185.7490590392,1.9999997095,0.0000001087,14.0000048157,92.5120155802,90.0000190106,0.0288179200,169.8156378883,191.4487427046,0.0000000054,-0.0000000743,6645156.1180335395,-29.6312383484
32,8,0,999.000000,0.9999998682,0.0000000425,3.9999942169,92.5099314829,89.9999999998,0.0288230520,169.2178217922,191.4134391014,0.0000000216,0.0985063559,6645185.7490797807,1.9999998718,0.0000001117,14.0000006710,92.5120155748,90.0000190098,0.0288179200,169.8156381911,191.4487427087,0.0000000354,-0.0000000523,6645156.1179506481,-29.6312314162
32,9,0,999.000000,0.9999996310,0.0000000814,4.0002687342,92.5104829986,90.0000000000,0.0288230520,169.2178216364,191.4134391114,-0.0000000853,-0.0456660922,6645185.7489842959,2.0000000392,0.0000000006,14.0000075748,92.5120155848,90.0000190096,0.0288179200,169.8156378640,191.4487426912,-0.0000001368,-0.0000000178,6645156.1179599278,-29.6312493962
33,0,0,999.000000,6.0000000251,-0.0000000016,54.0000074208,92.5378818764,90.0010938296,0.0288426000,172.2280047344,191.5688398024,0.0000000584,0.0000001284,6644726.7729313513,6.9999998401,0.0000000429,64.0000022130,92.5489466671,90.0018155102,0.0288600270,172.8364772444,191.5934784960,-0.0000000593,0.0000000655,6644542.0070139226,-184.7656026331
33,1,0,999.000000,5.9999998748,0.0000000108,53.9999919179,92.5379073878,90.0010938301,0.0288426000,172.2280045212,191.5688398060,0.0000000021,0.0459439132,6644726.7729514865,7.0000002376,-0.0000001508,64.0000028518,92.5489466615,90.0018155096,0.0288600270,172.8364778638,191.5934785085,-0.0000000828,0.0000000717,6644542.0069232946,-184.7656030556
33,2,0,999.000000,5.9999997595,0.0000000896,53.9998752609,92.5377846768,90.0010938301,0.0288426000,172.2280048407,191.5688398090,0.0000000625,-0.0590812941,6644726.7730615949,6.9999993207,0.0000002052,63.9999951000,92.5489466580,90.0018155100,0.0288600270,172.8364775759,191.5934784925,0.0000000261,-0.0000000578,6644542.0070159892,-184.7655914742
33,3,0,999.000000,6.0000000267,0.0000000448,54.0000982440,92.5377667310,90.0010938301,0.0288426000,172.2280044829,191.5688397966,0.0000001660,0.0114238228,6644726.7729163980,7.0000002339,-0.0000000928,64.0000006159,92.5489466594,90.0018155104,0.0288600270,172.8364771999,191.5934784967,-0.0000001229,-0.0000000209,6644542.0070958771,-184.7655798333
33,4,0,999.000000,5.9999994958,0.0000000454,54.0002191849,92.5377734732,90.0010938298,0.0288426000,172.2280049754,191.5688398002,-0.0000000864,-0.1338394792,6644726.7729658214,6.9999993790,0.0000000458,63.9999968268,92.5489466632,90.0018155099,0.0288600270,172.8364776450,191.5934784914,-0.0000000566,-0.0000000076,6644542.0070832958,-184.7655967360
33,5,0,999.000000,5.9999998292,-0.0000002601,54.0000916689,92.5378086572,90.0010938300,0.0288426000,172.2280049886,191.5688397997,-0.0000000278,0.0653899804,6644726.7730953461,6.9999997211,0.0000000425,63.9999968796,92.5489466616,90.0018155098,0.0288600270,172.8364773825,191.5934785003,0.0000001631,-0.0000000733,6644542.0070371013,-184.7655965151
33,6,0,999.000000,6.0000007196,-0.0000000452,53.9998238868,92.5380400675,90.0010938297,0.0288426000,172.2280049826,191.5688397935,-0.0000000600,-0.0549075073,6644726.7730001397,7.0000001679,0.0000000238,64.0000013776,92.5489466586,90.0018155101,0.0288600270,172.8364776252,191.5934784955,0.0000001129,-0.0000000234,6644542.0070109433,-184.7655952875
33,7,0,999.000000,5.9999997082,-0.0000000270,54.0004904727,92.5378988598,90.0010938299,0.0288426000,172.2280046972,191.5688398133,0.0000001139,0.2973231857,6644726.7730145659,7.0000001492,0.0000000842,64.0000027013,92.5489466606,90.0018155098,0.0288600270,172.8364773587,191.5934784802,0.0000000390,-0.0000000734,6644542.0069751674,-184.7655908466
33,8,0,999.000000,5.9999998750,-0.0000000312,54.0001659581,92.5382415079,90.0010938301,0.0288426000,172.2280049642,191.5688398014,-0.0000000352,0.2512537396,6644726.7729957234,7.0000003340,-0.0000000401,64.0000020382,92.5489466630,90.0018155101,0.0288600270,172.8364774032,191.5934785088,0.0000000527,0.0000000446,6644542.0069066985,-184.7655972863
33,9,0,999.000000,6.0000001182,-0.0000000755,53.9991989836,92.5376879642,90.0010938300,0.0288426000,172.2280050846,191.5688397954,-0.0000000181,0.1750879026,6644726.7730822153,7.0000001364,-0.0000000254,63.9999986414,92.5489466540,90.0018155098,0.0288600270,172.8364773684,191.5934785044,-0.0000000195,-0.0000000726,6644542.0070184926,-184.7655686928
34,0,0,999.000000,1.9999997898,-0.0000000548,14.0000024733,92.5120155813,90.0000190105,0.0288179200,169.8156379908,191.4487426851,0.0000000597,0.0000001067,6645156.1180656822,3.0000000541,-0.0000001913,23.9999998560,92.5157162414,90.0000971797,0.0288173150,170.4155402768,191.4819587956,0.0000000912,0.0000000680,6645095.3659244152,-60.7519370591
34,1,0,999.000000,2.0000000164,-0.0000000011,14.0000480305,92.5120552823,90.0000190100,0.0288179200,169.8156378543,191.4487426872,0.0000001766,-0.0105211426,6645156.1180123705,2.9999999586,-0.0000000006,23.9999977685,92.5157162363,90.0000971802,0.0288173150,170.4155405569,191.4819587882,-0.0000000315,-0.0000001153,6645095.3660262236,-60.7519219876
34,2,0,999.000000,1.9999999454,0.0000000669,14.0001570504,92.5120331997,90.0000190099,0.0288179200,169.8156378007,191.4487426977,0.0000001154,0.0035689590,6645156.1180380937,2.9999997705,-0.0000001787,24.0000015700,92.5157162453,90.0000971798,0.0288173150,170.4155405795,191.4819587934,0.0000000537,0.0000001151,6645095.3660179116,-60.7519236320
34,3,0,999.000000,2.0000002346,0.0000000092,13.9999959564,92.5119228605,90.0000190100,0.0288179200,169.8156380245,191.4487427030,0.0000000807,0.0620458825,6645156.1179846572,2.9999997835,-0.0000002343,24.0000001978,92.5157162437,90.0000971800,0.0288173150,170.4155405250,191.4819587972,0.0000000195,-0.0000000405,6645095.3659513043,-60.7519314775
34,4,0,999.000000,1.9999999872,-0.0000000262,13.9998035061,92.5119243623,90.0000190099,0.0288179200,169.8156379026,191.4487426972,-0.0000000060,-0.1567396290,6645156.1179954186,2.9999994343,-0.0000000603,24.0000014240,92.5157162425,90.0000971802,0.0288173150,170.4155405207,191.4819588019,-0.0000001014,-0.0000002175,6645095.3659232045,-60.7519370312
34,5,0,999.000000,1.9999996095,-0.0000001187,14.0002363183,92.5120008753,90.0000190099,0.0288179200,169.8156377397,191.4487427024,-0.0000000094,0.1208303984,6645156.1180236461,3.0000004721,0.0000000323,23.9999994259,92.5157162362,90.0000971794,0.0288173150,170.4155402798,191.4819587819,-0.0000000351,0.0000000239,6645095.3660403220,-60.7519214028
34,6,0,999.000000,2.0000000532,-0.0000001460,13.9997074692,92.5121119701,90.0000190100,0.0288179200,169.8156383073,191.4487426908,-0.0000002764,-0.0318080640,6645156.1179441577,2.9999999177,-0.0000000377,24.0000035379,92.5157162447,90.0000971797,0.0288173150,170.4155407339,191.4819588001,0.0000000933,0.0000001033,6645095.3659863258,-60.7519322067
34,7,0,999.000000,2.0000001693,0.0000001222,14.0000846919,92.5120807561,90.0000190101,0.0288179200,169.8156380969,191.4487427039,-0.0000000708,-0.1128812686,6645156.1179822516,2.9999996709,0.0000000433,24.0000025111,92.5157162406,90.0000971800,0.0288173150,170.4155406713,191.4819587870,-0.0000001206,0.0000001827,6645095.3659320138,-60.7519261028
34,8,0,999.000000,1.9999995915,-0.0000000826,14.0001912703,92.5122711631,90.0000190098,0.0288179200,169.8156381750,191.4487427150,-0.0000001544,0.0099464819,6645156.1180097265,2.9999995461,0.0000000239,24.0000015513,92.5157162423,90.0000971801,0.0288173150,170.4155404682,191.4819587916,0.0000000464,0.0000001603,6645095.3660250399,-60.7519369706
34,9,0,999.000000,2.0000002857,-0.0000000023,14.0001045869,92.5115935637,90.0000190099,0.0288179200,169.8156379100,191.4487426979,-0.0000000128,0.3012016596,6645156.1179718608,2.9999999511,0.0000000343,23.9999974011,92.5157162395,90.0000971805,0.0288173150,170.4155403374,191.4819587926,-0.0000001265,0.0000001627,6645095.3660546094,-60.7519422415
35,0,0,999.000000,4.9999999699,0.0000001052,43.9999973244,92.5286524479,90.0005939200,0.0288296640,171.6217024748,191.5420286976,-0.0000000145,0.0000001542,6644880.6379410932,5.9999996019,0.0000000176,54.0000033056,92.5378818818,90.0010938301,0.0288426000,172.2280049182,191.5688398059,-0.0000000257,-0.0000000949,6644726.7729489617,-153.8653642107
35,1,0,999.000000,4.9999995564,-0.0000001058,44.0000479318,92.5286066832,90.0005939200,0.0288296640,171.6217027279,191.5420286967,-0.0000000766,0.0053831650,6644880.6379299639,6.0000001622,0.0000000684,53.9999974734,92.5378818773,90.0010938299,0.0288426000,172.2280047733,191.5688398031,0.0000001763,-0.0000000508,6644726.7729070820,-153.8653646788
35,2,0,999.000000,4.9999999932,-0.0000000275,43.9999261489,92.5285880943,90.0005939199,0.0288296640,171.6217027386,191.5420286893,0.0000000437,0.0131635235,6644880.6378569202,6.0000002280,0.0000000494,54.0000038860,92.5378818732,90.0010938298,0.0288426000,172.2280048999,191.5688397896,0.0000000431,-0.0000000572,6644726.7728995029,-153.8653786542
35,3,0,999.000000,5.0000001477,-0.0000000282,44.0002918444,92.5286072924,90.0005939199,0.0288296640,171.6217026478,191.5420287036,-0.0000000140,-0.0240982867,6644880.6379895946,6.0000001916,-0.0000001545,53.9999989565,92.5378818810,90.0010938301,0.0288426000,172.2280047317,191.5688398105,-0.0000000659,0.0000001329,6644726.7730442854,-153.8653800971
35,4,0,999.000000,5.0000002115,-0.0000000637,43.9998605736,92.5286706449,90.0005939203,0.0288296640,171.6217024320,191.5420286986,-0.0000000333,0.0751934743,6644880.6380266864,6.0000004092,-0.0000001122,54.0000027939,92.5378818780,90.0010938300,0.0288426000,172.2280047957,191.5688398034,-0.0000001024,0.0000001293,6644726.7730272794,-153.8653645932
35,5,0,999.000000,4.9999997759,-0.0000000155,43.9998617262,92.5284525551,90.0005939202,0.0288296640,171.6217029000,191.5420287026,-0.0000001298,0.1656617836,6644880.6380067775,5.9999999386,-0.0000000977,53.9999951153,92.5378818776,90.0010938300,0.0288426000,172.2280048330,191.5688398114,-0.0000001036,0.0000000881,6644726.7730025621,-153.8653658423
35,6,0,999.000000,4.9999996017,-0.0000000112,44.0004866000,92.5288740542,90.0005939202,0.0288296640,171.6217023701,191.5420287274,-0.0000000691,-0.1157099330,6644880.6379314875,6.0000000704,-0.0000000795,53.9999918926,92.5378818791,90.0010938300,0.0288426000,172.2280048425,191.5688397981,0.0000000069,0.0000000170,6644726.7729980946,-153.8653735138
35,7,0,999.000000,4.9999997433,-0.0000000184,43.9998609336,92.5288352234,90.0005939202,0.0288296640,171.6217027065,191.5420287031,-0.0000000788,-0.1095985428,6644880.6379832812,5.9999997425,0.0000000573,54.0000042845,92.5378818824,90.0010938302,0.0288426000,172.2280045208,191.5688398106,0.0000002055,0.0000001543,6644726.7729818095,-153.8653822349
35,8,0,999.000000,5.0000002040,-0.0000000028,44.0003329652,92.5289360976,90.0005939200,0.0288296640,171.6217025865,191.5420287005,-0.0000001520,-0.2871522276,6644880.6380155263,6.0000002136,0.0000000556,53.9999941648,92.5378818785,90.0010938298,0.0288426000,172.2280047806,191.5688398076,0.0000000295,0.0000001418,6644726.7729621045,-153.8653845613
35,9,0,999.000000,5.0000004180,0.0000001532,44.0001178709,92.5289772925,90.0005939201,0.0288296640,171.6217026437,191.5420287001,0.0000000911,0.0962302135,6644880.6380332140,5.9999999761,0.0000001377,53.9999937040,92.5378818754,90.0010938302,0.0288426000,172.2280049058,191.5688398005,0.0000000571,-0.0000000814,6644726.7730309060,-153.8653631853
36,0,0,999.000000,4.9999996768,-0.0000001253,43.9999976604,92.5286524490,90.0005939199,0.0288296640,171.6217024816,191.5420287029,0.0000000117,0.0000000147,6644880.6380810272,6.0000000468,-0.0000000367,53.9999996961,92.5378818803,90.0010938302,0.0288426000,172.2280044604,191.5688397969,0.0000000001,0.0000001304,6644726.7729574246,-153.8653864953
36,1,0,999.000000,5.0000000185,0.0000000559,43.9999614986,92.5286422901,90.0005939196,0.0288296640,171.6217028228,191.5420286946,-0.0000000465,0.0428802972,6644880.6380395405,5.9999998949,-0.0000000149,54.0000018074,92.5378818811,90.0010938301,0.0288426000,172.2280048345,191.5688398013,0.0000000453,0.0000000502,6644726.7729336526,-153.8653772937
36,2,0,999.000000,4.9999996924,0.0000001034,44.0000016936,92.5287426828,90.0005939198,0.0288296640,171.6217026506,191.5420286864,0.0000002196,-0.0237469872,6644880.6379818777,5.9999999409,0.0000000444,53.9999977272,92.5378818834,90.0010938302,0.0288426000,172.2280050315,191.5688397995,-0.0000000276,0.0000001998,6644726.7730160216,-153.8653807370
36,3,0,999.000000,4.9999997558,-0.0000000407,44.0002231948,92.5287679894,90.0005939200,0.0288296640,171.6217023101,191.5420287085,-0.0000001087,-0.0643006486,6644880.6379186884,5.9999994650,0.0000001080,54.0000018128,92.5378818775,90.0010938302,0.0288426000,172.2280048566,191.5688397966,-0.0000000120,-0.0000000908,6644726.7729588374,-153.8653671770
36,4,0,999.000000,4.9999999829,-0.0000000071,44.0002087834,92.5284764219,90.0005939201,0.0288296640,171.6217030403,191.5420287053,-0.0000001089,0.1013036609,6644880.6379683157,6.0000000438,-0.0000000779,53.9999981973,92.5378818801,90.0010938299,0.0288426000,172.2280049883,191.5688398060,-0.0000001285,0.0000000057,6644726.7729395116,-153.8653773965
36,5,0,999.000000,5.0000001396,0.0000000496,44.0003671510,92.5287221578,90.0005939201,0.0288296640,171.6217025089,191.5420287127,-0.0000000766,0.1582878676,6644880.6379834879,6.0000004434,-0.0000000238,53.9999951900,92.5378818826,90.0010938304,0.0288426000,172.2280049187,191.5688398009,-0.0000000383,0.0000000841,6644726.7729566591,-153.8653717120
36,6,0,999.000000,5.0000005670,-0.0000000639,44.0002095442,92.5289507736,90.0005939200,0.0288296640,171.6217026535,191.5420287025,-0.0000001305,-0.2592445653,6644880.6380477110,6.0000002898,0.0000000259,53.9999986987,92.5378818827,90.0010938303,0.0288426000,172.2280045457,191.5688398032,0.0000000914,0.0000000587,6644726.7730847867,-153.8653580894
36,7,0,999.000000,4.9999999123,-0.0000000716,44.0004310841,92.5283938897,90.0005939198,0.0288296640,171.6217028583,191.5420286905,0.0000000100,-0.2180582658,6644880.6380481534,5.9999998859,0.0000001544,54.0000037498,92.5378818808,90.0010938298,0.0288426000,172.2280048660,191.5688398104,-0.0000000147,-0.0000000859,6644726.7730446896,-153.8653704531
36,8,0,999.000000,4.9999997714,-0.0000000799,44.0002016486,92.5289147983,90.0005939200,0.0288296640,171.6217028032,191.5420287030,0.0000001028,-0.1815903635,6644880.6379798148,5.9999999244,-0.0000001129,54.0000057586,92.5378818830,90.0010938294,0.0288426000,172.2280045438,191.5688398037,-0.0000002204,-0.0000000428,6644726.7730726441,-153.8653596199
36,9,0,999.000000,5.0000000881,-0.0000000184,43.9992211296,92.5289185796,90.0005939200,0.0288296640,171.6217027828,191.5420287073,0.0000001057,-0.0503419950,6644880.6380805140,5.9999992928,-0.0000001980,53.9999980462,92.5378818786,90.0010938301,0.0288426000,172.2280047979,191.5688397985,0.0000002004,-0.0000000805,6644726.7729088226,-153.8653620809
37,0,0,999.000000,5.0000000898,0.0000000645,44.0000048445,92.5286524481,90.0005939201,0.0288296640,171.6217022401,191.5420286936,-0.0000001287,0.0000000448,6644880.6380153866,6.0000001028,-0.0000000306,53.9999994119,92.5378818799,90.0010938299,0.0288426000,172.2280046130,191.5688397944,0.0000000121,-0.0000000368,6644726.7729399325,-153.8653672849
37,1,0,999.000000,4.9999998356,0.0000000559,44.0000233565,92.5286182599,90.0005939198,0.0288296640,171.6217027669,191.5420287008,-0.0000000250,-0.0112844314,6644880.6380127640,6.0000000839,0.0000000115,54.0000024954,92.5378818801,90.0010938298,0.0288426000,172.2280044541,191.5688398144,0.0000000863,-0.0000000830,6644726.7729847310,-153.8653776454
37,2,0,999.000000,4.9999999535,0.0000001113,43.9999793957,92.5287483020,90.0005939199,0.0288296640,171.6217027017,191.5420286989,-0.0000000240,0.0739623860,6644880.6379277837,6.0000001812,0.0000000519,53.9999982368,92.5378818812,90.0010938300,0.0288426000,172.2280045706,191.5688397991,-0.0000000207,0.0000000161,6644726.7730832733,-153.8653730967
37,3,0,999.000000,5.0000002134,-0.0000000096,43.9999153738,92.5287557731,90.0005939198,0.0288296640,171.6217023761,191.5420286947,-0.0000000094,0.0370523842,6644880.6380717894,5.9999994662,-0.0000000508,53.9999938911,92.5378818801,90.0010938301,0.0288426000,172.2280048211,191.5688398074,0.0000000584,-0.0000000435,6644726.7729236707,-153.8653695623
37,4,0,999.000000,5.0000004941,-0.0000000355,43.9997186697,92.5288355755,90.0005939199,0.0288296640,171.6217029049,191.5420286897,0.0000000805,-0.0339686655,6644880.6380627425,6.0000000126,-0.0000001027,53.9999995067,92.5378818819,90.0010938300,0.0288426000,172.2280050386,191.5688398041,0.0000000198,-0.0000001844,6644726.7729575355,-153.8653755871
37,5,1,0.000579,4.9999994321,0.0000000979,44.0263978143,92.5346762151,90.0005939197,0.0288296640,171.6217029073,191.5420286984,-0.0000000405,4.0000000000,6644880.6380902948,6.0000002739,0.0000002172,53.9999973507,92.5378818773,90.0010938297,0.0288426000,172.2280048307,191.5688397989,0.0000000809,0.0000001232,6644726.7729173489,-153.8653772917
37,6,1,0.000694,4.9999996296,-0.0000000302,44.0428792336,92.5605729998,90.0005939201,0.0288296640,171.6217029453,191.5420286990,0.0000000671,4.0000000000,6644880.6379714180,5.9999994102,0.0000000361,54.0000002076,92.5378818818,90.0010938299,0.0288426000,172.2280051510,191.5688397895,0.0000000734,-0.0000000575,6644726.7729818095,-153.8653748109
37,7,1,0.000810,4.9999997692,-0.0000000986,44.0133406165,92.5780172108,90.0005939199,0.0288296640,171.6217026023,191.5420286962,-0.0000002745,4.0000000000,6644880.6379614882,5.9999995375,0.0000000753,53.9999968921,92.5378818789,90.0010938304,0.0288426000,172.2280045321,191.5688398019,0.0000001149,-0.0000001574,6644726.7730220864,-153.8653668499
37,8,0,999.000000,5.0000003597,0.0000001136,44.0220283229,92.5678257178,90.0005939198,0.0288296640,171.6217027992,191.5420286975,-0.0000002198,4.0000000000,6644880.6380086644,5.9999998910,0.0000000857,54.0000043792,92.5378818709,90.0010938301,0.0288426000,172.2280048872,191.5688398009,0.0000000636,-0.0000000499,6644726.7728985185,-153.8653759922
37,9,0,999.000000,5.0000001169,0.0000000182,44.0789472673,92.5740485454,90.0005939199,0.0288296640,171.6217031183,191.5420286933,0.0000002040,4.0000000000,6644880.6379955681,5.9999999144,-0.0000000692,53.9999998041,92.5378818754,90.0010938300,0.0288426000,172.2280046932,191.5688397983,-0.0000001701,0.0000000374,6644726.7730143284,-153.8653714353
38,0,0,999.000000,1.0000000806,-0.0000000653,3.9999975670,92.5101624701,90.0000000001,0.0288230520,169.2178215049,191.4134390903,0.0000000734,-0.0000001818,6645185.7489982136,2.0000000257,-0.0000000379,13.9999955616,92.5120155788,90.0000190104,0.0288179200,169.8156382030,191.4487426913,0.0000000256,0.0000000088,6645156.1180058345,-29.6312365729
38,1,0,999.000000,1.0000000423,0.0000000459,3.9998986232,92.5101524077,90.0000000002,0.0288230520,169.2178215529,191.4134391132,-0.0000001310,-0.0038000698,6645185.7490125299,1.9999991934,-0.0000000158,13.9999967701,92.5120155764,90.0000190099,0.0288179200,169.8156378588,191.4487426872,0.0000000124,0.0000000104,6645156.1179811172,-29.6312326673
38,2,0,999.000000,1.0000002564,-0.0000000087,3.9999892218,92.5102191261,90.0000000001,0.0288230520,169.2178217754,191.4134391101,0.0000000547,0.0580430589,6645185.7489851508,2.0000003398,-0.0000000978,14.0000018056,92.5120155798,90.0000190100,0.0288179200,169.8156380578,191.4487427018,-0.0000001509,-0.0000000004,6645156.1180332573,-29.6312449152
38,3,0,999.000000,0.9999992969,-0.0000001572,3.9997707302,92.5102338415,90.0000000000,0.0288230520,169.2178215985,191.4134390975,0.0000001288,0.1382212306,6645185.7490111887,2.0000001181,0.0000000775,13.9999989557,92.5120155807,90.0000190101,0.0288179200,169.8156379427,191.4487426998,0.0000000085,0.0000000072,6645156.1180237019,-29.6312243247
38,4,0,999.000000,0.9999999132,-0.0000000950,4.0001370118,92.5100685081,90.0000000004,0.0288230520,169.2178213555,191.4134391076,-0.0000001358,0.1742753688,6645185.7490143348,1.9999996303,-0.0000000738,14.0000010350,92.5120155806,90.0000190097,0.0288179200,169.8156377393,191.4487426914,-0.0000000371,0.0000000987,6645156.1180603625,-29.6312252480
38,5,0,999.000000,1.0000001219,-0.0000001651,3.9999737187,92.5101962403,90.0000000005,0.0288230520,169.2178217603,191.4134390979,-0.0000000043,0.1455359666,6645185.7489340622,2.0000000544,-0.0000000049,13.9999969095,92.5120155771,90.0000190100,0.0288179200,169.8156380623,191.4487426924,0.0000000256,-0.0000001151,6645156.1179378880,-29.6312624393
38,6,0,999.000000,1.0000000833,0.0000001413,3.9998636015,92.5100926181,90.0000000001,0.0288230520,169.2178216975,191.4134391090,-0.0000000347,0.1772730901,6645185.7489216598,2.0000003095,0.0000001147,13.9999977755,92.5120155753,90.0000190099,0.0288179200,169.8156379414,191.4487427036,0.0000001938,-0.0000001365,6645156.1178941382,-29.6312421143
38,7,0,999.000000,0.9999998046,-0.0000000029,3.9996138136,92.5101402225,89.9999999999,0.0288230520,169.2178216043,191.4134390864,0.0000000817,0.3059069803,6645185.7490070565,2.0000000668,-0.0000000780,13.9999993036,92.5120155816,90.0000190103,0.0288179200,169.8156383178,191.4487427007,-0.0000001122,-0.0000001093,6645156.1180668734,-29.6312325728
38,8,0,999.000000,0.9999999244,-0.0000000156,3.9992742980,92.5104738477,89.9999999998,0.0288230520,169.2178216568,191.4134391070,-0.0000000311,0.2795234806,6645185.7490433818,1.9999999755,0.0000000408,13.9999993585,92.5120155764,90.0000190098,0.0288179200,169.8156379788,191.4487427052,-0.0000001887,-0.0000001647,6645156.1179172099,-29.6312400228
38,9,0,999.000000,0.9999996042,0.0000001096,4.0007255727,92.5098302432,90.0000000002,0.0288230520,169.2178215345,191.4134390977,-0.0000001913,-0.1933567953,6645185.7488845456,2.0000002783,-0.0000001418,14.0000039944,92.5120155813,90.0000190103,0.0288179200,169.8156377669,191.4487426875,0.0000001091,0.0000000663,6645156.1180378357,-29.6312389166
39,0,0,999.000000,8.9999994339,-0.0000000056,83.9999964089,92.5765602600,90.0040858699,0.0289082960,174.0599851478,191.6361865012,0.0000001074,-0.0000000373,6644080.1760651590,10.0000002999,0.0000002034,94.0000011815,92.5930958898,90.0057150596,0.0289391020,174.6750388637,191.6542377994,0.0000002349,-0.0000000207,6643803.3509042012,-276.8248307091
39,1,0,999.000000,9.0000001742,-0.0000000949,83.9999565413,92.5765424649,90.0040858696,0.0289082960,174.0599853258,191.6361864959,0.0000000426,-0.0421150080,6644080.1760468222,10.0000000042,0.0000000326,94.0000008281,92.5930958940,90.0057150601,0.0289391020,174.6750390560,191.6542378139,-0.0000000586,0.0000001626,6643803.3511338700,-276.8248412275
39,2,0,999.000000,8.9999995133,0.0000000480,84.0001458998,92.5764921206,90.0040858702,0.0289082960,174.0599853663,191.6361865004,-0.0000000741,-0.0785003218,6644080.1759740617,10.0000000726,0.0000000593,93.9999987753,92.5930958877,90.0057150600,0.0289391020,174.6750389060,191.6542378111,-0.0000000704,-0.0000000177,6643803.3510555048,-276.8248299104
39,3,0,999.000000,9.0000000178,-0.0000001511,83.9998501449,92.5764521854,90.0040858704,0.0289082960,174.0599852435,191.6361865098,0.0000000911,-0.1144795732,6644080.1759735011,9.9999999516,-0.0000001051,93.9999991073,92.5930958916,90.0057150603,0.0289391020,174.6750391427,191.6542378046,0.0000000696,-0.0000000919,6643803.3510979339,-276.8248316949
39,4,0,999.000000,8.9999995641,-0.0000000772,83.9999115599,92.5765841069,90.0040858701,0.0289082960,174.0599852714,191.6361865130,0.0000000131,-0.1127693409,6644080.1759234983,9.9999997547,-0.0000000893,94.0000056810,92.5930958872,90.0057150600,0.0289391020,174.6750390934,191.6542378001,-0.0000000510,-0.0000000577,6643803.3510193061,-276.8248426661
39,5,0,999.000000,8.9999996828,0.0000000070,83.9997987263,92.5765817114,90.0040858701,0.0289082960,174.0599852209,191.6361864949,0.0000001298,0.1150977372,6644080.1761310659,9.9999999193,-0.0000000638,94.0000013016,92.5930958914,90.0057150602,0.0289391020,174.6750390095,191.6542378076,0.0000001208,0.0000001226,6643803.3508774936,-276.8248345401
39,6,0,999.000000,8.9999995191,-0.0000000499,83.9996308451,92.5767102529,90.0040858701,0.0289082960,174.0599855041,191.6361865032,-0.0000001087,-0.0052567902,6644080.1760290209,9.9999997627,-0.0000001267,94.0000014141,92.5930958898,90.0057150599,0.0289391020,174.6750390903,191.6542378127,-0.0000000651,0.0000000430,6643803.3510010298,-276.8248336011
39,7,0,999.000000,8.9999996742,-0.0000000768,84.0004921796,92.5769095629,90.0040858699,0.0289082960,174.0599848510,191.6361865065,0.0000000775,-0.1459926109,6644080.1759483069,10.0000004730,-0.0000000178,93.9999976067,92.5930958908,90.0057150600,0.0289391020,174.6750388946,191.6542378009,-0.0000000379,-0.0000001321,6643803.3509300072,-276.8248320432
39,8,0,999.000000,8.9999997529,-0.0000000445,83.9996676213,92.5762540810,90.0040858700,0.0289082960,174.0599855682,191.6361864840,0.0000000673,0.0525056516,6644080.1759976810,10.0000001617,-0.0000001605,94.0000004069,92.5930958907,90.0057150604,0.0289391020,174.6750386286,191.6542378101,-0.0000000038,-0.0000000809,6643803.3510199925,-276.8248481438
39,9,0,999.000000,8.9999996431,0.0000000945,84.0004531308,92.5762370090,90.0040858701,0.0289082960,174.0599854864,191.6361865018,0.0000001736,-0.3778130907,6644080.1760558123,10.0000000260,-0.0000000697,94.0000074725,92.5930958942,90.0057150601,0.0289391020,174.6750387109,191.6542377926,0.0000001114,0.0000000005,6643803.3509915583,-276.8248391523
40,0,0,999.000000,0.9999996344,0.0000000068,3.9999998474,92.5101624706,90.0000000000,0.0288230520,169.2178218534,191.4134391145,0.0000000547,0.0000000598,6645185.7490059687,2.0000002784,-0.0000002443,13.9999999889,92.5120155781,90.0000190100,0.0288179200,169.8156380033,191.4487426974,-0.0000001403,-0.0000000109,6645156.1180364201,-29.6312489556
40,1,0,999.000000,0.9999994246,0.0000001316,4.0000780574,92.5101467077,90.0000000001,0.0288230520,169.2178217610,191.4134390949,0.0000000087,0.0473260211,6645185.7489626855,2.0000002744,-0.0000001198,13.9999974327,92.5120155764,90.0000190096,0.0288179200,169.8156382030,191.4487426987,-0.0000001506,0.0000000840,6645156.1180913216,-29.6312472284
40,2,0,999.000000,0.9999998791,-0.0000001498,4.0001919193,92.5100659085,90.0000000000,0.0288230520,169.2178215446,191.4134391012,-0.0000000810,-0.0913572018,6645185.7489586687,2.0000000074,-0.0000000228,14.0000017689,92.5120155800,90.0000190100,0.0288179200,169.8156380061,191.4487426981,-0.0000000871,0.0000000159,6645156.1180197177,-29.6312444997
40,3,0,999.000000,1.0000002676,-0.0000000148,3.9999174905,92.5101386303,89.9999999999,0.0288230520,169.2178217637,191.4134390941,0.0000000571,-0.0585195969,6645185.7490178337,2.0000000394,0.0000001190,14.0000009927,92.5120155798,90.0000190103,0.0288179200,169.8156380212,191.4487427022,-0.0000000094,0.0000000009,6645156.1179682165,-29.6312481585
40,4,0,999.000000,1.0000001225,0.0000001988,3.9998952090,92.5102030182,89.9999999999,0.0288230520,169.2178216753,191.4134391010,-0.0000000257,0.1895743475,6645185.7489511268,2.0000001381,0.0000000345,14.0000001246,92.5120155826,90.0000190100,0.0288179200,169.8156380162,191.4487426887,0.0000000613,0.0000000868,6645156.1179644279,-29.6312494291
40,5,0,999.000000,0.9999998220,0.0000001133,3.9996122239,92.5103658419,90.0000000001,0.0288230520,169.2178215520,191.4134391014,-0.0000001314,-0.1650802695,6645185.7490226869,2.0000001483,0.0000001065,13.9999977746,92.5120155783,90.0000190105,0.0288179200,169.8156380350,191.4487426995,-0.0000000822,0.0000001624,6645156.1179714119,-29.6312514925
40,6,0,999.000000,0.9999999554,-0.0000000406,3.9996017129,92.5102013790,89.9999999998,0.0288230520,169.2178217290,191.4134391074,-0.0000001311,-0.2865917701,6645185.7489767671,1.9999998274,-0.0000000892,14.0000001606,92.5120155864,90.0000190096,0.0288179200,169.8156380469,191.4487427040,0.0000000053,0.0000000596,6645156.1179387150,-29.6312498755
40,7,0,999.000000,1.0000000356,-0.0000000945,3.9995658934,92.5102056100,90.0000000001,0.0288230520,169.2178219074,191.4134390940,-0.0000000224,-0.0730310271,6645185.7489742506,2.0000000412,0.0000000575,14.0000027592,92.5120155826,90.0000190100,0.0288179200,169.8156384106,191.4487427068,-0.0000000922,0.0000000100,6645156.1179818437,-29.6312426996
40,8,0,999.000000,1.0000000915,0.0000001912,4.0000015724,92.5104956415,89.9999999999,0.0288230520,169.2178217551,191.4134391063,-0.0000001692,0.2599507164,6645185.7489589937,1.9999999813,0.0000000018,13.9999960672,92.5120155786,90.0000190101,0.0288179200,169.8156379650,191.4487427121,0.0000001990,-0.0000002161,6645156.1180061698,-29.6312156428
40,9,0,999.000000,1.0000001375,0.0000001056,3.9998793677,92.5104571712,90.0000000000,0.0288230520,169.2178216883,191.4134390997,-0.0000000502,-0.4080275789,6645185.7489430569,1.9999998786,0.0000001028,14.0000009063,92.5120155798,90.0000190101,0.0288179200,169.8156377349,191.4487426975,0.0000001617,-0.0000000659,6645156.1179827563,-29.6312463010
41,0,0,999.000000,8.9999996220,0.0000000846,84.0000041479,92.5765602580,90.0040858700,0.0289082960,174.0599850102,191.6361864919,0.0000001994,-0.0000000958,6644080.1759835202,9.9999998268,-0.0000001995,94.0000002376,92.5930958899,90.0057150600,0.0289391020,174.6750388196,191.6542377963,-0.0000000500,-0.0000000989,6643803.3509548288,-276.8248452153
41,1,0,999.000000,9.0000001647,0.0000000267,84.0000142528,92.5765751018,90.0040858698,0.0289082960,174.0599853520,191.6361864903,-0.0000001491,-0.0186837427,6644080.1759881712,10.0000001824,0.0000000873,94.0000001469,92.5930958888,90.0057150599,0.0289391020,174.6750388023,191.6542378013,0.0000000677,0.0000000251,6643803.3510587458,-276.8248400270
41,2,0,999.000000,9.0000002146,0.0000000348,83.9998959693,92.5765905734,90.0040858698,0.0289082960,174.0599852322,191.6361864998,0.0000000419,0.0142876463,6644080.1759771388,10.0000000927,-0.0000000291,93.9999994329,92.5930958867,90.0057150600,0.0289391020,174.6750388220,191.6542377918,0.0000000958,0.0000000523,6643803.3510115184,-276.8248482887
41,3,0,999.000000,8.9999996620,-0.0000000154,83.9999472576,92.5766722109,90.0040858702,0.0289082960,174.0599851573,191.6361864956,-0.0000000146,-0.0063939391,6644080.1760581741,9.9999997333,-0.0000000629,94.0000040891,92.5930958862,90.0057150602,0.0289391020,174.6750389678,191.6542377942,0.0000000707,-0.0000000654,6643803.3509230940,-276.8248323448
41,4,1,0.000463,9.0000003661,0.0000000816,84.0158728116,92.5823702104,90.0040858701,0.0289082960,174.0599852295,191.6361865042,-0.0000000502,4.0000000000,6644080.1760170711,9.9999994081,-0.0000000612,94.0000006615,92.5930958827,90.0057150600,0.0289391020,174.6750391273,191.6542377944,0.0000001364,0.0000001208,6643803.3508836394,-276.8248355736
41,5,1,0.000579,9.0000000650,0.0000001577,84.0399260033,92.5858624399,90.0040858697,0.0289082960,174.0599854315,191.6361864978,0.0000000776,4.0000000000,6644080.1760209650,10.0000001955,0.0000000980,94.0000002493,92.5930958958,90.0057150599,0.0289391020,174.6750387029,191.6542377930,-0.0000000927,0.0000000957,6643803.3509563645,-276.8248233912
41,6,1,0.000694,8.9999999204,0.0000000498,84.0383993472,92.5969125976,90.0040858700,0.0289082960,174.0599854734,191.6361864941,0.0000001499,4.0000000000,6644080.1759762559,9.9999996433,0.0000001147,94.0000013045,92.5930958945,90.0057150599,0.0289391020,174.6750386060,191.6542377956,0.0000000170,0.0000000387,6643803.3510988103,-276.8248530072
41,7,0,999.000000,9.0000000659,-0.0000000265,84.0826813007,92.6232232584,90.0040858700,0.0289082960,174.0599856368,191.6361865006,-0.0000002437,4.0000000000,6644080.1759907361,9.9999996215,0.0000000309,93.9999972939,92.5930958906,90.0057150598,0.0289391020,174.6750388973,191.6542377885,-0.0000000083,0.0000000657,6643803.3510688338,-276.8248269507
41,8,0,999.000000,8.9999997057,0.0000000815,84.0144587530,92.6227927703,90.0040858701,0.0289082960,174.0599853921,191.6361865016,-0.0000001121,4.0000000000,6644080.1760186125,9.9999999003,-0.0000000450,93.9999988314,92.5930958901,90.0057150596,0.0289391020,174.6750390808,191.6542377988,-0.0000000405,-0.0000000023,6643803.3510079393,-276.8248392601
41,9,0,999.000000,9.0000002870,0.0000000775,84.0998464140,92.5996621978,90.0040858701,0.0289082960,174.0599852460,191.6361865081,0.0000000933,4.0000000000,6644080.1759521244,9.9999998915,0.0000000096,94.0000041804,92.5930958842,90.0057150598,0.0289391020,174.6750391377,191.6542377995,0.0000001538,-0.0000000733,6643803.3509182381,-276.8248295952
42,0,0,999.000000,4.0000001835,-0.0000000708,33.9999987504,92.5212627260,90.0002752496,0.0288212330,171.0175542265,191.5130617026,-0.0000000518,-0.0000000538,6645003.5239551635,4.9999990715,0.0000001508,43.9999971269,92.5286524487,90.0005939196,0.0288296640,171.6217027251,191.5420286941,-0.0000000392,0.0000001678,6644880.6379960468,-122.8854299109
42,1,0,999.000000,3.9999997296,0.0000000817,33.9999885249,92.5212368944,90.0002752504,0.0288212330,171.0175540472,191.5130617097,0.0000001252,0.0181797268,6645003.5240287688,5.0000006203,-0.0000000963,44.0000003827,92.5286524564,90.0005939205,0.0288296640,171.6217030513,191.5420287057,0.0000001495,0.0000000770,6644880.6380165480,-122.8854087155
42,2,0,999.000000,4.0000001120,0.0000000075,34.0001899579,92.5212209172,90.0002752499,0.0288212330,171.0175547752,191.5130617071,0.0000001057,0.0146445834,6645003.5239206553,4.9999998692,-0.0000000259,43.9999985723,92.5286524502,90.0005939201,0.0288296640,171.6217026514,191.5420286865,-0.0000000483,0.0000000044,6644880.6380662452,-122.8854333332
42,3,0,999.000000,4.0000001472,-0.0000000047,33.9999829003,92.5213371642,90.0002752498,0.0288212330,171.0175543709,191.5130617077,0.0000000877,-0.1245994011,6645003.5239962935,5.0000000424,-0.0000000962,43.9999988784,92.5286524543,90.0005939201,0.0288296640,171.6217026673,191.5420286984,0.0000000282,-0.0000001430,6644880.6379637169,-122.8854191220
42,4,0,999.000000,3.9999998020,-0.0000000685,33.9999701244,92.5210681915,90.0002752498,0.0288212330,171.0175543556,191.5130617046,-0.0000000381,-0.1264210536,6645003.5240578484,5.0000003720,-0.0000000282,43.9999981880,92.5286524472,90.0005939202,0.0288296640,171.6217026324,191.5420286942,-0.0000000770,0.0000000320,6644880.6379287373,-122.8854194813
42,5,1,0.000579,3.9999998467,-0.0000000685,34.0259491895,92.5359530954,90.0002752500,0.0288212330,171.0175545907,191.5130617022,-0.0000001320,4.0000000000,6645003.5240302635,5.0000000771,0.0000000214,43.9999995974,92.5286524521,90.0005939204,0.0288296640,171.6217025302,191.5420286936,0.0000000726,-0.0000000964,6644880.6380108921,-122.8854313630
42,6,1,0.000694,4.0000002405,0.0000000167,34.0443694048,92.5537810834,90.0002752499,0.0288212330,171.0175543373,191.5130616921,0.0000000218,4.0000000000,6645003.5240150625,4.9999996527,-0.0000000856,43.9999974938,92.5286524570,90.0005939200,0.0288296640,171.6217026865,191.5420287110,-0.0000001613,-0.0000000060,6644880.6379120909,-122.8854493952
42,7,1,0.000810,3.9999997891,-0.0000000139,34.0334572663,92.5541934610,90.0002752501,0.0288212330,171.0175545172,191.5130616980,-0.0000001182,4.0000000000,6645003.5239663441,5.0000004975,-0.0000002434,44.0000007131,92.5286524501,90.0005939199,0.0288296640,171.6217027120,191.5420287076,-0.0000001672,-0.0000000806,6644880.6379431002,-122.8854380266
42,8,0,999.000000,4.0000004261,-0.0000000210,34.0212165514,92.5374306063,90.0002752500,0.0288212330,171.0175545049,191.5130616942,0.0000001310,4.0000000000,6645003.5239990698,5.0000001839,0.0000002096,43.9999986835,92.5286524491,90.0005939199,0.0288296640,171.6217028028,191.5420287078,0.0000000756,-0.0000000497,6644880.6380440639,-122.8854274885
42,9,0,999.000000,4.0000002141,0.0000000447,34.0257415333,92.5572531295,90.0002752502,0.0288212330,171.0175544650,191.5130617044,-0.0000000435,4.0000000000,6645003.5239511216,4.9999999804,0.0000001000,44.0000022035,92.5286524520,90.0005939201,0.0288296640,171.6217024785,191.5420286985,0.0000000183,-0.0000001124,6644880.6379051004,-122.8854182938
43,0,0,999.000000,8.9999997976,0.0000000771,83.9999995740,92.5765602613,90.0040858702,0.0289082960,174.0599851118,191.6361864958,0.0000000459,0.0000000794,6644080.1759821931,10.0000000568,0.0000000192,94.0000009504,92.5930958862,90.0057150596,0.0289391020,174.6750389185,191.6542377903,0.0000002137,0.0000000654,6643803.3509359732,-276.8248265380
43,1,0,999.000000,9.0000003267,0.0000000848,84.0000843821,92.5765605386,90.0040858703,0.0289082960,174.0599853190,191.6361864973,0.0000000230,-0.0212997759,6644080.1759897461,10.0000000525,0.0000001225,94.0000031708,92.5930958937,90.0057150602,0.0289391020,174.6750388493,191.6542377989,-0.0000000199,-0.0000000061,6643803.3509221934,-276.8248342531
43,2,0,999.000000,9.0000001869,-0.0000001527,83.9998787791,92.5765244563,90.0040858702,0.0289082960,174.0599851733,191.6361864977,0.0000001790,-0.0844962849,6644080.1759965112,10.0000001732,0.0000000691,94.0000050484,92.5930958911,90.0057150597,0.0289391020,174.6750394477,191.6542377910,0.0000000050,0.0000002314,6643803.3509566747,-276.8248607718
43,3,1,0.000347,8.9999992696,0.0000001793,84.0170191023,92.5863678718,90.0040858700,0.0289082960,174.0599852450,191.6361865125,-0.0000002112,4.0000000000,6644080.1760219075,10.0000000824,-0.0000000831,94.0000034612,92.5930958937,90.0057150598,0.0289391020,174.6750386569,191.6542378016,0.0000000047,-0.0000000361,6643803.3511127532,-276.8248406872
43,4,1,0.000463,8.9999999110,0.0000000614,84.0327829688,92.5921553954,90.0040858700,0.0289082960,174.0599854167,191.6361864968,-0.0000000581,4.0000000000,6644080.1759543065,9.9999995570,-0.0000000910,94.0000058796,92.5930958867,90.0057150601,0.0289391020,174.6750387357,191.6542377933,0.0000000180,0.0000000225,6643803.3510730062,-276.8248434186
43,5,1,0.000579,8.9999998916,0.0000001102,84.0204258258,92.5980829494,90.0040858698,0.0289082960,174.0599850618,191.6361864955,-0.0000000926,4.0000000000,6644080.1759782182,9.9999999830,-0.0000000776,93.9999992294,92.5930958892,90.0057150600,0.0289391020,174.6750387057,191.6542378003,-0.0000001476,-0.0000000214,6643803.3510886012,-276.8248369441
43,6,0,999.000000,8.9999998672,-0.0000000666,84.0832088049,92.6226660977,90.0040858700,0.0289082960,174.0599857405,191.6361865045,0.0000000786,4.0000000000,6644080.1760106003,9.9999999018,0.0000000904,93.9999986288,92.5930958916,90.0057150602,0.0289391020,174.6750390804,191.6542377927,0.0000001573,0.0000000664,6643803.3510165550,-276.8248328693
43,7,0,999.000000,8.9999999545,-0.0000000467,84.0336120322,92.5996476449,90.0040858700,0.0289082960,174.0599853105,191.6361864948,-0.0000002147,4.0000000000,6644080.1760301869,9.9999999967,-0.0000001090,94.0000052299,92.5930958889,90.0057150601,0.0289391020,174.6750386641,191.6542378042,-0.0000001501,0.0000000229,6643803.3510125652,-276.8248465258
43,8,0,999.000000,8.9999996768,0.0000000076,84.0193253214,92.6016954907,90.0040858700,0.0289082960,174.0599855012,191.6361864976,0.0000000258,4.0000000000,6644080.1760507599,10.0000003229,-0.0000001027,94.0000033751,92.5930958960,90.0057150604,0.0289391020,174.6750386663,191.6542378033,0.0000001475,0.0000000226,6643803.3509872705,-276.8248373995
43,9,0,999.000000,9.0000002931,-0.0000000967,84.0588089071,92.6151516430,90.0040858701,0.0289082960,174.0599854648,191.6361865046,0.0000000045,4.0000000000,6644080.1759538511,9.9999998147,0.0000000869,94.0000050802,92.5930958911,90.0057150599,0.0289391020,174.6750388233,191.6542378074,-0.0000000459,-0.0000000044,6643803.3510728534,-276.8248416302
44,0,0,999.000000,10.0000000807,0.0000000809,94.0000031439,92.5930958934,90.0057150603,0.0289391020,174.6750387749,191.6542378061,0.0000000708,0.0000000776,6643803.3510860493,11.0000000033,0.0000000426,103.9999971840,92.6114404769,90.0077270099,0.0289743290,175.2922991394,191.6700801954,-0.0000000729,-0.0000000524,6643496.1079260092,-307.2434267612
44,1,0,999.000000,10.0000005598,0.0000000053,93.9999182953,92.5930887034,90.0057150600,0.0289391020,174.6750390630,191.6542377888,-0.0000000915,-0.0148095732,6643803.3509518150,11.0000000247,0.0000000505,103.9999943631,92.6114404685,90.0077270099,0.0289743290,175.2922989754,191.6700801978,-0.0000000911,-0.0000000334,6643496.1079068407,-307.2434227036
44,2,0,999.000000,10.0000002605,0.0000000406,93.9998124454,92.5931505663,90.0057150601,0.0289391020,174.6750389249,191.6542378124,0.0000000460,0.0853426604,6643803.3510060832,11.0000001941,-0.0000000797,103.9999986834,92.6114404711,90.0077270101,0.0289743290,175.2922993923,191.6700801899,-0.0000000974,0.0000000230,6643496.1079607578,-307.2433898587
44,3,0,999.000000,10.0000001481,-0.0000000690,94.0000276382,92.5929723739,90.0057150603,0.0289391020,174.6750389786,191.6542378137,-0.0000002016,-0.1379581373,6643803.3510571904,11.0000001572,-0.0000001333,104.0000039909,92.6114404725,90.0077270101,0.0289743290,175.2922995485,191.6700802032,-0.0000000242,-0.0000000811,6643496.1080410387,-307.2434110578
44,4,0,999.000000,9.9999999349,0.0000000649,94.0002174327,92.5929932357,90.0057150598,0.0289391020,174.6750387668,191.6542377861,0.0000000238,0.1876051599,6643803.3509494616,10.9999995171,-0.0000000008,104.0000028029,92.6114404719,90.0077270100,0.0289743290,175.2922991952,191.6700801898,-0.0000001421,-0.0000000203,6643496.1079912968,-307.2434122567
44,5,0,999.000000,10.0000002175,-0.0000001282,94.0002125490,92.5930412418,90.0057150602,0.0289391020,174.6750388610,191.6542377976,0.0000001010,-0.2140502048,6643803.3510022704,10.9999999203,0.0000000035,103.9999979113,92.6114404695,90.0077270099,0.0289743290,175.2922991207,191.6700802037,0.0000000818,-0.0000000380,6643496.1079560174,-307.2434134920
44,6,0,999.000000,9.9999999096,0.0000001530,93.9998154434,92.5930357997,90.0057150601,0.0289391020,174.6750389060,191.6542377950,-0.0000000035,-0.0023821146,6643803.3509862293,11.0000002417,0.0000000184,104.0000017520,92.6114404692,90.0077270099,0.0289743290,175.2922991353,191.6700801764,-0.0000000590,-0.0000000082,6643496.1080305362,-307.2434221816
44,7,0,999.000000,10.0000000999,0.0000001077,94.0003638106,92.5933414399,90.0057150595,0.0289391020,174.6750388882,191.6542378026,-0.0000001063,-0.2615015883,6643803.3509829696,10.9999996571,-0.0000001208,103.9999964804,92.6114404712,90.0077270098,0.0289743290,175.2922992645,191.6700801845,0.0000001329,0.0000001986,6643496.1079289010,-307.2434104709
44,8,0,999.000000,9.9999998342,-0.0000001510,93.9998797487,92.5933193586,90.0057150599,0.0289391020,174.6750388577,191.6542378009,0.0000001287,-0.0299728242,6643803.3509470429,10.9999999536,-0.0000000464,104.0000040898,92.6114404738,90.0077270100,0.0289743290,175.2922989857,191.6700802001,0.0000000336,-0.0000000375,6643496.1079739872,-307.2434250547
44,9,0,999.000000,9.9999999933,0.0000000351,94.0004962207,92.5930893647,90.0057150599,0.0289391020,174.6750393936,191.6542377973,-0.0000000212,-0.1069670218,6643803.3509650007,11.0000001158,0.0000000510,104.0000007028,92.6114404774,90.0077270098,0.0289743290,175.2922992825,191.6700802065,0.0000000341,0.0000001878,6643496.1079826597,-307.2434153925
45,0,0,999.000000,2.9999999739,0.0000000991,23.9999940286,92.5157162405,90.0000971802,0.0288173150,170.4155403896,191.4819588044,0.0000000849,0.0000001604,6645095.3659732947,3.9999997657,0.0000001653,33.9999978316,92.5212627316,90.0002752505,0.0288212330,171.0175546369,191.5130617091,0.0000000525,0.0000000788,6645003.5239814408,-91.8421307978
45,1,0,999.000000,3.0000001188,0.0000001452,24.0000717825,92.5157187142,90.0000971800,0.0288173150,170.4155406976,191.4819588033,0.0000000509,-0.0094873504,6645095.3659082782,4.0000000340,-0.0000001116,34.0000004917,92.5212627263,90.0002752497,0.0288212330,171.0175546869,191.5130617000,0.0000000185,-0.0000000248,6645003.5240308726,-91.8421470727
45,2,0,999.000000,3.0000000589,-0.0000000276,24.0000188432,92.5156776960,90.0000971802,0.0288173150,170.4155405910,191.4819587959,-0.0000001083,-0.0894816502,6645095.3659659913,3.9999998850,-0.0000001249,33.9999985836,92.5212627301,90.0002752499,0.0288212330,171.0175545254,191.5130617220,0.0000000424,-0.0000001735,6645003.5239884676,-91.8421421991
45,3,0,999.000000,2.9999998237,-0.0000001106,24.0000308585,92.5155979133,90.0000971798,0.0288173150,170.4155405393,191.4819587901,-0.0000000749,-0.0128099943,6645095.3661185335,4.0000001372,-0.0000000917,33.9999989455,92.5212627301,90.0002752499,0.0288212330,171.0175545380,191.5130617065,-0.0000000314,0.0000001326,6645003.5239909813,-91.8421496888
45,4,0,999.000000,3.0000000360,-0.0000001412,24.0001850248,92.5157315014,90.0000971800,0.0288173150,170.4155407610,191.4819588057,0.0000000059,0.1099398988,6645095.3660327299,3.9999999541,-0.0000000590,33.9999939742,92.5212627297,90.0002752503,0.0288212330,171.0175545093,191.5130616937,0.0000000903,-0.0000000015,6645003.5239801900,-91.8421539855
45,5,1,0.000579,3.0000006043,-0.0000002124,24.0188775802,92.5244030054,90.0000971802,0.0288173150,170.4155404219,191.4819587932,-0.0000000591,4.0000000000,6645095.3659713771,4.0000000291,-0.0000000754,34.0000024207,92.5212627283,90.0002752500,0.0288212330,171.0175542180,191.5130617001,-0.0000001325,0.0000002105,6645003.5238883188,-91.8421481729
45,6,1,0.000694,2.9999997155,-0.0000000287,24.0524306430,92.5596480713,90.0000971802,0.0288173150,170.4155406940,191.4819587784,-0.0000000304,4.0000000000,6645095.3659739597,4.0000005062,0.0000001484,33.9999986525,92.5212627284,90.0002752497,0.0288212330,171.0175542846,191.5130617030,-0.0000001456,0.0000000604,6645003.5240340261,-91.8421558053
45,7,0,999.000000,3.0000004452,0.0000002002,24.0957432112,92.5620964814,90.0000971801,0.0288173150,170.4155402089,191.4819588029,-0.0000000735,4.0000000000,6645095.3660794375,3.9999999386,-0.0000001003,33.9999989685,92.5212627258,90.0002752504,0.0288212330,171.0175545925,191.5130617096,-0.0000000500,0.0000000532,6645003.5239441963,-91.8421194002
45,8,0,999.000000,2.9999999023,0.0000001953,24.0942746356,92.5413318096,90.0000971800,0.0288173150,170.4155404811,191.4819587991,0.0000000873,4.0000000000,6645095.3660190804,3.9999991286,0.0000000300,33.9999952445,92.5212627321,90.0002752504,0.0288212330,171.0175544542,191.5130616957,0.0000001235,0.0000000095,6645003.5240936307,-91.8421374124
45,9,0,999.000000,3.0000000696,-0.0000000188,24.0651329796,92.5385440710,90.0000971798,0.0288173150,170.4155406266,191.4819588045,0.0000000467,4.0000000000,6645095.3659697110,3.9999995889,-0.0000000070,33.9999990019,92.5212627273,90.0002752500,0.0288212330,171.0175541791,191.5130616969,-0.0000001136,0.0000000232,6645003.5239644600,-91.8421312263
46,0,0,999.000000,7.9999996833,0.0000000346,74.0000032567,92.5618415100,90.0027994102,0.0288819310,173.4471340828,191.6159308976,0.0000000819,0.0000000914,6644326.4370361026,8.9999999099,0.0000000985,84.0000011096,92.5765602568,90.0040858699,0.0289082960,174.0599849526,191.6361865071,0.0000003101,0.0000001208,6644080.1760088224,-246.2615733723
46,1,0,999.000000,7.9999997343,0.0000002727,73.9999172111,92.5618458094,90.0027994097,0.0288819310,173.4471339432,191.6159308976,0.0000000370,0.0424647368,6644326.4370364361,9.0000000916,0.0000001648,84.0000023806,92.5765602562,90.0040858700,0.0289082960,174.0599853769,191.6361865076,0.0000000283,0.0000000578,6644080.1759385541,-246.2615728705
46,2,0,999.000000,7.9999996760,-0.0000000918,73.9999769265,92.5619146393,90.0027994100,0.0288819310,173.4471342037,191.6159309070,0.0000000634,-0.0936388650,6644326.4369913293,8.9999999645,0.0000000584,83.9999972388,92.5765602598,90.0040858698,0.0289082960,174.0599854253,191.6361865152,-0.0000000758,-0.0000000650,6644080.1760031153,-246.2615752306
46,3,0,999.000000,8.0000001544,-0.0000000288,73.9999659637,92.5618624775,90.0027994101,0.0288819310,173.4471341302,191.6159308990,0.0000001930,-0.1122485287,6644326.4369329708,8.9999997646,0.0000000006,83.9999968488,92.5765602644,90.0040858698,0.0289082960,174.0599854844,191.6361865015,0.0000000785,-0.0000000048,6644080.1760147223,-246.2615815073
46,4,0,999.000000,7.9999995322,0.0000001280,73.9998557352,92.5617120407,90.0027994098,0.0288819310,173.4471340233,191.6159309011,-0.0000001139,-0.1561345018,6644326.4369741259,9.0000001857,-0.0000001080,84.0000002184,92.5765602685,90.0040858697,0.0289082960,174.0599852836,191.6361864791,-0.0000001427,0.0000000311,6644080.1759904828,-246.2615594508
46,5,1,0.000579,7.9999999316,-0.0000000925,74.0157852278,92.5699697898,90.0027994098,0.0288819310,173.4471337866,191.6159309077,0.0000000873,4.0000000000,6644326.4369997941,8.9999999729,0.0000000320,84.0000037922,92.5765602640,90.0040858696,0.0289082960,174.0599851158,191.6361865052,-0.0000000679,-0.0000000203,6644080.1760925269,-246.2615588643
46,6,1,0.000694,8.0000003242,-0.0000000892,74.0254770211,92.5896943009,90.0027994103,0.0288819310,173.4471341657,191.6159308976,-0.0000001580,4.0000000000,6644326.4369998276,9.0000000309,0.0000000543,84.0000015600,92.5765602629,90.0040858698,0.0289082960,174.0599856354,191.6361864963,-0.0000000794,-0.0000001785,6644080.1760092573,-246.2615647895
46,7,1,0.000810,7.9999998336,0.0000000289,74.0971472326,92.5760179809,90.0027994102,0.0288819310,173.4471340353,191.6159308891,-0.0000000479,4.0000000000,6644326.4369508419,8.9999997057,0.0000000125,83.9999995189,92.5765602611,90.0040858699,0.0289082960,174.0599852009,191.6361865042,-0.0000000907,-0.0000000611,6644080.1760395830,-246.2615733596
46,8,0,999.000000,7.9999993503,0.0000001332,74.0173505414,92.5999214034,90.0027994103,0.0288819310,173.4471340439,191.6159309038,-0.0000000698,4.0000000000,6644326.4369544089,8.9999998864,0.0000000841,83.9999949282,92.5765602631,90.0040858696,0.0289082960,174.0599853251,191.6361865041,-0.0000000181,-0.0000001045,6644080.1760099959,-246.2615495424
46,9,0,999.000000,7.9999999959,-0.0000000408,74.0315565050,92.5983249229,90.0027994100,0.0288819310,173.4471340302,191.6159309043,0.0000001282,4.0000000000,6644326.4369547078,8.9999998403,-0.0000000876,83.9999956169,92.5765602646,90.0040858702,0.0289082960,174.0599853381,191.6361864973,-0.0000000496,-0.0000002487,6644080.1759986328,-246.2615681181
47,0,0,999.000000,3.9999995538,-0.0000000121,34.0000044335,92.5212627268,90.0002752500,0.0288212330,171.0175543518,191.5130617039,0.0000000759,-0.0000000788,6645003.5240631839,5.0000001214,-0.0000000242,44.0000009982,92.5286524566,90.0005939202,0.0288296640,171.6217026967,191.5420287009,0.0000000665,0.0000000240,6644880.6381026777,-122.8854303094
47,1,0,999.000000,3.9999995031,0.0000000790,34.0000327208,92.5212969373,90.0002752496,0.0288212330,171.0175542717,191.5130616999,-0.0000000312,-0.0459479813,6645003.5240103928,5.0000003864,-0.0000000602,44.0000020368,92.5286524505,90.0005939196,0.0288296640,171.6217026738,191.5420287079,0.0000000464,-0.0000001168,6644880.6379923988,-122.8854104137
47,2,0,999.000000,4.0000002298,0.0000000534,34.0001537997,92.5212242041,90.0002752498,0.0288212330,171.0175544614,191.5130616873,-0.0000000546,0.0113631088,6645003.5239127260,4.9999997043,0.0000000137,44.0000040376,92.5286524532,90.0005939204,0.0288296640,171.6217026634,191.5420287060,-0.0000000899,-0.0000000977,6644880.6379374247,-122.8854186479
47,3,1,0.000347,3.9999997603,0.0000001073,34.0435270750,92.5273697373,90.0002752498,0.0288212330,171.0175544542,191.5130617091,-0.0000001124,4.0000000000,6645003.5239567244,5.0000000305,0.0000000708,43.9999981057,92.5286524506,90.0005939199,0.0288296640,171.6217027411,191.5420287004,0.0000001558,0.0000000662,6644880.6379626011,-122.8854290611
47,4,1,0.000463,4.0000007251,0.0000000371,34.0654968924,92.5292124752,90.0002752496,0.0288212330,171.0175541539,191.5130616933,-0.0000001521,4.0000000000,6645003.5240000244,5.0000000870,-0.0000000105,43.9999959952,92.5286524517,90.0005939205,0.0288296640,171.6217026256,191.5420286898,-0.0000000908,0.0000000453,6644880.6380581353,-122.8854259876
47,5,0,999.000000,4.0000002298,-0.0000000848,34.0793653577,92.5434054017,90.0002752503,0.0288212330,171.0175545839,191.5130617114,0.0000000759,4.0000000000,6645003.5240267674,5.0000003729,-0.0000001087,43.9999960192,92.5286524500,90.0005939195,0.0288296640,171.6217029134,191.5420286969,-0.0000000371,-0.0000000072,6644880.6380028185,-122.8854271727
47,6,0,999.000000,3.9999996099,-0.0000000092,34.0476085108,92.5397832351,90.0002752501,0.0288212330,171.0175543501,191.5130616994,-0.0000000157,4.0000000000,6645003.5241048327,4.9999997808,0.0000001005,43.9999988718,92.5286524465,90.0005939200,0.0288296640,171.6217028609,191.5420287111,0.0000002945,0.0000000251,6644880.6379640782,-122.8854242856
47,7,0,999.000000,3.9999999235,0.0000000816,34.0816255980,92.5600458851,90.0002752501,0.0288212330,171.0175544844,191.5130617086,-0.0000000552,4.0000000000,6645003.5240066601,4.9999998263,0.0000000630,43.9999974571,92.5286524475,90.0005939195,0.0288296640,171.6217026719,191.5420286915,0.0000000194,0.0000001027,6644880.6379883224,-122.8854259229
47,8,0,999.000000,3.9999999599,0.0000000607,34.0343851447,92.5421881698,90.0002752499,0.0288212330,171.0175544196,191.5130616899,0.0000001126,4.0000000000,6645003.5240445444,5.0000003649,-0.0000000345,43.9999981725,92.5286524475,90.0005939202,0.0288296640,171.6217026865,191.5420287092,0.0000000405,-0.0000000839,6644880.6379631124,-122.8854222547
47,9,0,999.000000,4.0000002992,-0.0000000387,34.0824535138,92.5629650046,90.0002752501,0.0288212330,171.0175544573,191.5130617048,0.0000000823,4.0000000000,6645003.5239811698,5.0000002728,0.0000000274,43.9999965633,92.5286524421,90.0005939199,0.0288296640,171.6217025455,191.5420287010,0.0000000506,0.0000000671,6644880.6378723700,-122.8854399501
48,0,0,999.000000,2.9999998782,0.0000000475,23.9999991663,92.5157162339,90.0000971801,0.0288173150,170.4155404264,191.4819588135,0.0000000049,0.0000001077,6645095.3660157965,3.9999997102,0.0000000729,33.9999998184,92.5212627252,90.0002752496,0.0288212330,171.0175548743,191.5130616923,-0.0000000957,0.0000000398,6645003.5239288192,-91.8421202132
48,1,0,999.000000,2.9999997514,0.0000001460,24.0000768817,92.5157200156,90.0000971798,0.0288173150,170.4155402136,191.4819587927,0.0000000263,-0.0267420003,6645095.3660012530,4.0000005536,0.0000000012,34.0000020385,92.5212627298,90.0002752500,0.0288212330,171.0175545643,191.5130617180,0.0000000088,-0.0000000267,6645003.5240617665,-91.8421320137
48,2,0,999.000000,2.9999998743,0.0000000682,24.0000484675,92.5157493197,90.0000971800,0.0288173150,170.4155404140,191.4819587914,-0.0000000503,-0.0166564111,6645095.3660623422,4.0000005555,-0.0000000148,34.0000012584,92.5212627305,90.0002752497,0.0288212330,171.0175547054,191.5130616926,0.0000000330,-0.0000000263,6645003.5240644636,-91.8421418146
48,3,1,0.000347,2.9999999840,0.0000000986,24.0197563999,92.5359387507,90.0000971802,0.0288173150,170.4155406346,191.4819588048,0.0000000311,4.0000000000,6645095.3659700584,3.9999999113,0.0000001641,34.0000002357,92.5212627296,90.0002752499,0.0288212330,171.0175544599,191.5130616976,0.0000000663,0.0000000093,6645003.5239453139,-91.8421407962
48,4,1,0.000463,2.9999996460,-0.0000000803,24.0283811861,92.5372708915,90.0000971801,0.0288173150,170.4155403202,191.4819588055,0.0000000964,4.0000000000,6645095.3659520708,4.0000002323,0.0000001227,34.0000044033,92.5212627286,90.0002752501,0.0288212330,171.0175543388,191.5130617113,0.0000000565,0.0000001293,6645003.5239336463,-91.8421385234
48,5,0,999.000000,3.0000001460,0.0000000913,24.0596071253,92.5428368253,90.0000971799,0.0288173150,170.4155407205,191.4819587947,0.0000000560,4.0000000000,6645095.3659916008,3.9999995273,-0.0000000012,34.0000019322,92.5212627311,90.0002752496,0.0288212330,171.0175547880,191.5130616992,0.0000002311,-0.0000000830,6645003.5239310851,-91.8421500756
48,6,0,999.000000,2.9999995681,-0.0000000547,24.0217856954,92.5280678630,90.0000971799,0.0288173150,170.4155404728,191.4819588049,0.0000001385,4.0000000000,6645095.3660002640,4.0000001331,-0.0000001236,33.9999995615,92.5212627284,90.0002752502,0.0288212330,171.0175543642,191.5130617091,-0.0000001458,0.0000000201,6645003.5240140855,-91.8421542337
48,7,0,999.000000,2.9999997621,0.0000000766,24.0192859986,92.5482472364,90.0000971805,0.0288173150,170.4155406554,191.4819587921,-0.0000000196,4.0000000000,6645095.3660266669,4.0000004022,-0.0000001450,33.9999966714,92.5212627299,90.0002752500,0.0288212330,171.0175543575,191.5130616943,-0.0000000049,0.0000000586,6645003.5239973292,-91.8421423641
48,8,0,999.000000,2.9999998806,0.0000000108,24.0179765141,92.5645009125,90.0000971797,0.0288173150,170.4155404946,191.4819587995,-0.0000001162,4.0000000000,6645095.3659817614,3.9999998276,-0.0000000075,34.0000008514,92.5212627357,90.0002752501,0.0288212330,171.0175546931,191.5130616946,-0.0000000321,-0.0000000905,6645003.5239630630,-91.8421448760
48,9,0,999.000000,2.9999997973,0.0000000224,24.0383209496,92.5308727126,90.0000971799,0.0288173150,170.4155402436,191.4819587941,0.0000000873,4.0000000000,6645095.3659257973,4.0000001356,-0.0000001470,33.9999988468,92.5212627297,90.0002752502,0.0288212330,171.0175543228,191.5130616916,0.0000000168,-0.0000000634,6645003.5239778599,-91.8421324776
49,0,0,999.000000,5.0000006717,0.0000000689,44.0000012186,92.5286524497,90.0005939201,0.0288296640,171.6217027034,191.5420286990,0.0000000974,0.0000000863,6644880.6379931960,5.9999995637,0.0000000036,53.9999979381,92.5378818785,90.0010938300,0.0288426000,172.2280045185,191.5688398021,0.0000000027,-0.0000000011,6644726.7730276706,-153.8653778463
49,1,0,999.000000,5.0000000955,0.0000001036,44.0000548168,92.5286378520,90.0005939199,0.0288296640,171.6217026650,191.5420286982,0.0000001049,0.0341027947,6644880.6380734351,6.0000003440,-0.0000000456,53.9999948439,92.5378818845,90.0010938303,0.0288426000,172.2280050638,191.5688398027,0.0000000161,0.0000001615,6644726.7730728472,-153.8653662265
49,2,0,999.000000,4.9999999840,-0.0000000193,44.0001514960,92.5287484105,90.0005939199,0.0288296640,171.6217026832,191.5420286986,0.0000000490,-0.0214125314,6644880.6379747614,5.9999997807,0.0000000098,53.9999978555,92.5378818773,90.0010938298,0.0288426000,172.2280050086,191.5688398025,0.0000000887,-0.0000000070,6644726.7730077049,-153.8653573475
49,3,0,999.000000,5.0000002380,-0.0000002460,44.0000164814,92.5287690715,90.0005939200,0.0288296640,171.6217027225,191.5420286973,0.0000000031,0.0020134608,6644880.6380504966,6.0000004088,-0.0000000133,53.9999960176,92.5378818783,90.0010938300,0.0288426000,172.2280046238,191.5688397945,0.0000000511,0.0000000939,6644726.7729663253,-153.8653838179
49,4,0,999.000000,5.0000002213,-0.0000000225,43.9998067754,92.5285315908,90.0005939195,0.0288296640,171.6217027875,191.5420287012,-0.0000000123,-0.1731260200,6644880.6380008394,5.9999999959,-0.0000000025,54.0000015443,92.5378818806,90.0010938299,0.0288426000,172.2280050377,191.5688398141,0.0000001744,0.0000000699,6644726.7729092538,-153.8653879320
49,5,0,999.000000,4.9999998425,0.0000002274,44.0001483863,92.5286821468,90.0005939203,0.0288296640,171.6217026510,191.5420287024,-0.0000000015,0.0855064347,6644880.6379637318,6.0000000419,-0.0000000428,53.9999958839,92.5378818871,90.0010938297,0.0288426000,172.2280044958,191.5688397972,0.0000000422,-0.0000000825,6644726.7730317898,-153.8653743848
49,6,0,999.000000,5.0000005219,0.0000000323,43.9995729959,92.5288942564,90.0005939201,0.0288296640,171.6217025730,191.5420287056,0.0000001008,0.2672147685,6644880.6380086504,5.9999999811,-0.0000000005,53.9999972637,92.5378818741,90.0010938298,0.0288426000,172.2280048617,191.5688398026,0.0000000313,-0.0000001397,6644726.7729393486,-153.8653774663
49,7,0,999.000000,5.0000000066,-0.0000000976,44.0003098044,92.5286098857,90.0005939203,0.0288296640,171.6217026404,191.5420287193,0.0000000024,-0.3358255304,6644880.6379711404,5.9999993518,0.0000001607,54.0000045806,92.5378818767,90.0010938299,0.0288426000,172.2280046321,191.5688397875,-0.0000000210,-0.0000000321,6644726.7729789577,-153.8653700258
49,8,0,999.000000,4.9999996448,0.0000000392,43.9996188368,92.5285129679,90.0005939198,0.0288296640,171.6217027478,191.5420287012,0.0000001232,0.2758445885,6644880.6379779177,5.9999998412,-0.0000001306,54.0000003716,92.5378818754,90.0010938302,0.0288426000,172.2280048974,191.5688397906,-0.0000000150,-0.0000000389,6644726.7730055694,-153.8653673151
49,9,0,999.000000,4.9999998525,0.0000000282,44.0007386976,92.5290653620,90.0005939200,0.0288296640,171.6217024962,191.5420286878,-0.0000001120,0.3454716562,6644880.6380799841,5.9999997753,-0.0000000461,53.9999966424,92.5378818741,90.0010938302,0.0288426000,172.2280048018,191.5688397900,0.0000001640,-0.0000000503,6644726.7730289092,-153.8653848935
50,0,0,999.000000,9.0000003620,-0.0000000562,84.0000031476,92.5765602596,90.0040858701,0.0289082960,174.0599850207,191.6361865063,0.0000000275,0.0000000404,6644080.1759508662,9.9999998787,-0.0000001672,93.9999975659,92.5930958899,90.0057150601,0.0289391020,174.6750389965,191.6542377997,-0.0000000226,0.0000000084,6643803.3511137450,-276.8248380272
50,1,0,999.000000,9.0000002735,-0.0000000477,83.9999482594,92.5765456411,90.0040858701,0.0289082960,174.0599852473,191.6361865073,-0.0000000308,0.0053341585,6644080.1759820366,10.0000001571,-0.0000000149,93.9999985559,92.5930958859,90.0057150600,0.0289391020,174.6750387239,191.6542377987,-0.0000001094,-0.0000000129,6643803.3510934766,-276.8248350779
50,2,0,999.000000,9.0000003287,0.0000001767,83.9999961746,92.5765423591,90.0040858701,0.0289082960,174.0599849949,191.6361864894,-0.0000001268,0.0899387322,6644080.1760039553,10.0000003153,-0.0000001357,93.9999977426,92.5930958864,90.0057150601,0.0289391020,174.6750387233,191.6542377886,0.0000001360,0.0000002190,6643803.3510045595,-276.8248234314
50,3,0,999.000000,8.9999998372,0.0000001198,84.0000016660,92.5766258237,90.0040858699,0.0289082960,174.0599855148,191.6361865069,0.0000002399,0.0329612858,6644080.1760091204,9.9999998675,-0.0000000204,94.0000030965,92.5930958900,90.0057150598,0.0289391020,174.6750388842,191.6542377947,-0.0000000458,-0.0000001000,6643803.3509771051,-276.8248262625
50,4,0,999.000000,8.9999996184,0.0000000833,83.9996609368,92.5766072446,90.0040858697,0.0289082960,174.0599854341,191.6361865197,0.0000000575,-0.1150713331,6644080.1759653268,9.9999999478,-0.0000000620,94.0000014429,92.5930958930,90.0057150600,0.0289391020,174.6750388950,191.6542378094,-0.0000000862,0.0000001416,6643803.3509612037,-276.8248364547
50,5,0,999.000000,8.9999996570,-0.0000000110,84.0000825012,92.5764307376,90.0040858700,0.0289082960,174.0599855017,191.6361864998,-0.0000001330,-0.1201929994,6644080.1758984718,9.9999999474,0.0000001402,94.0000022720,92.5930958903,90.0057150598,0.0289391020,174.6750392725,191.6542378106,-0.0000000150,-0.0000001482,6643803.3511196217,-276.8248430606
50,6,0,999.000000,8.9999997036,-0.0000000146,84.0000327336,92.5764549316,90.0040858699,0.0289082960,174.0599853047,191.6361865043,0.0000000679,0.2089765678,6644080.1760117328,9.9999997785,0.0000000449,94.0000011853,92.5930958890,90.0057150600,0.0289391020,174.6750389798,191.6542377890,-0.0000001564,-0.0000001512,6643803.3509759046,-276.8248325641
50,7,0,999.000000,8.9999993549,-0.0000001012,84.0000341066,92.5763987080,90.0040858699,0.0289082960,174.0599853700,191.6361864987,-0.0000000720,-0.2345373372,6644080.1759936465,10.0000000909,-0.0000000264,93.9999965762,92.5930958895,90.0057150601,0.0289391020,174.6750388806,191.6542377965,-0.0000000538,-0.0000000435,6643803.3510582997,-276.8248450020
50,8,0,999.000000,9.0000001477,-0.0000001353,83.9996113220,92.5764430067,90.0040858702,0.0289082960,174.0599855566,191.6361865102,0.0000000307,0.0624761402,6644080.1759282881,10.0000004152,-0.0000000268,93.9999996361,92.5930958885,90.0057150596,0.0289391020,174.6750386831,191.6542377958,-0.0000000547,0.0000000996,6643803.3509960081,-276.8248582618
50,9,0,999.000000,8.9999997418,0.0000000354,84.0006442184,92.5767541923,90.0040858702,0.0289082960,174.0599851751,191.6361864949,-0.0000000457,0.2811196502,6644080.1759226611,10.0000001109,-0.0000000933,93.9999987953,92.5930958924,90.0057150596,0.0289391020,174.6750388775,191.6542377997,-0.0000000103,0.0000000557,6643803.3509755135,-276.8248333613
51,0,0,999.000000,7.0000003898,0.0000001695,63.9999989677,92.5489466612,90.0018155099,0.0288600270,172.8364774096,191.5934785217,0.0000001595,0.0000001446,6644542.0070236279,7.9999997365,0.0000001037,73.9999918364,92.5618415113,90.0027994103,0.0288819310,173.4471342900,191.6159308899,0.0000001601,-0.0000000158,6644326.4370785952,-215.5697402568
51,1,0,999.000000,7.0000004349,-0.0000000012,63.9999990099,92.5489480852,90.0018155099,0.0288600270,172.8364774059,191.5934784966,0.0000000233,-0.0293771459,6644542.0068882052,8.0000001440,0.0000000741,74.0000041695,92.5618415060,90.0027994097,0.0288819310,173.4471338754,191.6159308915,-0.0000000413,-0.0000000360,6644326.4369449783,-215.5697583621
51,2,0,999.000000,7.0000001379,-0.0000001290,64.0000763835,92.5490267893,90.0018155100,0.0288600270,172.8364775092,191.5934784936,0.0000000558,-0.0245343321,6644542.0070237722,7.9999999381,-0.0000001691,73.9999990738,92.5618415154,90.0027994098,0.0288819310,173.4471341736,191.6159309044,-0.0000001310,-0.0000000109,6644326.4370762212,-215.5697490653
51,3,0,999.000000,7.0000004111,-0.0000000427,63.9999067349,92.5490229660,90.0018155099,0.0288600270,172.8364775066,191.5934784974,0.0000001382,-0.0182498654,6644542.0070553795,8.0000000616,0.0000000264,73.9999980386,92.5618415056,90.0027994100,0.0288819310,173.4471339198,191.6159308956,-0.0000000172,0.0000001768,6644326.4370426312,-215.5697385365
51,4,1,0.000463,7.0000003065,-0.0000000656,64.0057181095,92.5551793212,90.0018155098,0.0288600270,172.8364773102,191.5934785021,0.0000000473,4.0000000000,6644542.0069233989,7.9999996464,-0.0000000884,74.0000016082,92.5618415055,90.0027994098,0.0288819310,173.4471340597,191.6159309080,0.0000000154,0.0000001994,6644326.4370083399,-215.5697501345
51,5,1,0.000579,6.9999997748,0.0000002655,64.0115444605,92.5561536252,90.0018155099,0.0288600270,172.8364772391,191.5934784963,0.0000000999,4.0000000000,6644542.0069420179,8.0000000078,0.0000000680,74.0000014707,92.5618415121,90.0027994105,0.0288819310,173.4471341391,191.6159308828,0.0000001866,0.0000000065,6644326.4369529765,-215.5697510305
51,6,1,0.000694,6.9999999244,0.0000000492,64.0452165771,92.5940635276,90.0018155099,0.0288600270,172.8364772560,191.5934785015,-0.0000000634,4.0000000000,6644542.0069678649,7.9999999402,-0.0000000528,74.0000011382,92.5618415103,90.0027994103,0.0288819310,173.4471340316,191.6159309133,-0.0000000439,-0.0000000285,6644326.4370651981,-215.5697577815
51,7,0,999.000000,7.0000003778,0.0000001824,64.0627730770,92.5811336223,90.0018155099,0.0288600270,172.8364773525,191.5934785103,0.0000000290,4.0000000000,6644542.0070044864,7.9999998820,0.0000000371,74.0000045691,92.5618415066,90.0027994101,0.0288819310,173.4471338576,191.6159309066,0.0000000923,-0.0000001294,6644326.4370601568,-215.5697545664
51,8,0,999.000000,7.0000003021,0.0000000361,64.0435726855,92.5626825251,90.0018155097,0.0288600270,172.8364775831,191.5934784993,-0.0000000461,4.0000000000,6644542.0069708331,8.0000000062,-0.0000000698,74.0000017579,92.5618415140,90.0027994101,0.0288819310,173.4471341729,191.6159309001,0.0000000957,-0.0000000636,6644326.4369725483,-215.5697580651
51,9,0,999.000000,6.9999998663,0.0000002107,64.0729610376,92.5637863278,90.0018155100,0.0288600270,172.8364773113,191.5934785090,0.0000000427,4.0000000000,6644542.0070045041,8.0000003607,0.0000000560,74.0000010653,92.5618415121,90.0027994096,0.0288819310,173.4471339888,191.6159309083,-0.0000000701,0.0000000201,6644326.4371042224,-215.5697495279
52,0,0,999.000000,3.0000009529,0.0000000744,23.9999937602,92.5157162398,90.0000971802,0.0288173150,170.4155404205,191.4819587968,0.0000000547,-0.0000001255,6645095.3659744253,4.0000002967,-0.0000000487,33.9999984291,92.5212627255,90.0002752502,0.0288212330,171.0175546700,191.5130616992,0.0000000316,0.0000000307,6645003.5239228029,-91.8421202186
52,1,0,999.000000,3.0000002809,0.0000000296,24.0000729677,92.5156965110,90.0000971802,0.0288173150,170.4155407232,191.4819588179,0.0000000213,0.0046367352,6645095.3660643967,4.0000001624,0.0000000378,34.0000045475,92.5212627263,90.0002752498,0.0288212330,171.0175543709,191.5130616978,0.0000001275,0.0000000433,6645003.5239361385,-91.8421374631
52,2,0,999.000000,3.0000001361,0.0000000554,24.0001748525,92.5156183543,90.0000971801,0.0288173150,170.4155402957,191.4819587966,-0.0000000738,-0.0951923952,6645095.3659581384,4.0000001618,-0.0000000217,33.9999989770,92.5212627330,90.0002752497,0.0288212330,171.0175550120,191.5130617132,-0.0000001814,-0.0000000508,6645003.5240034033,-91.8421535892
52,3,0,999.000000,3.0000005796,0.0000000505,24.0000873078,92.5157162122,90.0000971798,0.0288173150,170.4155406319,191.4819588083,-0.0000000491,-0.0075736692,6645095.3660173826,3.9999997945,-0.0000000103,34.0000004258,92.5212627318,90.0002752502,0.0288212330,171.0175547306,191.5130617007,-0.0000001689,-0.0000000610,6645003.5240762839,-91.8421397614
52,4,0,999.000000,2.9999997240,0.0000000349,23.9996461137,92.5156660053,90.0000971798,0.0288173150,170.4155404561,191.4819587946,-0.0000000003,-0.0455252446,6645095.3660369590,3.9999994143,-0.0000000955,34.0000024314,92.5212627284,90.0002752498,0.0288212330,171.0175546265,191.5130617048,0.0000000958,-0.0000001163,6645003.5239338093,-91.8421309983
52,5,0,999.000000,3.0000000589,-0.0000000253,24.0000701471,92.5156445224,90.0000971800,0.0288173150,170.4155403304,191.4819587921,-0.0000001090,-0.1637729476,6645095.3660265431,3.9999997296,-0.0000001500,33.9999974973,92.5212627345,90.0002752499,0.0288212330,171.0175543606,191.5130617041,-0.0000000123,-0.0000000727,6645003.5239441516,-91.8421377307
52,6,0,999.000000,3.0000000725,0.0000001511,23.9994327347,92.5159476723,90.0000971797,0.0288173150,170.4155406826,191.4819588043,0.0000001465,-0.1295827060,6645095.3659830969,3.9999993394,0.0000000605,33.9999970815,92.5212627294,90.0002752501,0.0288212330,171.0175543558,191.5130616978,-0.0000002046,-0.0000001034,6645003.5239432184,-91.8421431706
52,7,0,999.000000,2.9999997279,-0.0000000222,24.0006301754,92.5157885602,90.0000971798,0.0288173150,170.4155405213,191.4819588111,-0.0000001494,-0.2958758424,6645095.3660469726,3.9999999149,-0.0000000913,33.9999976560,92.5212627325,90.0002752496,0.0288212330,171.0175543469,191.5130616943,0.0000000442,-0.0000000395,6645003.5240126243,-91.8421520894
52,8,0,999.000000,2.9999999395,0.0000000832,23.9995179834,92.5154907146,90.0000971799,0.0288173150,170.4155405614,191.4819587954,0.0000001194,0.1861924338,6645095.3659700705,3.9999998649,-0.0000000445,33.9999962386,92.5212627272,90.0002752502,0.0288212330,171.0175548354,191.5130616979,0.0000000416,-0.0000000904,6645003.5239940314,-91.8421403015
52,9,0,999.000000,2.9999993956,-0.0000001360,23.9999805752,92.5156811252,90.0000971800,0.0288173150,170.4155404977,191.4819588085,0.0000000566,-0.2162600638,6645095.3660083059,4.0000001071,-0.0000001304,34.0000008271,92.5212627337,90.0002752498,0.0288212330,171.0175543061,191.5130616966,-0.0000000405,0.0000001578,6645003.5239828164,-91.8421457809
53,0,0,999.000000,3.9999993992,0.0000001852,33.9999982907,92.5212627320,90.0002752500,0.0288212330,171.0175546662,191.5130617021,0.0000000388,0.0000001213,6645003.5239813402,5.0000004468,-0.0000000708,44.0000002200,92.5286524520,90.0005939196,0.0288296640,171.6217027832,191.5420287235,0.0000002081,-0.0000000011,6644880.6380967330,-122.8854207890
53,1,0,999.000000,4.0000000664,-0.0000000354,33.9999312638,92.5212395335,90.0002752500,0.0288212330,171.0175545640,191.5130616946,0.0000000865,0.0155835084,6645003.5240670172,5.0000002607,0.0000001090,43.9999980782,92.5286524526,90.0005939205,0.0288296640,171.6217030146,191.5420286961,-0.0000000852,0.0000000296,6644880.6380387843,-122.8854202181
53,2,0,999.000000,3.9999995631,-0.0000000738,34.0000509147,92.5212579250,90.0002752502,0.0288212330,171.0175545043,191.5130616999,0.0000000549,0.0543811912,6645003.5239705173,4.9999998226,-0.0000001146,44.0000025844,92.5286524484,90.0005939203,0.0288296640,171.6217026960,191.5420287058,-0.0000000943,-0.0000000780,6644880.6380386585,-122.8854477629
53,3,0,999.000000,4.0000000042,-0.0000000704,34.0002540727,92.5212718547,90.0002752501,0.0288212330,171.0175545656,191.5130617021,-0.0000000052,-0.1270292563,6645003.5239402130,5.0000002934,0.0000000822,44.0000020060,92.5286524536,90.0005939200,0.0288296640,171.6217026874,191.5420286930,-0.0000000732,-0.0000001242,6644880.6379741402,-122.8854335886
53,4,0,999.000000,4.0000002277,-0.0000002337,34.0000345980,92.5211022790,90.0002752499,0.0288212330,171.0175544891,191.5130617018,0.0000000378,-0.1373182806,6645003.5238850312,4.9999998577,-0.0000001184,44.0000059032,92.5286524502,90.0005939202,0.0288296640,171.6217027542,191.5420286970,-0.0000000544,-0.0000002021,6644880.6380077032,-122.8854256374
53,5,0,999.000000,3.9999999863,0.0000000300,34.0003865457,92.5213627466,90.0002752501,0.0288212330,171.0175543896,191.5130616968,-0.0000000541,0.0455774386,6645003.5240079174,5.0000006628,-0.0000000744,43.9999990862,92.5286524498,90.0005939198,0.0288296640,171.6217022856,191.5420286962,0.0000000818,-0.0000000294,6644880.6379555324,-122.8854243930
53,6,1,0.000694,3.9999998773,-0.0000001846,34.0198739757,92.5339659854,90.0002752495,0.0288212330,171.0175544166,191.5130617189,0.0000000377,4.0000000000,6645003.5240083626,4.9999997963,0.0000000061,44.0000057751,92.5286524471,90.0005939201,0.0288296640,171.6217026706,191.5420287141,0.0000000526,0.0000000746,6644880.6380038382,-122.8854044066
53,7,1,0.000810,3.9999997272,0.0000002231,34.0439586617,92.5415228912,90.0002752496,0.0288212330,171.0175541105,191.5130617025,0.0000001460,4.0000000000,6645003.5240086587,5.0000002630,0.0000000670,44.0000033333,92.5286524499,90.0005939194,0.0288296640,171.6217026583,191.5420286938,0.0000000336,0.0000000187,6644880.6379593983,-122.8854396957
53,8,1,0.000926,4.0000000681,-0.0000000425,34.0209187843,92.5641570055,90.0002752500,0.0288212330,171.0175545047,191.5130617013,-0.0000000102,4.0000000000,6645003.5240004044,5.0000005047,-0.0000000816,43.9999992208,92.5286524471,90.0005939203,0.0288296640,171.6217024766,191.5420286856,0.0000000866,-0.0000001339,6644880.6380448705,-122.8854339560
53,9,0,999.000000,4.0000001996,-0.0000000693,34.0599818091,92.5547679638,90.0002752501,0.0288212330,171.0175545010,191.5130616946,-0.0000000179,4.0000000000,6645003.5239629745,4.9999998312,-0.0000000072,44.0000037144,92.5286524477,90.0005939204,0.0288296640,171.6217025063,191.5420286866,0.0000000607,0.0000000086,6644880.6380296629,-122.8854271333
54,0,0,999.000000,4.9999995350,0.0000001022,43.9999968480,92.5286524501,90.0005939198,0.0288296640,171.6217027606,191.5420286894,-0.0000000456,-0.0000000674,6644880.6379560316,5.9999998921,-0.0000000624,54.0000025075,92.5378818777,90.0010938301,0.0288426000,172.2280045376,191.5688397964,-0.0000000110,0.0000000265,6644726.7729871953,-153.8653627642
54,1,0,999.000000,5.0000000301,0.0000001353,43.9999309715,92.5286540117,90.0005939201,0.0288296640,171.6217023944,191.5420286976,0.0000000410,-0.0035424863,6644880.6379991965,5.9999995225,-0.0000000178,54.0000023444,92.5378818790,90.0010938300,0.0288426000,172.2280047673,191.5688397989,0.0000000194,0.0000000238,6644726.7730072932,-153.8653685146
54,2,0,999.000000,4.9999999052,-0.0000001113,43.9999644533,92.5285674898,90.0005939201,0.0288296640,171.6217024815,191.5420287032,0.0000000644,-0.0682595064,6644880.6378844185,5.9999996673,0.0000000986,53.9999978787,92.5378818789,90.0010938301,0.0288426000,172.2280050442,191.5688397973,-0.0000000861,0.0000001182,6644726.7730025901,-153.8653815592
54,3,1,0.000347,5.0000001355,-0.0000000558,44.0319232262,92.5332636171,90.0005939196,0.0288296640,171.6217029994,191.5420287039,0.0000001190,4.0000000000,6644880.6380451359,6.0000002707,0.0000000954,54.0000009096,92.5378818744,90.0010938297,0.0288426000,172.2280043586,191.5688397969,0.0000001415,-0.0000001436,6644726.7730394425,-153.8653673099
54,4,1,0.000463,4.9999999427,0.0000000343,44.0415286990,92.5593820444,90.0005939197,0.0288296640,171.6217029346,191.5420287019,0.0000000514,4.0000000000,6644880.6380175473,5.9999994027,-0.0000001196,54.0000038322,92.5378818800,90.0010938300,0.0288426000,172.2280049395,191.5688397981,0.0000000293,-0.0000000070,6644726.7729170062,-153.8653751424
54,5,1,0.000579,5.0000001186,0.0000000352,44.0425702879,92.5507831217,90.0005939198,0.0288296640,171.6217025148,191.5420287072,0.0000001830,4.0000000000,6644880.6379928542,6.0000002961,0.0000000572,53.9999997953,92.5378818812,90.0010938305,0.0288426000,172.2280046976,191.5688398057,0.0000002112,0.0000000177,6644726.7729073856,-153.8653685396
54,6,0,999.000000,4.9999999147,0.0000001652,44.0457657083,92.5550449355,90.0005939197,0.0288296640,171.6217027386,191.5420286890,0.0000001288,4.0000000000,6644880.6380718015,6.0000003948,0.0000000306,54.0000025739,92.5378818794,90.0010938296,0.0288426000,172.2280045254,191.5688397999,-0.0000001237,0.0000000975,6644726.7730205953,-153.8653659874
54,7,0,999.000000,5.0000000977,-0.0000000392,44.0406200735,92.5518157393,90.0005939199,0.0288296640,171.6217028161,191.5420286963,-0.0000000958,4.0000000000,6644880.6380045237,5.9999998254,-0.0000000259,53.9999959275,92.5378818822,90.0010938302,0.0288426000,172.2280049338,191.5688398009,0.0000001616,-0.0000001296,6644726.7730109319,-153.8653639925
54,8,0,999.000000,4.9999999512,0.0000000362,44.0895400602,92.5655828052,90.0005939201,0.0288296640,171.6217025712,191.5420287066,-0.0000001191,4.0000000000,6644880.6379760690,6.0000000508,-0.0000001115,53.9999999073,92.5378818786,90.0010938303,0.0288426000,172.2280048050,191.5688398012,-0.0000000420,0.0000000770,6644726.7730529616,-153.8653763343
54,9,0,999.000000,5.0000000842,0.0000001230,44.0103826409,92.5477769213,90.0005939204,0.0288296640,171.6217029040,191.5420286932,-0.0000000713,4.0000000000,6644880.6379705761,5.9999997664,-0.0000000060,53.9999990428,92.5378818778,90.0010938298,0.0288426000,172.2280045902,191.5688397988,0.0000001118,0.0000000810,6644726.7730126614,-153.8653775281
55,0,0,999.000000,1.0000004934,0.0000000341,4.0000038694,92.5101624717,90.0000000002,0.0288230520,169.2178216848,191.4134391083,-0.0000000699,-0.0000002427,6645185.7490296382,2.0000001076,-0.0000000875,13.9999963739,92.5120155804,90.0000190102,0.0288179200,169.8156378218,191.4487426943,0.0000000669,0.0000000073,6645156.1180574326,-29.6312443656
55,1,0,999.000000,1.0000002124,0.0000000688,4.0000427170,92.5101256004,90.0000000000,0.0288230520,169.2178217381,191.4134391181,0.0000000145,0.0323208898,6645185.7490386199,2.0000005359,-0.0000000323,14.0000024158,92.5120155840,90.0000190103,0.0288179200,169.8156378779,191.4487426994,0.0000000459,0.0000000908,6645156.1180180907,-29.6312448676
55,2,0,999.000000,1.0000002149,0.0000000322,4.0000135247,92.5101690428,89.9999999998,0.0288230520,169.2178214668,191.4134391050,0.0000001192,-0.0294386648,6645185.7490153406,2.0000003114,-0.0000000563,13.9999995644,92.5120155762,90.0000190103,0.0288179200,169.8156379391,191.4487426846,-0.0000000955,-0.0000000650,6645156.1179281538,-29.6312506329
55,3,0,999.000000,1.0000000588,0.0000000143,4.0002947963,92.5101526816,89.9999999997,0.0288230520,169.2178214788,191.4134390910,-0.0000000280,0.0559978758,6645185.7490005763,2.0000000078,-0.0000000621,13.9999989358,92.5120155793,90.0000190102,0.0288179200,169.8156381441,191.4487427042,0.0000000572,0.0000001388,6645156.1179393576,-29.6312456944
55,4,0,999.000000,0.9999999887,0.0000001793,3.9998495533,92.5101353329,89.9999999996,0.0288230520,169.2178216947,191.4134391028,-0.0000000289,-0.1334271287,6645185.7489864975,2.0000002128,0.0000001107,13.9999973254,92.5120155791,90.0000190100,0.0288179200,169.8156378578,191.4487427078,-0.0000001466,0.0000001244,6645156.1180461496,-29.6312428798
55,5,1,0.000579,1.0000002633,0.0000001057,4.0393311394,92.5297506272,90.0000000002,0.0288230520,169.2178217067,191.4134390952,0.0000001858,4.0000000000,6645185.7490137517,1.9999998136,-0.0000000931,14.0000013709,92.5120155807,90.0000190098,0.0288179200,169.8156377780,191.4487427085,-0.0000000613,-0.0000000339,6645156.1180785708,-29.6312514470
55,6,1,0.000694,0.9999998333,0.0000001947,4.0806051499,92.5255703584,90.0000000000,0.0288230520,169.2178218896,191.4134391042,0.0000001451,4.0000000000,6645185.7489613602,1.9999998324,0.0000000103,13.9999982005,92.5120155764,90.0000190103,0.0288179200,169.8156380242,191.4487427021,-0.0000000588,0.0000001451,6645156.1179394796,-29.6312391809
55,7,0,999.000000,1.0000000707,0.0000000375,4.0169445703,92.5573728738,90.0000000002,0.0288230520,169.2178215017,191.4134390934,-0.0000000515,4.0000000000,6645185.7489614692,1.9999994997,0.0000001140,14.0000027879,92.5120155759,90.0000190100,0.0288179200,169.8156379543,191.4487426975,-0.0000000428,0.0000002003,6645156.1179761458,-29.6312486646
55,8,0,999.000000,1.0000004156,0.0000000244,4.0235562908,92.5483604324,90.0000000000,0.0288230520,169.2178215509,191.4134390912,0.0000001256,4.0000000000,6645185.7490512123,2.0000003484,-0.0000000414,13.9999972864,92.5120155798,90.0000190098,0.0288179200,169.8156381979,191.4487426988,0.0000000150,-0.0000000094,6645156.1180434870,-29.6312474194
55,9,0,999.000000,0.9999993691,-0.0000001135,4.0795295040,92.5373481125,90.0000000000,0.0288230520,169.2178214351,191.4134391137,0.0000000032,4.0000000000,6645185.7489918377,2.0000002756,-0.0000000365,13.9999957640,92.5120155795,90.0000190098,0.0288179200,169.8156381352,191.4487426925,-0.0000000706,0.0000000757,6645156.1179534728,-29.6312510925
56,0,0,999.000000,0.9999999333,-0.0000000177,4.0000023903,92.5101624728,89.9999999999,0.0288230520,169.2178217071,191.4134391082,-0.0000001602,-0.0000000419,6645185.7489921246,1.9999998653,0.0000001917,13.9999988227,92.5120155815,90.0000190100,0.0288179200,169.8156378761,191.4487427146,-0.0000000222,0.0000000876,6645156.1179994773,-29.6312455662
56,1,0,999.000000,1.0000000311,0.0000001863,3.9999549481,92.5101433832,89.9999999998,0.0288230520,169.2178215663,191.4134391055,-0.0000000863,-0.0459664313,6645185.7490005083,1.9999997302,0.0000000040,14.0000022601,92.5120155862,90.0000190098,0.0288179200,169.8156376543,191.4487426999,0.0000000071,0.0000000814,6645156.1179718468,-29.6312393304
56,2,0,999.000000,1.0000001901,0.0000001796,4.0000949041,92.5101298524,90.0000000000,0.0288230520,169.2178213664,191.4134391080,-0.0000000703,-0.0811227815,6645185.7490125997,2.0000003069,0.0000001532,13.9999990724,92.5120155784,90.0000190099,0.0288179200,169.8156381740,191.4487427064,0.0000000270,0.0000000368,6645156.1179875201,-29.6312427153
56,3,0,999.000000,1.0000002453,-0.0000000502,4.0002714146,92.5102233908,90.0000000006,0.0288230520,169.2178214647,191.4134390994,-0.0000000851,-0.1261591977,6645185.7490331307,1.9999998071,0.0000000562,14.0000017132,92.5120155808,90.0000190102,0.0288179200,169.8156376500,191.4487427004,0.0000000078,-0.0000000370,6645156.1180350976,-29.6312347250
56,4,0,999.000000,0.9999999593,0.0000000373,4.0000230343,92.5099884869,90.0000000001,0.0288230520,169.2178214457,191.4134390913,-0.0000000708,-0.1186776534,6645185.7490761438,2.0000003595,-0.0000000593,14.0000012917,92.5120155798,90.0000190101,0.0288179200,169.8156383918,191.4487427133,-0.0000000293,-0.0000000596,6645156.1180501366,-29.6312522228
56,5,0,999.000000,1.0000002430,0.0000001663,4.0003419974,92.5103192429,90.0000000001,0.0288230520,169.2178215119,191.4134391048,0.0000000420,0.0472383754,6645185.7489383882,1.9999996716,0.0000000746,14.0000040989,92.5120155800,90.0000190104,0.0288179200,169.8156378000,191.4487426985,0.0000001492,-0.0000000603,6645156.1179926349,-29.6312309903
56,6,0,999.000000,1.0000003039,0.0000000530,4.0003170997,92.5101664087,90.0000000001,0.0288230520,169.2178217100,191.4134390978,0.0000000278,0.1443124678,6645185.7489531217,2.0000002687,0.0000000180,14.0000013667,92.5120155781,90.0000190098,0.0288179200,169.8156380415,191.4487427049,-0.0000000249,-0.0000001660,6645156.1180217257,-29.6312391328
56,7,0,999.000000,1.0000001376,0.0000000419,3.9997976550,92.5098547682,89.9999999997,0.0288230520,169.2178217737,191.4134391025,0.0000000951,-0.0833790375,6645185.7490037568,2.0000000048,-0.0000001801,14.0000051383,92.5120155839,90.0000190102,0.0288179200,169.8156379184,191.4487427057,-0.0000000469,0.0000000148,6645156.1179056158,-29.6312428189
56,8,0,999.000000,1.0000000529,-0.0000000012,3.9999456495,92.5103488433,89.9999999996,0.0288230520,169.2178215919,191.4134390995,-0.0000000713,-0.1954849718,6645185.7489809133,1.9999997462,0.0000001674,14.0000019864,92.5120155799,90.0000190094,0.0288179200,169.8156379962,191.4487427104,-0.0000001750,0.0000001560,6645156.1180236703,-29.6312522043
56,9,0,999.000000,1.0000002648,-0.0000001877,3.9992200134,92.5100578360,90.0000000000,0.0288230520,169.2178211388,191.4134391023,-0.0000000303,-0.4242697567,6645185.7490177853,1.9999997763,-0.0000000265,13.9999987110,92.5120155829,90.0000190095,0.0288179200,169.8156381905,191.4487426940,0.0000000120,0.0000001669,6645156.1180085801,-29.6312225261
57,0,0,999.000000,1.9999995273,-0.0000000064,13.9999966835,92.5120155801,90.0000190098,0.0288179200,169.8156381192,191.4487427051,0.0000001072,0.0000000391,6645156.1180249043,3.0000004121,-0.0000000135,24.0000017381,92.5157162366,90.0000971800,0.0288173150,170.4155406424,191.4819587994,0.0000000265,-0.0000000021,6645095.3660125528,-60.7519343469
57,1,0,999.000000,2.0000001421,0.0000001017,14.0000421908,92.5119700924,90.0000190098,0.0288179200,169.8156380389,191.4487426946,0.0000000435,-0.0172113442,6645156.1179777943,3.0000005161,0.0000000439,24.0000004791,92.5157162464,90.0000971794,0.0288173150,170.4155404299,191.4819588061,0.0000000876,-0.0000000866,6645095.3660540637,-60.7519343851
57,2,0,999.000000,1.9999995487,-0.0000001147,13.9998239585,92.5120262766,90.0000190101,0.0288179200,169.8156379778,191.4487426986,0.0000001206,0.0514683574,6645156.1180145750,3.0000002863,0.0000000000,24.0000022622,92.5157162396,90.0000971802,0.0288173150,170.4155404606,191.4819588005,-0.0000002444,0.0000001194,6645095.3659320315,-60.7519402869
57,3,0,999.000000,1.9999998742,-0.0000000730,14.0001665199,92.5121069421,90.0000190101,0.0288179200,169.8156378427,191.4487427137,0.0000000961,-0.0879612762,6645156.1179651674,3.0000000696,0.0000000324,23.9999957189,92.5157162438,90.0000971802,0.0288173150,170.4155407371,191.4819588032,0.0000000449,0.0000001558,6645095.3660596581,-60.7519382693
57,4,0,999.000000,1.9999999682,0.0000001316,13.9997807715,92.5118580387,90.0000190098,0.0288179200,169.8156383446,191.4487426893,0.0000000730,-0.1496087700,6645156.1180785904,3.0000002085,0.0000000011,24.0000012139,92.5157162391,90.0000971803,0.0288173150,170.4155404147,191.4819588032,0.0000001171,-0.0000000014,6645095.3659576178,-60.7519326792
57,5,0,999.000000,1.9999998946,0.0000000922,14.0001853038,92.5122533238,90.0000190103,0.0288179200,169.8156380931,191.4487427025,0.0000000865,0.2411297129,6645156.1180448430,3.0000001764,-0.0000000360,24.0000025731,92.5157162403,90.0000971800,0.0288173150,170.4155405290,191.4819588071,0.0000000889,0.0000000353,6645095.3660324859,-60.7519195374
57,6,0,999.000000,1.9999993767,-0.0000000915,13.9997657711,92.5119935768,90.0000190097,0.0288179200,169.8156378869,191.4487427009,0.0000000453,-0.2441424655,6645156.1179738594,2.9999998046,-0.0000000390,23.9999998531,92.5157162443,90.0000971797,0.0288173150,170.4155402844,191.4819588068,-0.0000000476,-0.0000000911,6645095.3660713416,-60.7519300853
57,7,0,999.000000,2.0000000125,0.0000003140,14.0004377045,92.5120120355,90.0000190098,0.0288179200,169.8156383235,191.4487426995,-0.0000001011,-0.1018573283,6645156.1178985788,2.9999999891,0.0000000821,23.9999998973,92.5157162391,90.0000971801,0.0288173150,170.4155402099,191.4819588006,0.0000002436,-0.0000001335,6645095.3659953726,-60.7519135979
57,8,0,999.000000,1.9999999959,0.0000000166,14.0007539216,92.5117192990,90.0000190102,0.0288179200,169.8156379155,191.4487427000,-0.0000001338,0.0004319182,6645156.1179999607,3.0000002369,-0.0000000957,24.0000020443,92.5157162426,90.0000971802,0.0288173150,170.4155404024,191.4819587987,-0.0000000845,-0.0000000096,6645095.3660359783,-60.7519254007
57,9,0,999.000000,2.0000004713,0.0000000312,14.0003853242,92.5118151871,90.0000190100,0.0288179200,169.8156379493,191.4487427082,-0.0000000334,0.1296207990,6645156.1180166425,2.9999996827,0.0000000536,23.9999965700,92.5157162390,90.0000971796,0.0288173150,170.4155402109,191.4819588001,0.0000001143,0.0000001036,6645095.3660461213,-60.7519336220
58,0,0,999.000000,1.9999996157,-0.0000001121,13.9999984690,92.5120155760,90.0000190098,0.0288179200,169.8156378502,191.4487426997,0.0000000592,0.0000000947,6645156.1180133233,3.0000001013,0.0000000977,24.0000011899,92.5157162434,90.0000971795,0.0288173150,170.4155405097,191.4819587992,0.0000000123,-0.0000000408,6645095.3660427425,-60.7519355574
58,1,0,999.000000,1.9999999375,-0.0000001343,14.0000921921,92.5120429290,90.0000190105,0.0288179200,169.8156379134,191.4487427028,0.0000000205,-0.0275505396,6645156.1179950824,3.0000009314,0.0000001661,24.0000024228,92.5157162360,90.0000971800,0.0288173150,170.4155406308,191.4819588091,-0.0000000641,-0.0000000039,6645095.3659590986,-60.7519189785
58,2,0,999.000000,2.0000001037,0.0000001125,13.9998687412,92.5121138057,90.0000190103,0.0288179200,169.8156378573,191.4487426943,0.0000000072,0.0310275107,6645156.1180096762,3.0000006156,0.0000000878,23.9999963743,92.5157162446,90.0000971798,0.0288173150,170.4155405482,191.4819587998,0.0000000893,0.0000000502,6645095.3659936115,-60.7519157504
58,3,0,999.000000,1.9999998637,-0.0000002317,13.9998364034,92.5119188904,90.0000190102,0.0288179200,169.8156380827,191.4487426951,-0.0000000510,-0.0222655001,6645156.1179553168,2.9999997142,-0.0000001091,24.0000009649,92.5157162404,90.0000971798,0.0288173150,170.4155404354,191.4819588105,0.0000000006,0.0000000800,6645095.3660097541,-60.7519313253
58,4,0,999.000000,2.0000003450,-0.0000000336,14.0003480904,92.5120726584,90.0000190102,0.0288179200,169.8156378928,191.4487427000,0.0000000531,0.0212950775,6645156.1180228675,3.0000002228,-0.0000000732,23.9999934222,92.5157162434,90.0000971798,0.0288173150,170.4155406412,191.4819588002,0.0000000703,0.0000002455,6645095.3660298781,-60.7519372688
58,5,1,0.000579,1.9999995843,-0.0000000006,14.0272456803,92.5243932845,90.0000190101,0.0288179200,169.8156381342,191.4487427091,-0.0000001057,4.0000000000,6645156.1180143431,2.9999998878,0.0000000415,23.9999984357,92.5157162404,90.0000971801,0.0288173150,170.4155405272,191.4819587950,-0.0000000707,-0.0000001011,6645095.3659797553,-60.7519356915
58,6,1,0.000694,2.0000002551,-0.0000000927,14.0526135146,92.5162214060,90.0000190099,0.0288179200,169.8156379273,191.4487426842,-0.0000000247,4.0000000000,6645156.1180757638,2.9999995755,0.0000000828,24.0000025654,92.5157162442,90.0000971793,0.0288173150,170.4155405771,191.4819588033,0.0000001039,-0.0000002005,6645095.3660549875,-60.7519097582
58,7,1,0.000810,1.9999996069,-0.0000000671,14.0983003860,92.5565045250,90.0000190101,0.0288179200,169.8156378756,191.4487427104,-0.0000000217,4.0000000000,6645156.1180191385,3.0000002031,-0.0000000299,23.9999935886,92.5157162364,90.0000971800,0.0288173150,170.4155405772,191.4819588042,-0.0000000436,-0.0000001399,6645095.3660787269,-60.7519258409
58,8,0,999.000000,2.0000003152,-0.0000000381,14.0292841143,92.5211204080,90.0000190101,0.0288179200,169.8156380242,191.4487427030,0.0000001779,4.0000000000,6645156.1180492798,2.9999995730,-0.0000000717,24.0000012612,92.5157162414,90.0000971798,0.0288173150,170.4155404707,191.4819587986,-0.0000000078,0.0000001339,6645095.3660589932,-60.7519141175
58,9,0,999.000000,2.0000001581,-0.0000000686,14.0466346205,92.5354372664,90.0000190099,0.0288179200,169.8156376950,191.4487426838,-0.0000001417,4.0000000000,6645156.1179556372,3.0000000822,-0.0000001272,23.9999973592,92.5157162341,90.0000971798,0.0288173150,170.4155404959,191.4819588006,-0.0000000002,-0.0000001285,6645095.3659778563,-60.7519288512
59,0,0,999.000000,1.9999994610,0.0000000516,14.0000034403,92.5120155810,90.0000190097,0.0288179200,169.8156378041,191.4487426881,-0.0000000008,0.0000000162,6645156.1179955080,3.0000001258,-0.0000000791,24.0000002461,92.5157162384,90.0000971799,0.0288173150,170.4155406852,191.4819588021,0.0000000624,0.0000000010,6645095.3660264164,-60.7519216462
59,1,0,999.000000,2.0000005398,0.0000000592,14.0000087468,92.5120433188,90.0000190098,0.0288179200,169.8156377693,191.4487426987,-0.0000000726,0.0207654741,6645156.1180152176,3.0000001382,0.0000000287,23.9999982570,92.5157162392,90.0000971802,0.0288173150,170.4155402996,191.4819587891,-0.0000000727,0.0000001045,6645095.3660658160,-60.7519390068
59,2,0,999.000000,1.9999995244,0.0000000629,13.9998604168,92.5119739432,90.0000190102,0.0288179200,169.8156379749,191.4487427078,-0.0000002655,-0.0456966603,6645156.1180430707,2.9999999652,-0.0000000382,24.0000008469,92.5157162444,90.0000971801,0.0288173150,170.4155407127,191.4819588100,-0.0000000807,0.0000002799,6645095.3659999650,-60.7519224029
59,3,1,0.000347,2.0000002089,-0.0000002144,14.0248016361,92.5269377091,90.0000190100,0.0288179200,169.8156380296,191.4487426812,0.0000001088,4.0000000000,6645156.1179873077,3.0000001616,-0.0000000978,24.0000002079,92.5157162426,90.0000971792,0.0288173150,170.4155404960,191.4819587986,0.0000001457,-0.0000001124,6645095.3659663498,-60.7519477927
59,4,1,0.000463,2.0000007605,0.0000000454,14.0124703837,92.5445739841,90.0000190099,0.0288179200,169.8156380069,191.4487427061,-0.0000000613,4.0000000000,6645156.1180690452,2.9999995903,-0.0000002068,23.9999966885,92.5157162350,90.0000971801,0.0288173150,170.4155404616,191.4819588082,-0.0000000691,0.0000000775,6645095.3660818748,-60.7519348491
59,5,1,0.000579,2.0000002117,-0.0000000391,14.0967501634,92.5495349376,90.0000190100,0.0288179200,169.8156379290,191.4487426936,-0.0000000352,4.0000000000,6645156.1179574598,2.9999995367,0.0000000069,23.9999983665,92.5157162431,90.0000971796,0.0288173150,170.4155408169,191.4819587933,-0.0000000237,-0.0000001216,6645095.3659269502,-60.7519170943
59,6,0,999.000000,1.9999995128,0.0000000359,14.0190882658,92.5259578901,90.0000190101,0.0288179200,169.8156380545,191.4487427052,-0.0000001794,4.0000000000,6645156.1180404518,3.0000002516,-0.0000001549,24.0000022835,92.5157162403,90.0000971802,0.0288173150,170.4155406128,191.4819588060,-0.0000000351,0.0000000018,6645095.3659648672,-60.7519161695
59,7,0,999.000000,1.9999999655,-0.0000001336,14.0862915446,92.5374702445,90.0000190101,0.0288179200,169.8156380034,191.4487426989,0.0000001018,4.0000000000,6645156.1180349365,2.9999998754,0.0000000196,23.9999976909,92.5157162439,90.0000971798,0.0288173150,170.4155404450,191.4819587975,0.0000000722,-0.0000000317,6645095.3660755148,-60.7519380651
59,8,0,999.000000,1.9999998121,0.0000000587,14.0120237641,92.5333454971,90.0000190098,0.0288179200,169.8156379857,191.4487427140,0.0000000101,4.0000000000,6645156.1180100348,2.9999998888,0.0000001539,24.0000012552,92.5157162379,90.0000971801,0.0288173150,170.4155401524,191.4819588067,0.0000001095,0.0000001838,6645095.3660228699,-60.7519330147
59,9,0,999.000000,2.0000002398,-0.0000000716,14.0313262581,92.5570935654,90.0000190101,0.0288179200,169.8156381019,191.4487427011,0.0000001533,4.0000000000,6645156.1179723497,2.9999998308,-0.0000000880,24.0000015834,92.5157162368,90.0000971803,0.0288173150,170.4155403464,191.4819587987,0.0000000017,0.0000000884,6645095.3660871852,-60.7519457506
60,0,0,999.000000,5.0000003129,-0.0000001924,43.9999994303,92.5286524524,90.0005939199,0.0288296640,171.6217025956,191.5420287135,-0.0000001569,0.0000001329,6644880.6379592707,6.0000004150,-0.0000000468,54.0000031727,92.5378818841,90.0010938299,0.0288426000,172.2280047951,191.5688397896,0.0000000508,-0.0000001017,6644726.7729646238,-153.8653799138
60,1,0,999.000000,5.0000001086,-0.0000000104,43.9999356503,92.5286625740,90.0005939199,0.0288296640,171.6217026519,191.5420286987,0.0000001992,-0.0107409560,6644880.6379772965,6.0000000306,0.0000000028,54.0000002297,92.5378818799,90.0010938300,0.0288426000,172.2280046926,191.5688397972,-0.0000001736,0.0000000695,6644726.7730261171,-153.8653541688
60,2,0,999.000000,5.0000001021,0.0000001170,43.9999953878,92.5286713059,90.0005939198,0.0288296640,171.6217024543,191.5420286823,0.0000002139,-0.0155349356,6644880.6380883195,5.9999998982,-0.0000000905,53.9999950307,92.5378818787,90.0010938302,0.0288426000,172.2280045208,191.5688398046,0.0000000839,-0.0000000530,6644726.7729645129,-153.8653871520
60,3,0,999.000000,5.0000001804,-0.0000000677,44.0002451762,92.5285991736,90.0005939200,0.0288296640,171.6217027170,191.5420286893,-0.0000001148,-0.1331548463,6644880.6379620796,5.9999999452,0.0000002646,53.9999971113,92.5378818753,90.0010938298,0.0288426000,172.2280050248,191.5688397918,-0.0000000974,-0.0000001333,6644726.7729083560,-153.8653724862
60,4,0,999.000000,5.0000003538,-0.0000000278,43.9998367083,92.5287014924,90.0005939201,0.0288296640,171.6217028075,191.5420287022,-0.0000000960,0.0982698376,6644880.6379380831,6.0000000947,-0.0000000957,54.0000016602,92.5378818865,90.0010938302,0.0288426000,172.2280049623,191.5688397958,0.0000000489,0.0000000088,6644726.7729340931,-153.8653568545
60,5,0,999.000000,5.0000003573,-0.0000000560,44.0001786310,92.5285964003,90.0005939200,0.0288296640,171.6217027075,191.5420286844,0.0000000776,0.1971244711,6644880.6380567215,6.0000000611,-0.0000000462,53.9999954726,92.5378818787,90.0010938298,0.0288426000,172.2280047264,191.5688398043,0.0000001354,-0.0000001414,6644726.7729998585,-153.8653724232
60,6,0,999.000000,5.0000001450,0.0000000186,43.9995016601,92.5284743402,90.0005939201,0.0288296640,171.6217028516,191.5420287049,-0.0000000061,-0.2672543580,6644880.6380755585,5.9999996160,-0.0000000573,54.0000032644,92.5378818848,90.0010938300,0.0288426000,172.2280046813,191.5688397898,0.0000002002,-0.0000000148,6644726.7730251839,-153.8653677893
60,7,0,999.000000,5.0000004262,-0.0000000418,44.0004533034,92.5285210457,90.0005939203,0.0288296640,171.6217027384,191.5420286882,0.0000001701,-0.1769241611,6644880.6380457133,5.9999999277,0.0000001175,54.0000033817,92.5378818795,90.0010938297,0.0288426000,172.2280047779,191.5688398132,0.0000000051,0.0000000106,6644726.7730437173,-153.8653719710
60,8,0,999.000000,5.0000001388,-0.0000000277,44.0002021584,92.5285621460,90.0005939200,0.0288296640,171.6217023917,191.5420287002,0.0000000318,-0.2601534388,6644880.6380200349,5.9999998125,-0.0000001641,53.9999969660,92.5378818784,90.0010938299,0.0288426000,172.2280047297,191.5688397984,-0.0000000422,0.0000000018,6644726.7729510590,-153.8653831580
60,9,0,999.000000,4.9999999316,0.0000001598,44.0001671954,92.5286627669,90.0005939202,0.0288296640,171.6217025944,191.5420286948,0.0000000313,0.2690575227,6644880.6380377077,5.9999996816,-0.0000000629,53.9999992309,92.5378818772,90.0010938297,0.0288426000,172.2280047121,191.5688398026,0.0000001782,-0.0000000524,6644726.7730148779,-153.8653810736
61,0,0,999.000000,8.0000001610,-0.0000000934,73.9999951651,92.5618415110,90.0027994097,0.0288819310,173.4471340528,191.6159309080,-0.0000000286,-0.0000001206,6644326.4369933298,8.9999999218,0.0000000118,83.9999965461,92.5765602573,90.0040858703,0.0289082960,174.0599855035,191.6361864868,-0.0000000886,0.0000000991,6644080.1760320887,-246.2615651896
61,1,0,999.000000,7.9999998959,0.0000000020,74.0000009927,92.5617941933,90.0027994101,0.0288819310,173.4471339680,191.6159309120,0.0000000086,-0.0387315599,6644326.4370648954,8.9999997757,0.0000000736,83.9999968973,92.5765602652,90.0040858700,0.0289082960,174.0599851488,191.6361864957,0.0000000226,0.0000000091,6644080.1759791365,-246.2615610142
61,2,0,999.000000,7.9999998756,-0.0000000569,74.0001626570,92.5619361490,90.0027994101,0.0288819310,173.4471340612,191.6159308960,-0.0000000941,0.0790927819,6644326.4370035157,9.0000007142,-0.0000000114,83.9999993502,92.5765602639,90.0040858700,0.0289082960,174.0599851461,191.6361864977,0.0000000658,0.0000001272,6644080.1760434452,-246.2615637648
61,3,0,999.000000,8.0000003151,-0.0000000653,73.9999014420,92.5618332289,90.0027994100,0.0288819310,173.4471339399,191.6159308989,0.0000000400,0.0879729513,6644326.4370772326,9.0000000425,-0.0000000948,84.0000022977,92.5765602611,90.0040858700,0.0289082960,174.0599851919,191.6361864954,-0.0000001220,0.0000000966,6644080.1760235550,-246.2615679751
61,4,0,999.000000,7.9999997459,-0.0000001425,74.0000245041,92.5618879019,90.0027994099,0.0288819310,173.4471338553,191.6159309025,-0.0000000078,0.0237627930,6644326.4370744005,9.0000002702,0.0000000292,84.0000012074,92.5765602640,90.0040858701,0.0289082960,174.0599851992,191.6361864951,-0.0000000107,-0.0000002615,6644080.1759984251,-246.2615709465
61,5,0,999.000000,8.0000002525,-0.0000000430,73.9997830569,92.5619132773,90.0027994096,0.0288819310,173.4471341587,191.6159309074,0.0000000252,0.1925305339,6644326.4370198324,9.0000000639,-0.0000000689,83.9999990027,92.5765602592,90.0040858701,0.0289082960,174.0599851926,191.6361864901,0.0000001440,-0.0000000969,6644080.1760265501,-246.2615665557
61,6,0,999.000000,8.0000001655,-0.0000002398,74.0003839164,92.5619830980,90.0027994097,0.0288819310,173.4471342446,191.6159309045,0.0000000370,-0.2137081437,6644326.4370057341,8.9999998204,-0.0000000480,84.0000002483,92.5765602608,90.0040858700,0.0289082960,174.0599855735,191.6361865067,-0.0000000204,0.0000000968,6644080.1759805772,-246.2615659853
61,7,0,999.000000,7.9999994476,-0.0000000452,73.9996953337,92.5616189823,90.0027994100,0.0288819310,173.4471339542,191.6159308942,0.0000000781,0.1947992848,6644326.4370989846,9.0000000751,0.0000000771,84.0000047066,92.5765602608,90.0040858701,0.0289082960,174.0599857139,191.6361865051,-0.0000000267,-0.0000000575,6644080.1758993873,-246.2615828101
61,8,0,999.000000,8.0000005240,0.0000001311,74.0000483414,92.5615386686,90.0027994098,0.0288819310,173.4471339250,191.6159309034,-0.0000001374,-0.1662185756,6644326.4370082850,9.0000000492,-0.0000001463,83.9999972086,92.5765602614,90.0040858701,0.0289082960,174.0599853332,191.6361864925,-0.0000000354,0.0000000531,6644080.1759457346,-246.2615787814
61,9,0,999.000000,7.9999999130,-0.0000001017,73.9998863807,92.5615193052,90.0027994101,0.0288819310,173.4471341262,191.6159309003,0.0000001137,-0.3001330187,6644326.4369267309,9.0000002196,0.0000001635,84.0000006022,92.5765602622,90.0040858701,0.0289082960,174.0599853670,191.6361864856,-0.0000000121,-0.0000000186,6644080.1760386685,-246.2615583682
62,0,0,999.000000,4.9999998259,0.0000002382,43.9999980534,92.5286524457,90.0005939201,0.0288296640,171.6217028530,191.5420287065,0.0000000146,0.0000000156,6644880.6380427936,6.0000004620,-0.0000001261,53.9999982528,92.5378818820,90.0010938301,0.0288426000,172.2280046998,191.5688398022,0.0000000013,-0.0000000359,6644726.7731269877,-153.8653722206
62,1,0,999.000000,5.0000000664,-0.0000002419,43.9999005499,92.5286365041,90.0005939198,0.0288296640,171.6217027801,191.5420286936,-0.0000001396,-0.0028741095,6644880.6380825862,6.0000005525,0.0000000030,53.9999960605,92.5378818795,90.0010938294,0.0288426000,172.2280046263,191.5688397914,0.0000000978,-0.0000000154,6644726.7730468977,-153.8653613017
62,2,0,999.000000,4.9999998766,0.0000001203,43.9999339902,92.5286870790,90.0005939201,0.0288296640,171.6217027291,191.5420286944,-0.0000000312,-0.0747380430,6644880.6379359886,6.0000001502,0.0000000592,53.9999989276,92.5378818808,90.0010938298,0.0288426000,172.2280047301,191.5688398049,-0.0000000075,-0.0000000438,6644726.7730181841,-153.8653801184
62,3,1,0.000347,4.9999996478,-0.0000000582,44.0203526681,92.5321006608,90.0005939201,0.0288296640,171.6217025749,191.5420286941,-0.0000000269,4.0000000000,6644880.6379515585,5.9999998670,0.0000000857,54.0000046219,92.5378818818,90.0010938298,0.0288426000,172.2280048721,191.5688397979,0.0000000712,-0.0000000730,6644726.7730873981,-153.8653727757
62,4,1,0.000463,5.0000004025,-0.0000001217,44.0369102913,92.5416083829,90.0005939202,0.0288296640,171.6217029076,191.5420286955,-0.0000000357,4.0000000000,6644880.6378901433,5.9999996719,-0.0000001685,53.9999941351,92.5378818810,90.0010938304,0.0288426000,172.2280045968,191.5688397992,0.0000001165,-0.0000001312,6644726.7730652047,-153.8653611853
62,5,1,0.000579,4.9999994410,0.0000000633,44.0386480414,92.5689807981,90.0005939201,0.0288296640,171.6217025616,191.5420287021,0.0000000389,4.0000000000,6644880.6380676134,6.0000002154,-0.0000000351,53.9999962927,92.5378818832,90.0010938303,0.0288426000,172.2280048484,191.5688398050,0.0000001603,0.0000000887,6644726.7730241083,-153.8653637585
62,6,0,999.000000,4.9999997104,-0.0000000129,44.0646625671,92.5414792920,90.0005939201,0.0288296640,171.6217028114,191.5420287051,0.0000000374,4.0000000000,6644880.6380420513,5.9999999685,0.0000000240,54.0000002990,92.5378818851,90.0010938297,0.0288426000,172.2280048929,191.5688398002,-0.0000000485,-0.0000001918,6644726.7729844563,-153.8653687874
62,7,0,999.000000,5.0000001561,0.0000000009,44.0273961135,92.5660553571,90.0005939200,0.0288296640,171.6217027445,191.5420286859,0.0000000276,4.0000000000,6644880.6379677448,6.0000003875,-0.0000000933,53.9999976456,92.5378818727,90.0010938304,0.0288426000,172.2280047419,191.5688398044,-0.0000002226,0.0000000475,6644726.7729535690,-153.8653571635
62,8,0,999.000000,4.9999997503,0.0000001407,44.0772089395,92.5419735271,90.0005939201,0.0288296640,171.6217023925,191.5420286961,-0.0000001049,4.0000000000,6644880.6379701411,6.0000000261,0.0000000666,54.0000067813,92.5378818864,90.0010938301,0.0288426000,172.2280046960,191.5688397883,-0.0000002286,-0.0000000843,6644726.7730887076,-153.8653577898
62,9,0,999.000000,5.0000000206,-0.0000000605,44.0832996070,92.5376456045,90.0005939203,0.0288296640,171.6217027426,191.5420286889,-0.0000000491,4.0000000000,6644880.6380024850,6.0000001905,0.0000000206,53.9999970323,92.5378818819,90.0010938299,0.0288426000,172.2280046073,191.5688397975,-0.0000000557,0.0000001161,6644726.7729855077,-153.8653672828
63,0,0,999.000000,9.9999997441,0.0000001561,94.0000025129,92.5930958913,90.0057150598,0.0289391020,174.6750389618,191.6542377994,0.0000000891,-0.0000000361,6643803.3509876281,10.9999998086,-0.0000000451,103.9999995692,92.6114404694,90.0077270099,0.0289743290,175.2922994626,191.6700801909,0.0000001479,0.0000000674,6643496.1079516178,-307.2434227242
63,1,0,999.000000,10.0000000816,0.0000000277,94.0000095019,92.5930967886,90.0057150598,0.0289391020,174.6750390797,191.6542377888,0.0000001454,-0.0225009042,6643803.3509665541,10.9999995404,0.0000000707,103.9999995083,92.6114404706,90.0077270098,0.0289743290,175.2922991150,191.6700801993,-0.0000000670,-0.0000001534,6643496.1081478139,-307.2434318855
63,2,0,999.000000,10.0000002656,-0.0000000515,94.0001311087,92.5930642677,90.0057150597,0.0289391020,174.6750390543,191.6542378023,-0.0000000929,-0.0064860983,6643803.3510096669,11.0000000964,0.0000001504,103.9999928419,92.6114404704,90.0077270102,0.0289743290,175.2922989209,191.6700801934,0.0000000037,-0.0000000487,6643496.1080164630,-307.2434084595
63,3,0,999.000000,9.9999998853,-0.0000000806,94.0001477599,92.5930976396,90.0057150601,0.0289391020,174.6750390117,191.6542377802,-0.0000001420,-0.0623456585,6643803.3509069243,10.9999998476,-0.0000000054,103.9999976213,92.6114404678,90.0077270101,0.0289743290,175.2922990325,191.6700801959,-0.0000000731,-0.0000002421,6643496.1080076769,-307.2434115145
63,4,0,999.000000,10.0000000771,-0.0000001181,94.0003419774,92.5930430033,90.0057150600,0.0289391020,174.6750387747,191.6542378100,0.0000000472,0.1129464278,6643803.3510111682,10.9999997597,0.0000001787,103.9999988768,92.6114404726,90.0077270103,0.0289743290,175.2922990054,191.6700801952,0.0000000677,0.0000000534,6643496.1080704620,-307.2434097011
63,5,0,999.000000,9.9999997263,0.0000000894,93.9997865045,92.5931403317,90.0057150600,0.0289391020,174.6750389271,191.6542378020,0.0000000709,0.2333489438,6643803.3509956663,11.0000006035,-0.0000001759,104.0000012045,92.6114404674,90.0077270095,0.0289743290,175.2922989453,191.6700801989,0.0000000035,0.0000001119,6643496.1079183277,-307.2434117473
63,6,0,999.000000,10.0000000740,0.0000000019,93.9999119838,92.5933714929,90.0057150597,0.0289391020,174.6750391111,191.6542377944,-0.0000000493,-0.0318952383,6643803.3509830590,11.0000001984,0.0000000176,103.9999956725,92.6114404676,90.0077270098,0.0289743290,175.2922992196,191.6700802022,-0.0000002368,0.0000001025,6643496.1079950770,-307.2434297315
63,7,0,999.000000,10.0000002735,0.0000000032,94.0002988607,92.5933483087,90.0057150604,0.0289391020,174.6750387796,191.6542377985,0.0000000416,0.0333678657,6643803.3509331821,11.0000000025,0.0000001610,103.9999993101,92.6114404730,90.0077270101,0.0289743290,175.2922990585,191.6700801943,0.0000000020,-0.0000001532,6643496.1079853866,-307.2434175584
63,8,0,999.000000,9.9999997601,0.0000001923,94.0005082322,92.5932285735,90.0057150600,0.0289391020,174.6750391689,191.6542378072,0.0000000454,0.2021014976,6643803.3509527119,11.0000002229,0.0000000547,103.9999993381,92.6114404693,90.0077270102,0.0289743290,175.2922989514,191.6700802129,0.0000001143,-0.0000000282,6643496.1079571350,-307.2434099568
63,9,0,999.000000,10.0000001426,-0.0000000905,94.0003484691,92.5928720752,90.0057150598,0.0289391020,174.6750391118,191.6542378038,0.0000000021,0.4204040866,6643803.3510062136,10.9999996766,-0.0000001243,103.9999997736,92.6114404703,90.0077270100,0.0289743290,175.2922991623,191.6700802040,-0.0000000145,0.0000001823,6643496.1080043726,-307.2433990513
64,0,0,999.000000,9.9999996890,-0.0000000243,94.0000013696,92.5930958946,90.0057150599,0.0289391020,174.6750388669,191.6542377966,0.0000000776,0.0000001423,6643803.3510253746,10.9999995936,0.0000000333,104.0000062462,92.6114404626,90.0077270101,0.0289743290,175.2922990364,191.6700802073,-0.0000001738,-0.0000000350,6643496.1080542356,-307.2434119392
64,1,0,999.000000,10.0000001713,0.0000001057,94.0000905005,92.5930818053,90.0057150601,0.0289391020,174.6750390708,191.6542377994,-0.0000001235,-0.0499036964,6643803.3509916989,10.9999999170,-0.0000000796,104.0000025652,92.6114404663,90.0077270098,0.0289743290,175.2922990646,191.6700802023,-0.0000000010,0.0000000243,6643496.1080477573,-307.2434169165
64,2,0,999.000000,9.9999997384,-0.0000000412,94.0001674548,92.5931109718,90.0057150600,0.0289391020,174.6750389716,191.6542377996,-0.0000000754,-0.0955436005,6643803.3509654896,11.0000004638,0.0000000873,104.0000041389,92.6114404713,90.0077270098,0.0289743290,175.2922994219,191.6700802045,-0.0000001317,-0.0000001474,6643496.1080344757,-307.2434225702
64,3,0,999.000000,10.0000000897,0.0000000133,93.9997805085,92.5929570750,90.0057150599,0.0289391020,174.6750391485,191.6542378052,-0.0000000824,0.0353376428,6643803.3508825023,10.9999999714,0.0000000940,104.0000011552,92.6114404704,90.0077270105,0.0289743290,175.2922989412,191.6700802034,0.0000000898,0.0000000939,6643496.1079689702,-307.2434272825
64,4,0,999.000000,10.0000001861,0.0000000896,93.9996339163,92.5929098635,90.0057150597,0.0289391020,174.6750386343,191.6542377947,-0.0000000402,0.0522824173,6643803.3509432040,10.9999996559,0.0000001221,103.9999997988,92.6114404741,90.0077270099,0.0289743290,175.2922991260,191.6700801788,0.0000000507,-0.0000000107,6643496.1080027847,-307.2434383358
64,5,0,999.000000,9.9999999918,0.0000001302,94.0003847497,92.5931968654,90.0057150599,0.0289391020,174.6750386205,191.6542377959,-0.0000001291,0.0026544584,6643803.3510594508,10.9999999922,-0.0000001161,104.0000023814,92.6114404687,90.0077270098,0.0289743290,175.2922991262,191.6700801932,0.0000000695,-0.0000000141,6643496.1080404362,-307.2434233707
64,6,0,999.000000,10.0000000482,0.0000001859,94.0005187233,92.5930071367,90.0057150600,0.0289391020,174.6750389581,191.6542377997,0.0000000378,-0.0752196279,6643803.3510288587,11.0000004203,0.0000000194,103.9999968480,92.6114404705,90.0077270099,0.0289743290,175.2922991438,191.6700801936,-0.0000002399,0.0000001475,6643496.1079735346,-307.2434349974
64,7,0,999.000000,10.0000000514,-0.0000001211,93.9999470912,92.5933510453,90.0057150601,0.0289391020,174.6750392866,191.6542378058,-0.0000000599,0.1941517729,6643803.3510129200,11.0000001356,-0.0000000990,103.9999967999,92.6114404671,90.0077270100,0.0289743290,175.2922995783,191.6700801846,-0.0000000672,-0.0000000529,6643496.1080263536,-307.2434151315
64,8,0,999.000000,9.9999999376,0.0000000539,93.9997636632,92.5927366251,90.0057150602,0.0289391020,174.6750389700,191.6542378196,0.0000000533,-0.3275610212,6643803.3509794418,11.0000001065,-0.0000000021,104.0000021722,92.6114404747,90.0077270103,0.0289743290,175.2922992028,191.6700802035,0.0000001517,0.0000000359,6643496.1079629613,-307.2434159437
64,9,0,999.000000,10.0000005225,0.0000000906,94.0005154548,92.5934673345,90.0057150601,0.0289391020,174.6750391140,191.6542377915,-0.0000001263,-0.4099729092,6643803.3509555887,11.0000001739,0.0000002563,104.0000032401,92.6114404674,90.0077270097,0.0289743290,175.2922989931,191.6700801930,0.0000000369,-0.0000000542,6643496.1080064643,-307.2434227299
65,0,0,999.000000,2.0000002693,0.0000000655,13.9999979600,92.5120155818,90.0000190101,0.0288179200,169.8156380303,191.4487426996,-0.0000001092,0.0000002366,6645156.1180480737,3.0000001514,-0.0000000405,23.9999997363,92.5157162362,90.0000971801,0.0288173150,170.4155404639,191.4819588002,-0.0000000299,-0.0000000494,6645095.3659579400,-60.7519398587
65,1,0,999.000000,1.9999997984,0.0000000912,14.0000722148,92.5119939381,90.0000190100,0.0288179200,169.8156379078,191.4487426974,0.0000000731,-0.0083212184,6645156.1179618230,3.0000003676,0.0000002009,23.9999991632,92.5157162390,90.0000971798,0.0288173150,170.4155405565,191.4819588165,0.0000000728,-0.0000000332,6645095.3659769911,-60.7519366946
65,2,0,999.000000,1.9999999782,0.0000000849,14.0000212102,92.5121077335,90.0000190100,0.0288179200,169.8156381864,191.4487427019,-0.0000000984,0.0902828811,6645156.1179889906,3.0000000106,-0.0000000863,23.9999998516,92.5157162369,90.0000971800,0.0288173150,170.4155406059,191.4819587900,0.0000001003,0.0000001034,6645095.3659897624,-60.7519296660
65,3,0,999.000000,2.0000000880,-0.0000001079,14.0002461577,92.5121128324,90.0000190101,0.0288179200,169.8156381600,191.4487426924,-0.0000000341,-0.0251757887,6645156.1179628549,2.9999998827,-0.0000000519,23.9999978799,92.5157162396,90.0000971799,0.0288173150,170.4155405469,191.4819588071,0.0000000765,0.0000000176,6645095.3660888122,-60.7519249684
65,4,0,999.000000,2.0000000791,-0.0000001202,13.9998760630,92.5121148580,90.0000190100,0.0288179200,169.8156379045,191.4487426893,-0.0000001368,0.0984781564,6645156.1179744555,2.9999998955,-0.0000000895,24.0000039618,92.5157162401,90.0000971796,0.0288173150,170.4155404401,191.4819588085,-0.0000000008,-0.0000000696,6645095.3659706358,-60.7519343768
65,5,0,999.000000,2.0000001407,-0.0000001341,13.9996945146,92.5121848680,90.0000190099,0.0288179200,169.8156378080,191.4487427038,0.0000000184,-0.1165891624,6645156.1180284591,3.0000001652,0.0000000092,24.0000025485,92.5157162436,90.0000971798,0.0288173150,170.4155403429,191.4819588055,0.0000000947,-0.0000000175,6645095.3659971152,-60.7519334607
65,6,0,999.000000,1.9999998078,0.0000000339,14.0000928126,92.5123086054,90.0000190101,0.0288179200,169.8156382263,191.4487426949,-0.0000000592,0.0027850314,6645156.1179654896,3.0000000796,0.0000000808,24.0000061895,92.5157162419,90.0000971797,0.0288173150,170.4155405851,191.4819588002,0.0000001067,0.0000002368,6645095.3659897624,-60.7519381936
65,7,0,999.000000,2.0000003813,-0.0000001409,13.9997763311,92.5121025206,90.0000190101,0.0288179200,169.8156380699,191.4487426975,0.0000000758,-0.2846268633,6645156.1180018792,2.9999997830,-0.0000001386,24.0000014389,92.5157162420,90.0000971801,0.0288173150,170.4155405484,191.4819587962,-0.0000000711,-0.0000000996,6645095.3659465909,-60.7519261081
65,8,0,999.000000,1.9999997630,-0.0000001041,14.0000531778,92.5121782313,90.0000190101,0.0288179200,169.8156377775,191.4487426845,0.0000000846,-0.0631037003,6645156.1180487741,2.9999999620,0.0000000668,23.9999981630,92.5157162416,90.0000971799,0.0288173150,170.4155405405,191.4819588013,0.0000000912,-0.0000001285,6645095.3660502257,-60.7519296586
65,9,0,999.000000,2.0000003067,-0.0000001006,14.0001550107,92.5121233239,90.0000190096,0.0288179200,169.8156380423,191.4487426876,-0.0000001079,-0.0677575818,6645156.1180031756,2.9999997271,-0.0000000669,23.9999965501,92.5157162402,90.0000971802,0.0288173150,170.4155403832,191.4819587975,0.0000000501,0.0000000953,6645095.3660200872,-60.7519195743
66,0,0,999.000000,0.9999995900,0.0000000529,3.9999956384,92.5101624700,89.9999999999,0.0288230520,169.2178218030,191.4134391105,0.0000000702,-0.0000000764,6645185.7489989828,1.9999997490,-0.0000000654,14.0000013856,92.5120155768,90.0000190099,0.0288179200,169.8156381151,191.4487426974,-0.0000002216,0.0000001634,6645156.1180548985,-29.6312593641
66,1,0,999.000000,1.0000002111,0.0000000882,3.9999803198,92.5101970411,89.9999999998,0.0288230520,169.2178217718,191.4134391009,0.0000000215,0.0278578631,6645185.7489333423,2.0000002765,0.0000000042,14.0000026058,92.5120155787,90.0000190099,0.0288179200,169.8156381280,191.4487427057,-0.0000000295,0.0000000615,6645156.1180600841,-29.6312424287
66,2,0,999.000000,0.9999998084,-0.0000000915,3.9999084882,92.5102592808,90.0000000005,0.0288230520,169.2178214272,191.4134390960,-0.0000000521,0.0104154791,6645185.7491013194,2.0000000258,0.0000000264,14.0000014947,92.5120155799,90.0000190101,0.0288179200,169.8156380835,191.4487426858,-0.0000000479,-0.0000001183,6645156.1180373849,-29.6312484638
66,3,0,999.000000,0.9999995505,-0.0000000499,4.0000072330,92.5103076477,89.9999999999,0.0288230520,169.2178214947,191.4134390942,0.0000000620,-0.1463653735,6645185.7490251139,1.9999999492,-0.0000000572,13.9999996586,92.5120155816,90.0000190095,0.0288179200,169.8156380540,191.4487427004,-0.0000000149,-0.0000002566,6645156.1179761710,-29.6312256380
66,4,1,0.000463,0.9999996151,0.0000000097,4.0318617107,92.5351597031,90.0000000004,0.0288230520,169.2178219182,191.4134391027,0.0000001785,4.0000000000,6645185.7489836384,1.9999998334,-0.0000000496,14.0000001186,92.5120155807,90.0000190101,0.0288179200,169.8156377335,191.4487426914,-0.0000002442,-0.0000000842,6645156.1179759372,-29.6312476910
66,5,1,0.000579,0.9999996729,-0.0000000573,4.0121893021,92.5427588203,89.9999999999,0.0288230520,169.2178212507,191.4134391094,0.0000000785,4.0000000000,6645185.7489485024,1.9999997099,-0.0000001410,13.9999951265,92.5120155753,90.0000190093,0.0288179200,169.8156379761,191.4487427091,0.0000000987,-0.0000000734,6645156.1179865832,-29.6312317220
66,6,0,999.000000,1.0000003062,-0.0000000864,4.0497789223,92.5447031546,90.0000000001,0.0288230520,169.2178216605,191.4134391188,0.0000000039,4.0000000000,6645185.7490002355,2.0000000791,-0.0000000078,13.9999970759,92.5120155812,90.0000190097,0.0288179200,169.8156383341,191.4487426995,-0.0000000923,0.0000000241,6645156.1179700103,-29.6312405372
66,7,0,999.000000,0.9999996621,0.0000000758,4.0501018889,92.5222555997,90.0000000002,0.0288230520,169.2178216265,191.4134391008,-0.0000000856,4.0000000000,6645185.7489834921,2.0000005257,-0.0000000508,13.9999962077,92.5120155836,90.0000190098,0.0288179200,169.8156380677,191.4487427095,0.0000000737,-0.0000000572,6645156.1180069642,-29.6312440473
66,8,0,999.000000,0.9999999493,0.0000001377,4.0255771014,92.5565989920,90.0000000000,0.0288230520,169.2178215932,191.4134391072,0.0000000979,4.0000000000,6645185.7490486410,2.0000002158,-0.0000000053,13.9999957664,92.5120155807,90.0000190099,0.0288179200,169.8156381130,191.4487427094,-0.0000001061,0.0000002138,6645156.1180485012,-29.6312351687
66,9,0,999.000000,1.0000005504,0.0000001162,4.0416199391,92.5256488585,89.9999999999,0.0288230520,169.2178216868,191.4134390996,0.0000000508,4.0000000000,6645185.7490358213,2.0000001067,0.0000000085,13.9999994861,92.5120155807,90.0000190099,0.0288179200,169.8156383127,191.4487426887,-0.0000001566,0.0000000782,6645156.1179339215,-29.6312592597
67,0,0,999.000000,5.9999996246,-0.0000002493,54.0000026580,92.5378818797,90.0010938300,0.0288426000,172.2280047914,191.5688398043,-0.0000002089,0.0000000044,6644726.7729969714,6.9999998664,0.0000001308,64.0000030667,92.5489466708,90.0018155097,0.0288600270,172.8364776622,191.5934784951,0.0000001691,0.0000000365,6644542.0069053741,-184.7656022983
67,1,0,999.000000,5.9999998333,0.0000002623,54.0000761857,92.5378783926,90.0010938299,0.0288426000,172.2280047699,191.5688398028,0.0000000058,-0.0342735875,6644726.7730276454,7.0000004169,-0.0000001201,63.9999955269,92.5489466598,90.0018155098,0.0288600270,172.8364772134,191.5934784961,-0.0000000332,0.0000001766,6644542.0071141794,-184.7656010176
67,2,0,999.000000,5.9999997394,-0.0000000324,54.0002045305,92.5378320073,90.0010938300,0.0288426000,172.2280047607,191.5688398037,0.0000000657,0.0843166386,6644726.7729881657,7.0000000374,-0.0000000736,63.9999993810,92.5489466611,90.0018155102,0.0288600270,172.8364773690,191.5934784929,-0.0000000444,0.0000001001,6644542.0069709346,-184.7655917509
67,3,0,999.000000,5.9999996448,-0.0000000079,54.0002492557,92.5378804867,90.0010938300,0.0288426000,172.2280048645,191.5688397952,0.0000000707,0.1254719435,6644726.7730483580,6.9999996570,-0.0000000139,64.0000023810,92.5489466586,90.0018155101,0.0288600270,172.8364777230,191.5934784999,0.0000000180,0.0000000040,6644542.0069880132,-184.7656028288
67,4,1,0.000463,6.0000000713,-0.0000000288,54.0215180111,92.5492931727,90.0010938297,0.0288426000,172.2280048087,191.5688397969,-0.0000000385,4.0000000000,6644726.7729187133,6.9999994363,-0.0000000653,63.9999988497,92.5489466557,90.0018155097,0.0288600270,172.8364775802,191.5934785069,0.0000000999,-0.0000001010,6644542.0069879582,-184.7655799470
67,5,1,0.000579,5.9999994931,-0.0000000178,54.0497068402,92.5682668584,90.0010938301,0.0288426000,172.2280047740,191.5688398008,0.0000000388,4.0000000000,6644726.7729553441,6.9999999264,-0.0000001779,64.0000003942,92.5489466627,90.0018155103,0.0288600270,172.8364777297,191.5934784998,-0.0000001257,-0.0000000056,6644542.0069888579,-184.7655863247
67,6,1,0.000694,6.0000000327,-0.0000000066,54.0276897708,92.5748961207,90.0010938300,0.0288426000,172.2280045635,191.5688397957,-0.0000000473,4.0000000000,6644726.7729389062,6.9999993991,0.0000000295,64.0000028092,92.5489466601,90.0018155099,0.0288600270,172.8364770146,191.5934784998,0.0000000616,-0.0000000832,6644542.0070571760,-184.7655970065
67,7,0,999.000000,6.0000003116,-0.0000001542,54.0422095195,92.5620478061,90.0010938297,0.0288426000,172.2280047643,191.5688397889,-0.0000000463,4.0000000000,6644726.7730051177,6.9999998156,0.0000000501,63.9999986950,92.5489466583,90.0018155098,0.0288600270,172.8364774340,191.5934785101,0.0000000307,0.0000001528,6644542.0070352182,-184.7655932042
67,8,0,999.000000,5.9999997578,0.0000000165,54.0873968828,92.5683914654,90.0010938299,0.0288426000,172.2280048747,191.5688398002,0.0000001329,4.0000000000,6644726.7730356464,6.9999997647,0.0000000347,64.0000023225,92.5489466618,90.0018155099,0.0288600270,172.8364775088,191.5934785085,-0.0000000561,-0.0000001117,6644542.0069549643,-184.7655896111
67,9,0,999.000000,6.0000000013,-0.0000000053,54.0307297047,92.5864969062,90.0010938301,0.0288426000,172.2280047957,191.5688398026,-0.0000000195,4.0000000000,6644726.7730400618,7.0000003441,-0.0000001040,63.9999969188,92.5489466616,90.0018155100,0.0288600270,172.8364772047,191.5934784896,0.0000000233,-0.0000000760,6644542.0070386864,-184.7655963548
68,0,0,999.000000,1.0000002244,-0.0000000931,4.0000055523,92.5101624677,90.0000000000,0.0288230520,169.2178217822,191.4134391146,0.0000002008,0.0000001135,6645185.7489830954,2.0000000005,-0.0000000323,13.9999965155,92.5120155790,90.0000190102,0.0288179200,169.8156376013,191.4487426911,0.0000000818,-0.0000001718,6645156.1179744303,-29.6312449005
68,1,0,999.000000,1.0000000741,-0.0000000491,3.9999494292,92.5102063443,90.0000000000,0.0288230520,169.2178216746,191.4134391010,0.0000000215,0.0160728581,6645185.7490909174,1.9999997667,0.0000000211,14.0000003304,92.5120155833,90.0000190103,0.0288179200,169.8156380508,191.4487427023,-0.0000002272,-0.0000001589,6645156.1179672210,-29.6312464781
68,2,0,999.000000,0.9999989829,0.0000001447,4.0000575390,92.5100807919,90.0000000002,0.0288230520,169.2178214198,191.4134391029,0.0000000052,0.0879277770,6645185.7489649467,1.9999997053,0.0000000736,13.9999964144,92.5120155774,90.0000190100,0.0288179200,169.8156380232,191.4487427042,0.0000000102,0.0000000906,6645156.1181049654,-29.6312453801
68,3,0,999.000000,1.0000000040,0.0000001549,4.0002670618,92.5102084592,90.0000000000,0.0288230520,169.2178221034,191.4134391054,-0.0000000368,-0.0675123678,6645185.7491010549,2.0000002093,-0.0000000848,13.9999994165,92.5120155810,90.0000190101,0.0288179200,169.8156378927,191.4487426882,0.0000001040,-0.0000000342,6645156.1180252619,-29.6312288928
68,4,0,999.000000,1.0000000208,0.0000000425,4.0003540697,92.5102478183,90.0000000000,0.0288230520,169.2178215861,191.4134391018,0.0000000825,0.0599291311,6645185.7490240699,2.0000001084,0.0000001215,14.0000011387,92.5120155766,90.0000190098,0.0288179200,169.8156378753,191.4487427041,-0.0000000989,0.0000001284,6645156.1179750701,-29.6312407662
68,5,0,999.000000,0.9999999344,-0.0000001194,4.0002886885,92.5100243088,90.0000000001,0.0288230520,169.2178214945,191.4134390990,0.0000000327,-0.0761736198,6645185.7489914550,2.0000001416,-0.0000000325,14.0000037598,92.5120155751,90.0000190103,0.0288179200,169.8156379006,191.4487426934,-0.0000002080,-0.0000000795,6645156.1180567294,-29.6312419972
68,6,0,999.000000,0.9999999300,0.0000001523,4.0005276002,92.5101307627,90.0000000003,0.0288230520,169.2178216371,191.4134390956,0.0000000924,0.2351566166,6645185.7489692774,2.0000001569,0.0000000639,14.0000003625,92.5120155849,90.0000190104,0.0288179200,169.8156382113,191.4487427036,0.0000000244,-0.0000000232,6645156.1179196974,-29.6312389912
68,7,0,999.000000,1.0000000884,-0.0000001126,3.9997551326,92.5100472909,89.9999999996,0.0288230520,169.2178218958,191.4134391045,0.0000000751,-0.1548259005,6645185.7489930596,1.9999995563,-0.0000002259,14.0000005637,92.5120155843,90.0000190101,0.0288179200,169.8156382768,191.4487427023,-0.0000000123,-0.0000000819,6645156.1181095513,-29.6312368326
68,8,0,999.000000,0.9999999280,0.0000001896,4.0005317854,92.5105612914,90.0000000000,0.0288230520,169.2178216583,191.4134391113,-0.0000001218,0.3807045545,6645185.7489350177,1.9999998619,-0.0000000003,14.0000011809,92.5120155800,90.0000190100,0.0288179200,169.8156377342,191.4487427041,0.0000000811,0.0000001343,6645156.1181000629,-29.6312378583
68,9,0,999.000000,1.0000004054,-0.0000001332,3.9993424928,92.5099950883,90.0000000000,0.0288230520,169.2178216053,191.4134390906,0.0000000864,0.2213684152,6645185.7489922158,1.9999999049,-0.0000000212,14.0000000238,92.5120155775,90.0000190097,0.0288179200,169.8156379326,191.4487427012,0.0000000285,0.0000000322,6645156.1179364091,-29.6312563550
69,0,0,999.000000,1.0000000561,-0.0000001859,3.9999935238,92.5101624705,90.0000000001,0.0288230520,169.2178216649,191.4134391000,-0.0000000339,0.0000000528,6645185.7489446187,1.9999998052,-0.0000001182,13.9999984944,92.5120155776,90.0000190098,0.0288179200,169.8156380368,191.4487427090,0.0000000288,-0.0000000573,6645156.1180237280,-29.6312405229
69,1,0,999.000000,1.0000000486,-0.0000000621,3.9999821322,92.5101443016,90.0000000001,0.0288230520,169.2178213880,191.4134391074,-0.0000001886,-0.0455338495,6645185.7489590347,2.0000001222,0.0000000597,13.9999976618,92.5120155738,90.0000190102,0.0288179200,169.8156380748,191.4487427137,0.0000000150,-0.0000000992,6645156.1180719845,-29.6312451119
69,2,0,999.000000,0.9999999031,-0.0000000999,4.0000279962,92.5101924627,90.0000000003,0.0288230520,169.2178217455,191.4134391190,-0.0000000266,-0.0821514630,6645185.7490005130,2.0000004105,0.0000000586,14.0000049618,92.5120155802,90.0000190096,0.0288179200,169.8156381791,191.4487426965,0.0000000095,0.0000000247,6645156.1180979563,-29.6312337043
69,3,0,999.000000,1.0000001963,-0.0000001343,3.9997654641,92.5100194213,89.9999999998,0.0288230520,169.2178214772,191.4134390963,-0.0000000667,0.1001849997,6645185.7490054136,2.0000001791,-0.0000000052,14.0000009691,92.5120155733,90.0000190104,0.0288179200,169.8156382003,191.4487427084,-0.0000001798,0.0000000056,6645156.1180219585,-29.6312405267
69,4,0,999.000000,1.0000004430,-0.0000000006,3.9996799585,92.5099991813,90.0000000000,0.0288230520,169.2178216425,191.4134390988,-0.0000002458,-0.0210991354,6645185.7489554919,1.9999994654,-0.0000000709,14.0000053388,92.5120155838,90.0000190098,0.0288179200,169.8156378975,191.4487427054,0.0000000405,-0.0000000712,6645156.1179676773,-29.6312319152
69,5,0,999.000000,1.0000004378,-0.0000000260,4.0004964868,92.5099620627,90.0000000002,0.0288230520,169.2178216298,191.4134391012,-0.0000001241,0.0178151260,6645185.7489762232,1.9999999058,-0.0000000370,14.0000004665,92.5120155821,90.0000190100,0.0288179200,169.8156379274,191.4487427006,0.0000002523,-0.0000001201,6645156.1179771712,-29.6312575831
69,6,0,999.000000,1.0000004001,0.0000002517,3.9998153882,92.5103463128,89.9999999999,0.0288230520,169.2178216750,191.4134390967,-0.0000000080,-0.1898137857,6645185.7489791950,1.9999998816,-0.0000000036,13.9999958201,92.5120155789,90.0000190099,0.0288179200,169.8156382444,191.4487426993,-0.0000001217,0.0000000132,6645156.1179616014,-29.6312480123
69,7,0,999.000000,0.9999999150,0.0000002801,3.9999817286,92.5098890796,89.9999999999,0.0288230520,169.2178214971,191.4134390992,-0.0000000044,-0.2693485475,6645185.7490617037,2.0000002260,0.0000001847,14.0000010567,92.5120155834,90.0000190097,0.0288179200,169.8156376869,191.4487426931,0.0000002507,-0.0000000350,6645156.1179989632,-29.6312352778
69,8,0,999.000000,1.0000001014,0.0000000650,3.9994171729,92.5102398918,90.0000000001,0.0288230520,169.2178216221,191.4134390921,-0.0000001248,-0.1964072480,6645185.7490221504,1.9999998216,0.0000001174,14.0000063575,92.5120155857,90.0000190099,0.0288179200,169.8156381375,191.4487427048,-0.0000001113,-0.0000000242,6645156.1180358389,-29.6312494448
69,9,0,999.000000,0.9999997861,0.0000000779,3.9996514891,92.5100171794,90.0000000006,0.0288230520,169.2178215053,191.4134390961,-0.0000001124,0.3151722615,6645185.7490074253,1.9999994803,-0.0000001453,13.9999949530,92.5120155825,90.0000190097,0.0288179200,169.8156379024,191.4487427056,-0.0000000257,0.0000000950,6645156.1179570854,-29.6312480117
70,0,0,999.000000,9.9999996207,0.0000001292,93.9999993576,92.5930958849,90.0057150599,0.0289391020,174.6750388711,191.6542377971,0.0000000179,-0.0000000069,6643803.3510619309,11.0000001219,0.0000000458,104.0000033467,92.6114404687,90.0077270097,0.0289743290,175.2922992237,191.6700802010,-0.0000000633,-0.0000000617,6643496.1080458704,-307.2434110718
70,1,0,999.000000,10.0000002251,-0.0000000652,93.9999341022,92.5930710943,90.0057150599,0.0289391020,174.6750389293,191.6542377977,-0.0000000792,0.0290777202,6643803.3510254957,11.0000000419,-0.0000001618,103.9999983209,92.6114404673,90.0077270104,0.0289743290,175.2922991510,191.6700801960,-0.0000000125,0.0000000752,6643496.1079008663,-307.2434177598
70,2,0,999.000000,9.9999999046,0.0000001426,94.0000065525,92.5930760143,90.0057150599,0.0289391020,174.6750387421,191.6542377944,0.0000001345,-0.0042883183,6643803.3510434814,11.0000003606,-0.0000000733,103.9999974438,92.6114404691,90.0077270097,0.0289743290,175.2922991641,191.6700802026,0.0000001397,0.0000000817,6643496.1080265045,-307.2434372275
70,3,0,999.000000,10.0000001274,0.0000000107,94.0000002165,92.5931635880,90.0057150597,0.0289391020,174.6750389737,191.6542378057,-0.0000000257,0.0794667154,6643803.3510154840,11.0000000147,-0.0000001058,103.9999943024,92.6114404719,90.0077270098,0.0289743290,175.2922992261,191.6700801918,0.0000000418,-0.0000000860,6643496.1079189889,-307.2434341909
70,4,0,999.000000,10.0000007437,0.0000000145,94.0001264615,92.5932272414,90.0057150602,0.0289391020,174.6750388754,191.6542378040,-0.0000000816,-0.0416997427,6643803.3509494746,10.9999994885,0.0000000050,104.0000036256,92.6114404730,90.0077270100,0.0289743290,175.2922991005,191.6700801864,-0.0000002182,-0.0000001181,6643496.1080442397,-307.2434254270
70,5,1,0.000579,10.0000001324,0.0000000675,94.0150277287,92.6025363818,90.0057150599,0.0289391020,174.6750388398,191.6542378005,-0.0000000800,4.0000000000,6643803.3510427466,11.0000003553,0.0000000659,103.9999968581,92.6114404684,90.0077270098,0.0289743290,175.2922993849,191.6700801895,-0.0000000584,-0.0000000394,6643496.1079288144,-307.2434179850
70,6,1,0.000694,9.9999995878,0.0000000384,94.0253202599,92.6184881645,90.0057150602,0.0289391020,174.6750391735,191.6542377810,0.0000001734,4.0000000000,6643803.3510011323,11.0000003409,-0.0000002115,103.9999992724,92.6114404733,90.0077270098,0.0289743290,175.2922993182,191.6700802012,0.0000000599,0.0000001295,6643496.1080326401,-307.2434115640
70,7,1,0.000810,9.9999997469,0.0000002341,94.0707070522,92.6049416435,90.0057150599,0.0289391020,174.6750389618,191.6542378130,-0.0000000300,4.0000000000,6643803.3509665485,10.9999998488,-0.0000001397,103.9999981364,92.6114404661,90.0077270102,0.0289743290,175.2922992387,191.6700801952,0.0000000744,-0.0000000039,6643496.1080549788,-307.2434281805
70,8,0,999.000000,10.0000001570,-0.0000001537,94.0468409724,92.6210096436,90.0057150603,0.0289391020,174.6750388671,191.6542378000,-0.0000000962,4.0000000000,6643803.3509684959,10.9999999225,-0.0000000689,103.9999979952,92.6114404696,90.0077270102,0.0289743290,175.2922990674,191.6700802000,-0.0000001367,0.0000001183,6643496.1079725903,-307.2434238107
70,9,0,999.000000,9.9999994410,0.0000000070,94.0580921508,92.6095439654,90.0057150600,0.0289391020,174.6750388827,191.6542377974,0.0000000524,4.0000000000,6643803.3509549024,11.0000001628,-0.0000000739,103.9999990924,92.6114404685,90.0077270101,0.0289743290,175.2922992056,191.6700802077,0.0000000096,-0.0000000667,6643496.1079801908,-307.2434171784
71,0,0,999.000000,1.0000000661,-0.0000001246,4.0000050648,92.5101624726,90.0000000001,0.0288230520,169.2178216368,191.4134390978,0.0000000274,0.0000001527,6645185.7489592591,2.0000004351,-0.0000001352,14.0000015312,92.5120155833,90.0000190102,0.0288179200,169.8156379777,191.4487426909,0.0000001050,0.0000001849,6645156.1179910805,-29.6312354551
71,1,0,999.000000,0.9999997626,-0.0000000026,3.9999822906,92.5101195876,90.0000000001,0.0288230520,169.2178216283,191.4134391056,0.0000000552,-0.0301058045,6645185.7490114197,2.0000001475,0.0000000549,13.9999972147,92.5120155796,90.0000190094,0.0288179200,169.8156375191,191.4487427060,0.0000001653,0.0000000499,6645156.1180353798,-29.6312308198
71,2,0,999.000000,1.0000001351,-0.0000000048,4.0001521206,92.5102602888,90.0000000000,0.0288230520,169.2178215910,191.4134390896,-0.0000001124,0.0024573579,6645185.7490186887,1.9999997331,0.0000001189,14.0000005792,92.5120155812,90.0000190099,0.0288179200,169.8156380930,191.4487426949,-0.0000001492,-0.0000000835,6645156.1179956812,-29.6312625814
71,3,0,999.000000,0.9999999035,-0.0000000057,4.0002829124,92.5102356396,90.0000000002,0.0288230520,169.2178216529,191.4134390951,0.0000001659,0.0473016613,6645185.7490307800,2.0000001751,0.0000001146,14.0000004196,92.5120155757,90.0000190101,0.0288179200,169.8156374693,191.4487426881,0.0000000706,0.0000001420,6645156.1179955192,-29.6312343268
71,4,0,999.000000,0.9999998504,0.0000001013,3.9998128544,92.5101460387,90.0000000000,0.0288230520,169.2178213653,191.4134390988,0.0000000277,-0.1594173834,6645185.7489654878,1.9999996842,0.0000001044,14.0000025487,92.5120155792,90.0000190103,0.0288179200,169.8156377066,191.4487426993,0.0000001339,-0.0000001590,6645156.1179214092,-29.6312359455
71,5,0,999.000000,1.0000003712,-0.0000000461,3.9997992140,92.5103114894,89.9999999998,0.0288230520,169.2178216523,191.4134391119,-0.0000000922,0.1830840682,6645185.7489497634,1.9999998186,-0.0000000399,14.0000056689,92.5120155812,90.0000190100,0.0288179200,169.8156381176,191.4487426996,0.0000000675,-0.0000000306,6645156.1181617444,-29.6312306855
71,6,0,999.000000,1.0000000761,0.0000000520,4.0005730565,92.5102900487,89.9999999999,0.0288230520,169.2178215089,191.4134391011,-0.0000001438,-0.1010967999,6645185.7491086572,2.0000005559,0.0000001166,14.0000013908,92.5120155825,90.0000190102,0.0288179200,169.8156379139,191.4487426946,-0.0000000015,0.0000000596,6645156.1179861939,-29.6312463987
71,7,0,999.000000,1.0000004128,0.0000001510,3.9998571781,92.5098603392,90.0000000005,0.0288230520,169.2178219704,191.4134391053,0.0000000263,-0.2214626520,6645185.7489919206,1.9999999402,-0.0000000525,14.0000012155,92.5120155871,90.0000190104,0.0288179200,169.8156381074,191.4487426994,0.0000001421,-0.0000001632,6645156.1181045882,-29.6312463332
71,8,0,999.000000,1.0000001325,0.0000000098,3.9996057059,92.5099867010,89.9999999999,0.0288230520,169.2178214512,191.4134390950,-0.0000000638,0.2757558963,6645185.7489353120,1.9999995965,0.0000000543,14.0000015925,92.5120155810,90.0000190103,0.0288179200,169.8156376985,191.4487427056,-0.0000001747,-0.0000000137,6645156.1180150714,-29.6312232327
71,9,0,999.000000,0.9999998430,0.0000001027,4.0003418032,92.5099520946,89.9999999999,0.0288230520,169.2178217745,191.4134391000,0.0000000022,-0.0999257404,6645185.7490595113,1.9999998703,-0.0000000809,14.0000021541,92.5120155780,90.0000190095,0.0288179200,169.8156377351,191.4487426996,0.0000000318,-0.0000000278,6645156.1179851899,-29.6312277523
72,0,0,999.000000,9.0000003716,0.0000001433,83.9999997252,92.5765602573,90.0040858696,0.0289082960,174.0599853822,191.6361865035,-0.0000000675,0.0000001301,6644080.1759905741,9.9999998310,0.0000001171,94.0000029830,92.5930958898,90.0057150601,0.0289391020,174.6750392802,191.6542377991,-0.0000001180,0.0000000625,6643803.3510033702,-276.8248356044
72,1,0,999.000000,8.9999999910,-0.0000000148,84.0000274343,92.5765595708,90.0040858699,0.0289082960,174.0599853558,191.6361864859,-0.0000000229,-0.0485555578,6644080.1759505318,10.0000003692,0.0000000055,93.9999982681,92.5930958857,90.0057150600,0.0289391020,174.6750388320,191.6542377994,0.0000001010,0.0000000341,6643803.3509148229,-276.8248357234
72,2,0,999.000000,9.0000002005,0.0000001011,84.0001707583,92.5766530190,90.0040858697,0.0289082960,174.0599854877,191.6361864995,-0.0000001125,-0.0437870386,6644080.1759684691,9.9999999888,-0.0000000834,94.0000040874,92.5930958907,90.0057150596,0.0289391020,174.6750388920,191.6542378036,0.0000000307,0.0000000417,6643803.3509813901,-276.8248336680
72,3,0,999.000000,8.9999999571,0.0000000161,84.0001789190,92.5766963992,90.0040858699,0.0289082960,174.0599854209,191.6361864954,-0.0000000291,0.0776868867,6644080.1760223890,10.0000001448,-0.0000000315,94.0000020532,92.5930958840,90.0057150598,0.0289391020,174.6750386951,191.6542377876,-0.0000000308,0.0000000694,6643803.3510694569,-276.8248414513
72,4,0,999.000000,8.9999998814,0.0000001321,84.0000875880,92.5765071209,90.0040858698,0.0289082960,174.0599852105,191.6361864969,0.0000001151,-0.0681444409,6644080.1759654190,10.0000000032,-0.0000000428,93.9999976914,92.5930958897,90.0057150600,0.0289391020,174.6750387643,191.6542378058,0.0000000423,0.0000000944,6643803.3509846274,-276.8248462419
72,5,1,0.000579,8.9999998352,-0.0000001137,84.0126344763,92.5870524891,90.0040858702,0.0289082960,174.0599850063,191.6361864916,0.0000000773,4.0000000000,6644080.1760353856,9.9999998352,0.0000001988,94.0000003391,92.5930958861,90.0057150599,0.0289391020,174.6750391781,191.6542377953,0.0000000492,-0.0000000471,6643803.3509666622,-276.8248535329
72,6,1,0.000694,9.0000003503,-0.0000000904,84.0560869331,92.5923925431,90.0040858698,0.0289082960,174.0599853616,191.6361864812,0.0000001642,4.0000000000,6644080.1759411106,9.9999997078,0.0000000992,94.0000017264,92.5930958945,90.0057150598,0.0289391020,174.6750389746,191.6542378049,0.0000001127,-0.0000000717,6643803.3509938149,-276.8248420085
72,7,1,0.000810,8.9999999849,0.0000000328,84.0757053403,92.6073542745,90.0040858698,0.0289082960,174.0599851974,191.6361864962,0.0000000964,4.0000000000,6644080.1760122627,10.0000000123,-0.0000000003,93.9999985109,92.5930958881,90.0057150597,0.0289391020,174.6750387832,191.6542378069,-0.0000000225,-0.0000001058,6643803.3509871168,-276.8248402419
72,8,0,999.000000,9.0000003616,-0.0000000887,84.0566292076,92.6047632163,90.0040858703,0.0289082960,174.0599854685,191.6361864977,-0.0000000837,4.0000000000,6644080.1759241754,10.0000003857,-0.0000000283,94.0000037091,92.5930958860,90.0057150603,0.0289391020,174.6750386755,191.6542378116,0.0000001107,0.0000000212,6643803.3510018382,-276.8248327041
72,9,0,999.000000,9.0000000559,0.0000001563,84.0409204103,92.5835898185,90.0040858699,0.0289082960,174.0599852036,191.6361865166,0.0000001806,4.0000000000,6644080.1759562474,10.0000002565,-0.0000000239,93.9999938160,92.5930958909,90.0057150598,0.0289391020,174.6750388562,191.6542377965,-0.0000000034,-0.0000000082,6643803.3508983795,-276.8248231239
73,0,0,999.000000,4.9999998924,0.0000002107,44.0000035349,92.5286524479,90.0005939200,0.0288296640,171.6217025556,191.5420286840,0.0000001929,-0.0000001107,6644880.6380388252,6.0000002012,-0.0000000816,54.0000056294,92.5378818802,90.0010938300,0.0288426000,172.2280044309,191.5688397983,0.0000001297,-0.0000001862,6644726.7730078744,-153.8653712766
73,1,0,999.000000,5.0000003565,-0.0000001973,44.0000120279,92.5286931380,90.0005939200,0.0288296640,171.6217028715,191.5420286958,-0.0000000072,0.0473905912,6644880.6380702425,6.0000002808,-0.0000000350,53.9999979684,92.5378818799,90.0010938300,0.0288426000,172.2280048972,191.5688398026,0.0000000319,-0.0000000467,6644726.7729350487,-153.8653658425
73,2,0,999.000000,4.9999998831,0.0000000876,43.9998961615,92.5285849507,90.0005939201,0.0288296640,171.6217025050,191.5420287090,0.0000000664,-0.0948991935,6644880.6379937902,5.9999999408,-0.0000000365,53.9999961263,92.5378818838,90.0010938298,0.0288426000,172.2280050096,191.5688397900,-0.0000000303,-0.0000000994,6644726.7730886685,-153.8653618615
73,3,0,999.000000,4.9999997640,-0.0000000714,43.9999931553,92.5287176923,90.0005939201,0.0288296640,171.6217026056,191.5420286976,0.0000001344,-0.0692044529,6644880.6380249700,5.9999994912,0.0000000107,53.9999980599,92.5378818769,90.0010938299,0.0288426000,172.2280049553,191.5688397956,0.0000000085,-0.0000000422,6644726.7729869951,-153.8653631574
73,4,0,999.000000,4.9999999301,0.0000000008,44.0003310905,92.5286763824,90.0005939203,0.0288296640,171.6217028731,191.5420287141,0.0000000378,0.0413641098,6644880.6380085740,5.9999998381,0.0000000898,54.0000005953,92.5378818796,90.0010938297,0.0288426000,172.2280046582,191.5688398046,0.0000001183,-0.0000000310,6644726.7729488220,-153.8653703182
73,5,0,999.000000,5.0000001978,-0.0000001696,43.9995754000,92.5286438840,90.0005939198,0.0288296640,171.6217023737,191.5420286939,-0.0000000520,-0.1138972229,6644880.6379891606,5.9999999127,0.0000000617,53.9999956517,92.5378818820,90.0010938298,0.0288426000,172.2280047657,191.5688398054,-0.0000000484,0.0000000514,6644726.7730151098,-153.8653442137
73,6,0,999.000000,4.9999999529,0.0000000312,44.0004574275,92.5289242995,90.0005939198,0.0288296640,171.6217028617,191.5420287075,0.0000001173,-0.1567341305,6644880.6379851196,6.0000002120,0.0000001167,54.0000002397,92.5378818849,90.0010938302,0.0288426000,172.2280047214,191.5688397997,-0.0000001570,-0.0000000553,6644726.7730618026,-153.8653600764
73,7,0,999.000000,5.0000000822,0.0000000124,43.9995233730,92.5287562928,90.0005939198,0.0288296640,171.6217026630,191.5420286937,-0.0000000750,-0.1022181227,6644880.6379805757,6.0000001511,-0.0000000046,53.9999989775,92.5378818811,90.0010938299,0.0288426000,172.2280048570,191.5688398020,-0.0000000358,-0.0000000630,6644726.7730438113,-153.8653665569
73,8,0,999.000000,5.0000000098,0.0000001904,43.9992987992,92.5283758102,90.0005939202,0.0288296640,171.6217029514,191.5420287058,0.0000000907,0.0049625470,6644880.6379863797,5.9999998280,-0.0000001346,53.9999993944,92.5378818758,90.0010938301,0.0288426000,172.2280049682,191.5688398055,-0.0000000390,0.0000000976,6644726.7730080849,-153.8653877008
73,9,0,999.000000,4.9999997160,0.0000000612,43.9999690352,92.5282325762,90.0005939201,0.0288296640,171.6217026883,191.5420287008,-0.0000000847,0.1372021023,6644880.6380078606,6.0000000456,-0.0000000087,53.9999953568,92.5378818778,90.0010938297,0.0288426000,172.2280045306,191.5688397955,0.0000000020,-0.0000001422,6644726.7730379133,-153.8653693633
74,0,0,999.000000,6.9999999074,-0.0000000083,64.0000024220,92.5489466618,90.0018155096,0.0288600270,172.8364773398,191.5934785031,-0.0000000408,-0.0000000052,6644542.0070599066,8.0000000965,0.0000001264,73.9999998536,92.5618415095,90.0027994100,0.0288819310,173.4471335297,191.6159308944,0.0000001027,0.0000001421,6644326.4368915232,-215.5697378946
74,1,0,999.000000,6.9999998299,0.0000000794,63.9999046416,92.5489933174,90.0018155100,0.0288600270,172.8364772460,191.5934784877,0.0000000591,-0.0497754703,6644542.0070316130,8.0000003750,-0.0000001604,74.0000006127,92.5618415108,90.0027994102,0.0288819310,173.4471340098,191.6159309052,0.0000000438,0.0000001559,6644326.4369529523,-215.5697474649
74,2,0,999.000000,7.0000002250,-0.0000001691,64.0000780735,92.5489003659,90.0018155100,0.0288600270,172.8364775125,191.5934785060,-0.0000001672,-0.0607613147,6644542.0069327531,7.9999998834,-0.0000000888,73.9999979269,92.5618415135,90.0027994100,0.0288819310,173.4471341105,191.6159308864,-0.0000000558,0.0000000749,6644326.4370355839,-215.5697648716
74,3,0,999.000000,7.0000002959,-0.0000000255,63.9999992641,92.5490714233,90.0018155100,0.0288600270,172.8364773389,191.5934785030,0.0000000205,0.0262742960,6644542.0069859112,8.0000004065,-0.0000000345,73.9999952244,92.5618415089,90.0027994098,0.0288819310,173.4471341075,191.6159309025,-0.0000000409,0.0000000059,6644326.4369829204,-215.5697621250
74,4,0,999.000000,6.9999998945,-0.0000000935,64.0003886838,92.5490177672,90.0018155099,0.0288600270,172.8364774789,191.5934785096,-0.0000000881,0.1354265190,6644542.0069971336,8.0000000116,-0.0000000460,74.0000004649,92.5618415095,90.0027994099,0.0288819310,173.4471340651,191.6159308905,-0.0000000192,-0.0000000768,6644326.4369933410,-215.5697502769
74,5,0,999.000000,7.0000002490,-0.0000000534,63.9997125445,92.5488344607,90.0018155099,0.0288600270,172.8364772714,191.5934785051,0.0000000955,0.1010512853,6644542.0069800345,8.0000001534,0.0000000740,74.0000044636,92.5618415081,90.0027994102,0.0288819310,173.4471336969,191.6159309108,0.0000000297,0.0000000607,6644326.4370512655,-215.5697440164
74,6,0,999.000000,6.9999995237,0.0000002078,64.0002249165,92.5492284158,90.0018155100,0.0288600270,172.8364775012,191.5934785162,0.0000001446,-0.1505419876,6644542.0070141116,8.0000001951,0.0000002681,74.0000001946,92.5618415058,90.0027994101,0.0288819310,173.4471340369,191.6159309082,0.0000000504,-0.0000000593,6644326.4369890084,-215.5697587513
74,7,0,999.000000,7.0000003664,-0.0000000059,64.0002490443,92.5487769169,90.0018155101,0.0288600270,172.8364776129,191.5934785010,0.0000000408,0.1471939842,6644542.0069646081,8.0000002273,-0.0000001394,74.0000001844,92.5618415092,90.0027994098,0.0288819310,173.4471341798,191.6159309076,0.0000000380,-0.0000001233,6644326.4369821781,-215.5697403837
74,8,0,999.000000,7.0000000351,0.0000000806,63.9994240337,92.5491808906,90.0018155103,0.0288600270,172.8364776484,191.5934785060,-0.0000000285,-0.0162869556,6644542.0070148641,8.0000000039,-0.0000000080,74.0000012604,92.5618415063,90.0027994102,0.0288819310,173.4471339002,191.6159308910,-0.0000000251,0.0000000250,6644326.4370084498,-215.5697479720
74,9,0,999.000000,7.0000001935,-0.0000001622,63.9993073759,92.5490832422,90.0018155100,0.0288600270,172.8364775073,191.5934785091,0.0000000566,0.0324380824,6644542.0070193512,8.0000001343,-0.0000000120,73.9999991212,92.5618415095,90.0027994096,0.0288819310,173.4471344443,191.6159308911,-0.0000001767,-0.0000000720,6644326.4370248728,-215.5697443255
75,0,0,999.000000,3.0000009469,-0.0000001447,23.9999943223,92.5157162343,90.0000971805,0.0288173150,170.4155405251,191.4819588034,0.0000000251,-0.0000001771,6645095.3660664447,4.0000003814,-0.0000001231,34.0000009355,92.5212627298,90.0002752499,0.0288212330,171.0175544804,191.5130616963,0.0000001064,-0.0000000028,6645003.5239624819,-91.8421413035
75,1,0,999.000000,2.9999999594,-0.0000000019,24.0000842663,92.5157106529,90.0000971797,0.0288173150,170.4155402281,191.4819588078,-0.0000000409,0.0071950559,6645095.3660134114,3.9999997513,0.0000000279,33.9999978972,92.5212627282,90.0002752501,0.0288212330,171.0175542790,191.5130617018,-0.0000000027,0.0000000169,6645003.5240177494,-91.8421405714
75,2,0,999.000000,3.0000000001,-0.0000002866,24.0000709203,92.5156448434,90.0000971801,0.0288173150,170.4155402370,191.4819588056,-0.0000000576,-0.0781956381,6645095.3660482513,4.0000002079,-0.0000000829,34.0000035761,92.5212627274,90.0002752498,0.0288212330,171.0175541687,191.5130617029,0.0000000520,-0.0000000459,6645003.5240382608,-91.8421551841
75,3,0,999.000000,3.0000001971,0.0000001187,23.9998787347,92.5157095043,90.0000971801,0.0288173150,170.4155406082,191.4819587932,0.0000001821,-0.0090467613,6645095.3660433898,4.0000003457,0.0000000534,33.9999970493,92.5212627295,90.0002752496,0.0288212330,171.0175544704,191.5130616997,0.0000001204,-0.0000000457,6645003.5239863414,-91.8421408852
75,4,0,999.000000,3.0000001963,-0.0000000151,23.9999054472,92.5155865757,90.0000971800,0.0288173150,170.4155404998,191.4819587953,0.0000000035,-0.0784193388,6645095.3660217971,4.0000000061,-0.0000001295,34.0000027181,92.5212627283,90.0002752499,0.0288212330,171.0175546876,191.5130616967,0.0000000111,0.0000000682,6645003.5240684366,-91.8421402939
75,5,0,999.000000,3.0000001355,0.0000000960,23.9997025884,92.5156005920,90.0000971799,0.0288173150,170.4155402914,191.4819587951,-0.0000001613,0.0829114503,6645095.3660179693,4.0000001610,-0.0000000954,33.9999965674,92.5212627302,90.0002752500,0.0288212330,171.0175544494,191.5130617122,0.0000000426,0.0000001971,6645003.5240687449,-91.8421259818
75,6,0,999.000000,2.9999994818,-0.0000002011,23.9999687890,92.5156612195,90.0000971799,0.0288173150,170.4155406218,191.4819587933,0.0000001841,-0.1362487177,6645095.3660423895,3.9999999425,0.0000000025,34.0000032373,92.5212627307,90.0002752504,0.0288212330,171.0175542730,191.5130616876,0.0000001255,0.0000000902,6645003.5239856094,-91.8421384318
75,7,0,999.000000,3.0000003072,-0.0000000766,24.0001747471,92.5153672480,90.0000971801,0.0288173150,170.4155406972,191.4819587952,-0.0000000096,0.2586988218,6645095.3660111250,4.0000000106,-0.0000000427,34.0000009853,92.5212627315,90.0002752498,0.0288212330,171.0175547083,191.5130617050,0.0000000932,0.0000000172,6645003.5239492850,-91.8421482569
75,8,0,999.000000,3.0000002692,-0.0000000385,24.0001010977,92.5153210958,90.0000971800,0.0288173150,170.4155401609,191.4819588048,0.0000000707,-0.3157816077,6645095.3659985727,3.9999997196,-0.0000000799,34.0000007783,92.5212627385,90.0002752502,0.0288212330,171.0175546356,191.5130617041,-0.0000001727,-0.0000000316,6645003.5239922777,-91.8421400333
75,9,0,999.000000,2.9999999909,-0.0000000898,23.9993095571,92.5153807578,90.0000971798,0.0288173150,170.4155405422,191.4819588006,0.0000000422,0.1105202145,6645095.3660594355,4.0000000820,-0.0000001069,33.9999992270,92.5212627267,90.0002752504,0.0288212330,171.0175546137,191.5130617061,0.0000000251,0.0000000366,6645003.5239134599,-91.8421417354
76,0,0,999.000000,5.0000000754,-0.0000000310,44.0000041985,92.5286524475,90.0005939198,0.0288296640,171.6217026338,191.5420287002,0.0000000640,-0.0000001251,6644880.6380138136,5.9999998269,-0.0000000108,54.0000034730,92.5378818816,90.0010938301,0.0288426000,172.2280051365,191.5688398048,-0.0000000425,0.0000001141,6644726.7730308222,-153.8653831956
76,1,0,999.000000,5.0000000575,-0.0000000534,44.0000091342,92.5286505226,90.0005939200,0.0288296640,171.6217029975,191.5420287058,0.0000000651,0.0243676829,6644880.6379823703,6.0000004060,0.0000000419,53.9999983064,92.5378818800,90.0010938300,0.0288426000,172.2280045640,191.5688397876,-0.0000000788,-0.0000000068,6644726.7730387039,-153.8653760583
76,2,0,999.000000,4.9999999422,-0.0000001688,43.9998357679,92.5286213749,90.0005939201,0.0288296640,171.6217027080,191.5420286832,-0.0000000271,-0.0477269487,6644880.6379565336,6.0000000508,-0.0000001685,53.9999985044,92.5378818759,90.0010938301,0.0288426000,172.2280045723,191.5688398006,0.0000000124,0.0000000175,6644726.7730462607,-153.8653581271
76,3,0,999.000000,4.9999998237,0.0000001044,43.9997669770,92.5287882134,90.0005939200,0.0288296640,171.6217028427,191.5420287055,-0.0000000069,-0.1346330682,6644880.6379933842,6.0000004072,-0.0000000982,54.0000000909,92.5378818825,90.0010938303,0.0288426000,172.2280046304,191.5688397912,-0.0000000343,0.0000000254,6644726.7729744203,-153.8653658021
76,4,0,999.000000,4.9999995288,-0.0000000328,44.0002882527,92.5287876456,90.0005939202,0.0288296640,171.6217026153,191.5420286976,-0.0000001171,-0.0626732654,6644880.6379627241,6.0000002726,0.0000000089,54.0000042535,92.5378818746,90.0010938299,0.0288426000,172.2280048810,191.5688397970,0.0000001722,-0.0000000184,6644726.7729509501,-153.8653734266
76,5,0,999.000000,4.9999999065,0.0000000019,44.0000552391,92.5287182205,90.0005939198,0.0288296640,171.6217025948,191.5420287079,0.0000000231,-0.0167913090,6644880.6379428077,6.0000000533,0.0000000337,54.0000045550,92.5378818799,90.0010938299,0.0288426000,172.2280048104,191.5688397986,0.0000001122,0.0000000902,6644726.7729460923,-153.8653721967
76,6,0,999.000000,4.9999997382,-0.0000000244,43.9997811628,92.5286702527,90.0005939202,0.0288296640,171.6217030337,191.5420286863,-0.0000000030,-0.1990524035,6644880.6380149154,6.0000001285,0.0000000899,53.9999964757,92.5378818814,90.0010938298,0.0288426000,172.2280047228,191.5688397910,0.0000000722,-0.0000000259,6644726.7730464600,-153.8653637650
76,7,0,999.000000,5.0000003767,0.0000000338,43.9999936004,92.5290022171,90.0005939199,0.0288296640,171.6217025452,191.5420286993,-0.0000000820,0.1577554901,6644880.6380402306,6.0000000823,0.0000000444,54.0000018183,92.5378818806,90.0010938297,0.0288426000,172.2280047619,191.5688397986,-0.0000000944,-0.0000001506,6644726.7729692701,-153.8653671658
76,8,0,999.000000,4.9999997619,-0.0000000347,43.9999199372,92.5284512737,90.0005939197,0.0288296640,171.6217028134,191.5420286999,-0.0000000700,0.3470548383,6644880.6380550275,6.0000000454,0.0000000845,54.0000027077,92.5378818786,90.0010938297,0.0288426000,172.2280046502,191.5688397958,0.0000000104,-0.0000000251,6644726.7728746412,-153.8653829438
76,9,0,999.000000,5.0000002897,0.0000001111,44.0004592105,92.5288637797,90.0005939201,0.0288296640,171.6217024902,191.5420286905,-0.0000000409,0.4476070930,6644880.6380555583,5.9999996600,-0.0000000892,54.0000043626,92.5378818791,90.0010938301,0.0288426000,172.2280045458,191.5688398057,0.0000000613,0.0000000653,6644726.7729632333,-153.8653694564
77,0,0,999.000000,9.0000002806,-0.0000001926,83.9999989489,92.5765602617,90.0040858698,0.0289082960,174.0599853817,191.6361864988,0.0000000301,0.0000001629,6644080.1759693762,9.9999996014,-0.0000000424,93.9999971435,92.5930958912,90.0057150599,0.0289391020,174.6750389509,191.6542377951,-0.0000000923,-0.0000001393,6643803.3510569585,-276.8248319511
77,1,0,999.000000,8.9999998820,-0.0000001028,83.9999341214,92.5766008413,90.0040858700,0.0289082960,174.0599856436,191.6361864950,-0.0000000691,-0.0205981303,6644080.1760528767,10.0000000429,0.0000000376,94.0000023175,92.5930958937,90.0057150598,0.0289391020,174.6750391015,191.6542378015,-0.0000000819,-0.0000001015,6643803.3510244749,-276.8248468201
77,2,0,999.000000,8.9999996959,0.0000000813,83.9999415068,92.5765935536,90.0040858699,0.0289082960,174.0599852240,191.6361864938,0.0000000441,-0.0672352768,6644080.1760973660,10.0000001613,0.0000000669,93.9999997421,92.5930958960,90.0057150598,0.0289391020,174.6750386661,191.6542378163,0.0000000820,-0.0000000940,6643803.3510284796,-276.8248271796
77,3,1,0.000347,8.9999997432,-0.0000000843,84.0205397014,92.5888269651,90.0040858699,0.0289082960,174.0599854256,191.6361865064,-0.0000000984,4.0000000000,6644080.1759804599,9.9999993314,0.0000000453,94.0000021467,92.5930958875,90.0057150601,0.0289391020,174.6750387040,191.6542377972,-0.0000000468,0.0000000933,6643803.3510396751,-276.8248315270
77,4,1,0.000463,8.9999999656,-0.0000000498,84.0208808674,92.6076322542,90.0040858702,0.0289082960,174.0599854761,191.6361865062,-0.0000000865,4.0000000000,6644080.1760262437,10.0000000264,0.0000001231,93.9999960015,92.5930958916,90.0057150598,0.0289391020,174.6750386972,191.6542377963,0.0000000023,-0.0000000901,6643803.3509725826,-276.8248401100
77,5,1,0.000579,8.9999997474,-0.0000000391,84.0596612564,92.6232130440,90.0040858698,0.0289082960,174.0599855831,191.6361864922,0.0000000921,4.0000000000,6644080.1760326046,9.9999999495,0.0000000779,93.9999976662,92.5930958890,90.0057150598,0.0289391020,174.6750389073,191.6542378022,0.0000000662,-0.0000004479,6643803.3510098970,-276.8248359010
77,6,0,999.000000,8.9999999949,0.0000000893,84.0207775786,92.6013615539,90.0040858700,0.0289082960,174.0599856735,191.6361864958,-0.0000001808,4.0000000000,6644080.1759266630,10.0000003720,0.0000000589,93.9999970475,92.5930958922,90.0057150599,0.0289391020,174.6750386760,191.6542377905,0.0000000318,0.0000001884,6643803.3509650500,-276.8248429892
77,7,0,999.000000,8.9999999027,0.0000002063,84.0116875386,92.5832582035,90.0040858697,0.0289082960,174.0599853609,191.6361864967,-0.0000000864,4.0000000000,6644080.1759766005,9.9999998092,0.0000001403,93.9999989316,92.5930958905,90.0057150600,0.0289391020,174.6750388352,191.6542377966,0.0000000643,0.0000000220,6643803.3509589070,-276.8248619503
77,8,0,999.000000,9.0000003331,0.0000001152,84.0646360851,92.5925008311,90.0040858699,0.0289082960,174.0599854593,191.6361865067,0.0000000493,4.0000000000,6644080.1759846481,9.9999999657,-0.0000001767,94.0000041040,92.5930958856,90.0057150598,0.0289391020,174.6750388644,191.6542377982,0.0000000980,-0.0000000948,6643803.3509412035,-276.8248358894
77,9,0,999.000000,8.9999994039,0.0000000526,84.0761516180,92.5908394603,90.0040858704,0.0289082960,174.0599855371,191.6361864876,0.0000001652,4.0000000000,6644080.1760710236,10.0000002562,-0.0000002175,93.9999990292,92.5930958859,90.0057150604,0.0289391020,174.6750389265,191.6542377971,0.0000000424,-0.0000000958,6643803.3510152409,-276.8248376927
78,0,0,999.000000,1.9999997184,-0.0000000065,13.9999996991,92.5120155771,90.0000190101,0.0288179200,169.8156377499,191.4487427204,-0.0000001215,-0.0000000458,6645156.1180170979,2.9999998694,0.0000001454,23.9999994965,92.5157162370,90.0000971802,0.0288173150,170.4155405933,191.4819588092,-0.0000002307,-0.0000000404,6645095.3659108197,-60.7519306936
78,1,0,999.000000,2.0000006444,-0.0000000061,13.9999130642,92.5120359074,90.0000190100,0.0288179200,169.8156380634,191.4487427001,0.0000000204,-0.0269465566,6645156.1179860579,2.9999998332,0.0000000901,23.9999997266,92.5157162358,90.0000971798,0.0288173150,170.4155404136,191.4819588003,-0.0000000136,0.0000001980,6645095.3660311457,-60.7519261080
78,2,0,999.000000,1.9999999874,0.0000000394,13.9999649894,92.5119826959,90.0000190098,0.0288179200,169.8156383222,191.4487426930,0.0000000999,-0.0700987736,6645156.1180246165,2.9999999994,-0.0000001791,24.0000000831,92.5157162420,90.0000971798,0.0288173150,170.4155406420,191.4819588058,0.0000000927,-0.0000002334,6645095.3660381855,-60.7519106343
78,3,0,999.000000,2.0000002181,-0.0000000700,13.9997894743,92.5120507458,90.0000190099,0.0288179200,169.8156379538,191.4487426970,-0.0000001349,0.0456714857,6645156.1179694152,2.9999996878,0.0000000213,23.9999977971,92.5157162383,90.0000971801,0.0288173150,170.4155409040,191.4819587995,0.0000000618,-0.0000001942,6645095.3659533756,-60.7519404446
78,4,0,999.000000,2.0000003361,-0.0000001600,14.0003020486,92.5118295458,90.0000190101,0.0288179200,169.8156380862,191.4487426958,-0.0000001091,0.0546692937,6645156.1180227166,2.9999998599,-0.0000001654,24.0000035133,92.5157162441,90.0000971799,0.0288173150,170.4155404547,191.4819587985,0.0000000770,-0.0000001138,6645095.3659683838,-60.7519324381
78,5,0,999.000000,2.0000000742,-0.0000000325,14.0001995095,92.5120202139,90.0000190103,0.0288179200,169.8156381479,191.4487426971,-0.0000001145,0.0133277584,6645156.1180248195,2.9999999980,0.0000001118,24.0000041238,92.5157162362,90.0000971797,0.0288173150,170.4155403428,191.4819588079,0.0000000560,-0.0000000545,6645095.3659993988,-60.7519183619
78,6,1,0.000694,2.0000000822,-0.0000001088,14.0250247240,92.5301616812,90.0000190099,0.0288179200,169.8156381230,191.4487426965,0.0000001552,4.0000000000,6645156.1180199180,2.9999998271,-0.0000001693,24.0000010293,92.5157162463,90.0000971800,0.0288173150,170.4155405388,191.4819587942,0.0000001054,-0.0000000229,6645095.3659039736,-60.7519263023
78,7,1,0.000810,2.0000000600,0.0000000897,14.0955989759,92.5276430042,90.0000190100,0.0288179200,169.8156378561,191.4487427041,0.0000001405,4.0000000000,6645156.1179620922,3.0000008458,-0.0000001002,23.9999984071,92.5157162445,90.0000971804,0.0288173150,170.4155406338,191.4819587986,-0.0000000149,0.0000001165,6645095.3659811383,-60.7519353480
78,8,0,999.000000,2.0000001228,-0.0000000013,14.0403554452,92.5548828530,90.0000190101,0.0288179200,169.8156380739,191.4487426836,0.0000001534,4.0000000000,6645156.1180405086,3.0000003579,-0.0000000074,23.9999978444,92.5157162359,90.0000971803,0.0288173150,170.4155404347,191.4819588016,-0.0000000037,0.0000000265,6645095.3659020476,-60.7519328798
78,9,0,999.000000,2.0000002367,0.0000000184,14.0641823800,92.5496490539,90.0000190103,0.0288179200,169.8156377872,191.4487426971,-0.0000000413,4.0000000000,6645156.1180413915,3.0000000091,0.0000000002,23.9999935903,92.5157162443,90.0000971800,0.0288173150,170.4155405448,191.4819587945,-0.0000000244,-0.0000000777,6645095.3660749411,-60.7519505227
79,0,0,999.000000,8.0000002500,-0.0000000522,74.0000025137,92.5618415111,90.0027994102,0.0288819310,173.4471339487,191.6159309011,-0.0000000061,0.0000000768,6644326.4369901409,8.9999996954,0.0000001355,84.0000055011,92.5765602549,90.0040858701,0.0289082960,174.0599853425,191.6361865112,-0.0000001342,-0.0000000564,6644080.1760057863,-246.2615606461
79,1,0,999.000000,8.0000003468,0.0000000035,73.9999775430,92.5618625744,90.0027994102,0.0288819310,173.4471341662,191.6159308965,0.0000000092,0.0265516999,6644326.4370469656,9.0000005150,-0.0000000349,83.9999990015,92.5765602592,90.0040858699,0.0289082960,174.0599850061,191.6361865191,0.0000000639,-0.0000000083,6644080.1759546222,-246.2615691587
79,2,0,999.000000,8.0000004775,0.0000000621,74.0001960925,92.5617542449,90.0027994099,0.0288819310,173.4471340523,191.6159309025,0.0000002009,0.0019519472,6644326.4369308939,9.0000002712,-0.0000000913,83.9999963536,92.5765602623,90.0040858698,0.0289082960,174.0599855451,191.6361865037,0.0000000597,-0.0000001376,6644080.1760382224,-246.2615712592
79,3,0,999.000000,7.9999998724,0.0000000511,74.0002099931,92.5618618867,90.0027994099,0.0288819310,173.4471338296,191.6159309042,0.0000000534,-0.0577845313,6644326.4370818762,9.0000000099,-0.0000000014,84.0000001703,92.5765602578,90.0040858698,0.0289082960,174.0599854108,191.6361864868,-0.0000001500,-0.0000000608,6644080.1759028072,-246.2615813580
79,4,0,999.000000,7.9999993078,0.0000000996,74.0003701606,92.5619789674,90.0027994100,0.0288819310,173.4471337840,191.6159309016,0.0000001895,-0.1454594107,6644326.4369565463,8.9999996485,-0.0000000226,83.9999971776,92.5765602569,90.0040858701,0.0289082960,174.0599855835,191.6361864916,0.0000001131,0.0000001973,6644080.1760649057,-246.2615592817
79,5,0,999.000000,8.0000002287,0.0000000957,73.9999111249,92.5618489513,90.0027994100,0.0288819310,173.4471340098,191.6159309034,-0.0000001021,-0.1660921341,6644326.4369822294,9.0000001353,-0.0000001528,84.0000004420,92.5765602625,90.0040858700,0.0289082960,174.0599852471,191.6361865004,-0.0000000441,-0.0000000166,6644080.1759760734,-246.2615703900
79,6,0,999.000000,8.0000002036,-0.0000000862,73.9994245018,92.5617929692,90.0027994102,0.0288819310,173.4471339200,191.6159308980,-0.0000001692,0.1771129345,6644326.4369413285,8.9999999957,0.0000001225,84.0000044068,92.5765602592,90.0040858696,0.0289082960,174.0599853582,191.6361865030,-0.0000000306,-0.0000000138,6644080.1759624006,-246.2615673931
79,7,0,999.000000,8.0000002303,0.0000000044,74.0002125346,92.5615308332,90.0027994102,0.0288819310,173.4471339644,191.6159309063,-0.0000000141,0.2799645906,6644326.4369978579,9.0000000285,0.0000000215,84.0000010740,92.5765602618,90.0040858703,0.0289082960,174.0599851613,191.6361865103,-0.0000001701,-0.0000000631,6644080.1759925354,-246.2615791380
79,8,0,999.000000,8.0000001539,0.0000000776,74.0004231931,92.5618979797,90.0027994099,0.0288819310,173.4471338167,191.6159309073,-0.0000001043,0.0580213423,6644326.4370070761,8.9999999207,0.0000000471,83.9999985665,92.5765602613,90.0040858703,0.0289082960,174.0599853896,191.6361865128,0.0000000771,-0.0000000793,6644080.1760181403,-246.2615803378
79,9,0,999.000000,7.9999996675,-0.0000000381,74.0001465128,92.5618551838,90.0027994102,0.0288819310,173.4471339403,191.6159308883,0.0000000094,-0.1109569433,6644326.4369073333,8.9999997109,-0.0000000598,83.9999982840,92.5765602599,90.0040858700,0.0289082960,174.0599856949,191.6361864969,-0.0000000869,0.0000001567,6644080.1760793077,-246.2615783930
80,0,0,999.000000,7.9999996565,0.0000000134,73.9999992228,92.5618415081,90.0027994100,0.0288819310,173.4471342692,191.6159308946,-0.0000000571,-0.0000002387,6644326.4369250527,8.9999998311,-0.0000000305,84.0000020663,92.5765602551,90.0040858701,0.0289082960,174.0599854183,191.6361865074,-0.0000001162,0.0000000541,6644080.1760956263,-246.2615563877
80,1,0,999.000000,8.0000005434,0.0000001105,73.9999102477,92.5618435898,90.0027994098,0.0288819310,173.4471338367,191.6159308869,0.0000000785,-0.0205016707,6644326.4370208243,8.9999999474,-0.0000001266,83.9999966643,92.5765602569,90.0040858699,0.0289082960,174.0599854853,191.6361864883,-0.0000000693,-0.0000000720,6644080.1758628534,-246.2615637818
80,2,0,999.000000,8.0000001006,0.0000000316,74.0001414476,92.5617880593,90.0027994099,0.0288819310,173.4471338830,191.6159308937,-0.0000000488,0.0653757127,6644326.4370055329,8.9999998330,-0.0000002020,84.0000034046,92.5765602616,90.0040858700,0.0289082960,174.0599852436,191.6361864943,-0.0000001878,0.0000001627,6644080.1760011315,-246.2615830812
80,3,0,999.000000,7.9999997053,0.0000000935,74.0000063422,92.5618828626,90.0027994099,0.0288819310,173.4471339617,191.6159308977,-0.0000001261,-0.0482789096,6644326.4370220136,9.0000001998,-0.0000000768,83.9999943026,92.5765602615,90.0040858698,0.0289082960,174.0599850803,191.6361864980,0.0000001577,-0.0000000505,6644080.1759409606,-246.2615630211
80,4,0,999.000000,7.9999995369,0.0000002560,73.9996931448,92.5618361550,90.0027994103,0.0288819310,173.4471340502,191.6159309065,0.0000000681,0.1894319773,6644326.4370463267,9.0000005333,-0.0000000093,83.9999988120,92.5765602589,90.0040858703,0.0289082960,174.0599854481,191.6361864939,-0.0000000842,0.0000001184,6644080.1760236556,-246.2615879435
80,5,1,0.000579,7.9999997548,-0.0000000857,74.0119957394,92.5867011972,90.0027994102,0.0288819310,173.4471342356,191.6159309124,0.0000000795,4.0000000000,6644326.4369548764,8.9999996699,0.0000000518,83.9999961477,92.5765602591,90.0040858702,0.0289082960,174.0599852556,191.6361864954,0.0000000320,-0.0000001074,6644080.1759906132,-246.2615688709
80,6,1,0.000694,7.9999997854,-0.0000001620,74.0836943336,92.6091490857,90.0027994101,0.0288819310,173.4471338588,191.6159309058,0.0000000639,4.0000000000,6644326.4370794464,8.9999999924,-0.0000000257,83.9999988516,92.5765602549,90.0040858702,0.0289082960,174.0599853891,191.6361865131,-0.0000000391,-0.0000002338,6644080.1760260612,-246.2615673209
80,7,0,999.000000,7.9999997896,0.0000001477,74.0237501646,92.5844356169,90.0027994095,0.0288819310,173.4471340274,191.6159309095,-0.0000001362,4.0000000000,6644326.4369828878,9.0000002738,-0.0000001218,84.0000012353,92.5765602579,90.0040858701,0.0289082960,174.0599852560,191.6361865034,0.0000000044,-0.0000000133,6644080.1759806918,-246.2615681122
80,8,0,999.000000,7.9999999886,-0.0000000592,74.0665274034,92.6058676967,90.0027994098,0.0288819310,173.4471341112,191.6159308986,-0.0000000728,4.0000000000,6644326.4370389087,9.0000002593,-0.0000000208,84.0000022006,92.5765602504,90.0040858703,0.0289082960,174.0599853248,191.6361864977,0.0000001396,-0.0000001061,6644080.1760798777,-246.2615652874
80,9,0,999.000000,8.0000001788,0.0000001362,74.0546831380,92.5853007235,90.0027994103,0.0288819310,173.4471340016,191.6159308942,0.0000000811,4.0000000000,6644326.4370272942,8.9999999255,0.0000001564,83.9999979909,92.5765602616,90.0040858699,0.0289082960,174.0599852280,191.6361865053,0.0000000918,0.0000000558,6644080.1759941503,-246.2615675574
