track_id,time_step,azimuth_deg,elevation_deg,range_km,eci_x_m,eci_y_m,eci_z_m,obs_vector_x,obs_vector_y,obs_vector_z,x_km_true,y_km_true,z_km_true,vx_km_s_true,vy_km_s_true,vz_km_s_true,x_km_future,y_km_future,z_km_future,vx_km_s_future,vy_km_s_future,vz_km_s_future
10,12,147.665,0.014,6825.505108,-5767106.516,3650753.322,1611.102,0.000000,0.000000,0.000000,-5767.106516,3650.753322,1.611102,-4.081718,-6.455498,-0.003820,-5445.787127,-4100.949425,-2.620440,4.607575,-6.102966,-0.003035
6,17,170.864,-0.007,6831.941969,-6745282.041,1084712.167,-871.625,0.000000,0.000000,0.000000,-6745.282041,1084.712167,-0.871625,-1.207568,-7.545103,0.002868,-5164.717605,-4469.058891,1.403280,5.000945,-5.780411,0.002591
0,6,315.704,0.074,6841.768307,4896937.799,-4778045.274,8781.417,0.000000,0.000000,0.000000,4896.937799,-4778.045274,8.781417,5.329008,5.476189,-0.004809,5771.307473,3679.333565,-2.178939,-4.094392,6.448134,-0.010643
0,18,1.803,0.025,6839.759370,6836373.581,215163.981,2994.037,0.000000,0.000000,0.000000,6836.373581,215.163981,2.994037,-0.235529,7.639741,-0.010393,4595.030905,5077.613720,-4.625452,-5.648975,5.135000,-0.009623
14,3,89.971,-0.029,6854.762911,3473.775,6854761.132,-3510.616,0.000000,0.000000,0.000000,3.473775,6854.761132,-3.510616,-7.626559,0.011364,-0.005630,-6669.418691,1617.172700,-5.747045,-1.798688,-7.402367,0.002467
11,1,187.314,0.026,6916.894007,-6860616.941,-880538.300,3193.683,0.000000,0.000000,0.000000,-6860.616941,-880.538300,3.193683,0.961527,-7.529443,0.005157,-877.175532,-6864.418312,5.352832,7.525733,-0.961614,-0.002092
19,9,61.917,-0.046,6836.750048,3218375.370,6031847.279,-5440.673,0.000000,0.000000,0.000000,3218.375370,6031.847279,-5.440673,-6.731260,3.609346,0.002082,-5134.803148,4539.267156,0.565026,-5.052338,-5.703091,0.006383
11,15,240.104,0.047,6919.912753,-3449114.360,-5999064.130,5674.640,0.000000,0.000000,0.000000,-3449.114360,-5999.064130,5.674640,6.576698,-3.783362,0.000327,3102.663591,-6184.816493,3.376562,6.780962,3.404905,-0.005013
6,16,167.020,-0.009,6832.294532,-6657712.051,1534639.282,-1041.607,0.000000,0.000000,0.000000,-6657.712051,1534.639282,-1.041607,-1.710325,-7.446849,0.002796,-5164.717605,-4469.058891,1.403280,5.000945,-5.780411,0.002591
7,7,316.901,-0.093,6847.986931,5000245.932,-4678925.415,-11072.217,0.000000,0.000000,0.000000,5000.245932,-4678.925415,-11.072217,5.206830,5.575002,-0.007571,5698.364492,3783.947341,-9.163986,-4.227622,6.360008,0.010272
0,14,346.434,0.045,6839.197988,6648395.101,-1604195.458,5351.896,0.000000,0.000000,0.000000,6648.395101,-1604.195458,5.351896,1.792720,7.430804,-0.009138,4595.030905,5077.613720,-4.625452,-5.648975,5.135000,-0.009623
19,6,50.391,-0.048,6834.025481,4357010.918,5265009.744,-5703.338,0.000000,0.000000,0.000000,4357.010918,5265.009744,-5.703338,-5.877415,4.882594,0.000826,-4128.775343,5468.201826,-0.587558,-6.088470,-4.583727,0.006381
17,16,24.809,-0.018,6912.482347,6274527.297,2900467.984,-2206.952,0.000000,0.000000,0.000000,6274.527297,2900.467984,-2.206952,-3.190616,6.886222,0.003976,1470.025489,6746.278451,1.553833,-7.426237,1.607185,0.004332
17,13,13.488,-0.024,6913.532291,6722854.565,1612497.121,-2875.036,0.000000,0.000000,0.000000,6722.854565,1612.497121,-2.875036,-1.774669,7.377881,0.003423,1470.025489,6746.278451,1.553833,-7.426237,1.607185,0.004332
7,21,10.563,-0.101,6842.033648,6726088.551,1254197.922,-12033.851,0.000000,0.000000,0.000000,6726.088551,1254.197922,-12.033851,-1.405338,7.504536,0.005457,4827.908673,4844.970439,-7.143105,-5.411608,5.389428,0.012106
2,13,100.727,0.049,6845.508215,-1274100.723,6725891.416,5892.422,0.000000,0.000000,0.000000,-1274.100723,6725.891416,5.892422,-7.498629,-1.417264,-0.000399,-6640.833081,1674.785008,2.153135,-1.867725,-7.395558,-0.006125
1,11,52.091,0.026,6857.819952,4213460.227,5410770.537,3098.040,0.000000,0.000000,0.000000,4213.460227,5410.770537,3.098040,-6.014751,4.690087,0.013356,-3904.202010,5648.274257,12.398814,-6.270941,-4.325068,0.000728
14,10,116.732,-0.045,6857.990520,-3084855.421,6125003.811,-5414.024,0.000000,0.000000,0.000000,-3084.855421,6125.003811,-5.414024,-6.811641,-3.422187,-0.003269,-6685.499786,-1553.052955,-4.134110,1.723290,-7.419328,0.005073
7,20,6.727,-0.103,6842.396305,6795285.649,801453.684,-12334.087,0.000000,0.000000,0.000000,6795.285649,801.453684,-12.334087,-0.900384,7.581305,0.004547,4827.908673,4844.970439,-7.143105,-5.411608,5.389428,0.012106
2,21,131.379,0.041,6847.118863,-4526169.966,5137781.457,4886.478,0.000000,0.000000,0.000000,-4526.169966,5137.781457,4.886478,-5.727158,-5.040866,-0.003691,-6640.833081,1674.785008,2.153135,-1.867725,-7.395558,-0.006125
3,12,293.093,-0.037,6913.709876,2711739.600,-6359703.816,-4468.352,0.000000,0.000000,0.000000,2711.739600,-6359.703816,-4.468352,6.991039,2.982304,0.001903,6920.055730,129.578204,-0.071676,-0.128573,7.591197,0.005261
11,22,266.487,0.043,6920.224753,-424059.072,-6907217.771,5215.834,0.000000,0.000000,0.000000,-424.059072,-6907.217771,5.215834,7.572701,-0.464519,-0.002473,3102.663591,-6184.816493,3.376562,6.780962,3.404905,-0.005013
16,21,269.923,-0.029,6866.712323,-9171.154,-6866705.311,-3491.424,0.000000,0.000000,0.000000,-9.171154,-6866.705311,-3.491424,7.617440,-0.011602,-0.002910,3864.136841,-5676.593855,-4.362275,6.296461,4.286694,-0.000219
8,6,0.252,0.028,6864.919248,6864852.147,30163.122,3386.503,0.000000,0.000000,0.000000,6864.852147,30.163122,3.386503,-0.021357,7.622216,-0.001593,1614.261790,6686.616345,-0.590812,-7.392790,1.792323,-0.004026
12,4,198.718,-0.045,6899.269202,-6534368.507,-2214026.813,-5386.048,0.000000,0.000000,0.000000,-6534.368507,-2214.026813,-5.386048,2.443421,-7.187453,-0.006152,546.854327,-6857.716534,-6.724279,7.587545,0.625453,0.004272
19,11,69.596,-0.043,6838.663705,2384186.461,6409598.251,-5142.778,0.000000,0.000000,0.000000,2384.186461,6409.598251,-5.142778,-7.151024,2.677213,0.002875,-5426.279007,4187.223369,0.946469,-4.659930,-6.027334,0.006327
6,4,120.920,-0.021,6837.639236,-3513456.051,5865912.591,-2525.185,0.000000,0.000000,0.000000,-3513.456051,5865.912591,-2.525185,-6.545649,-3.929893,0.001101,-6503.705809,-2086.441429,0.383449,2.337162,-7.276983,0.002998
9,18,196.573,0.043,6895.611533,-6609134.497,-1966919.613,5181.933,0.000000,0.000000,0.000000,-6609.134497,-1966.919613,5.181933,2.150918,-7.291014,-0.002120,-3245.480799,-6096.598485,2.263908,6.694266,-3.575963,-0.005553
5,14,44.235,-0.026,6857.582461,4913316.872,4783904.783,-3090.206,0.000000,0.000000,0.000000,4913.316872,4783.904783,-3.090206,-5.323927,5.457266,0.005587,-1824.691454,6604.300241,2.911005,-7.354035,-2.035513,0.005704
6,7,132.438,-0.019,6836.199446,-4613007.865,5045173.547,-2277.502,0.000000,0.000000,0.000000,-4613.007865,5045.173547,-2.277502,-5.630329,-5.158830,0.001642,-5954.489920,-3345.324724,0.911782,3.744643,-6.663318,0.002852
6,3,117.082,-0.022,6838.116202,-3113128.971,6088370.432,-2585.527,0.000000,0.000000,0.000000,-3113.128971,6088.370432,-2.585527,-6.793590,-3.482612,0.000910,-6629.191657,-1645.453967,0.202815,1.844136,-7.417083,0.003020
16,7,216.519,0.000,6864.593316,-5516818.725,-4085015.613,23.980,0.000000,0.000000,0.000000,-5516.818725,-4085.015613,0.023980,4.531819,-6.125681,-0.004845,2661.492549,-6330.257055,-4.236497,7.021813,2.952080,-0.001174
16,14,243.225,-0.016,6865.847030,-3092952.456,-6129722.406,-1940.730,0.000000,0.000000,0.000000,-3092.952456,-6129.722406,-1.940730,6.800420,-3.434304,-0.004340,3864.136841,-5676.593855,-4.362275,6.296461,4.286694,-0.000219
8,12,23.139,0.021,6869.498284,6316895.693,2699412.700,2561.364,0.000000,0.000000,0.000000,6316.895693,2699.412700,2.561364,-2.981284,7.009505,-0.002929,-195.816801,6877.334207,-1.525000,-7.602435,-0.212153,-0.003713
8,11,19.326,0.023,6868.719867,6481663.297,2273179.725,2731.312,0.000000,0.000000,0.000000,6481.663297,2273.179725,2.731312,-2.508917,7.193031,-0.002734,-195.816801,6877.334207,-1.525000,-7.602435,-0.212153,-0.003713
0,12,338.750,0.054,6839.386084,6374356.841,-2478857.790,6397.226,0.000000,0.000000,0.000000,6374.356841,-2478.857790,6.397226,2.767740,7.125105,-0.008258,4595.030905,5077.613720,-4.625452,-5.648975,5.135000,-0.009623
9,21,207.937,0.039,6898.809521,-6094830.972,-3232117.902,4701.089,0.000000,0.000000,0.000000,-6094.830972,-3232.117902,4.701089,3.544487,-6.720739,-0.003205,-3245.480799,-6096.598485,2.263908,6.694266,-3.575963,-0.005553
8,5,356.434,0.029,6864.201034,6850912.449,-426898.562,3474.532,0.000000,0.000000,0.000000,6850.912449,-426.898562,3.474532,0.485869,7.607543,-0.001340,2053.945807,6564.420503,-0.348133,-7.257957,2.279392,-0.004060
16,16,250.854,-0.020,6866.143935,-2251927.793,-6486350.884,-2442.856,0.000000,0.000000,0.000000,-2251.927793,-6486.350884,-2.442856,7.195932,-2.500739,-0.004016,3864.136841,-5676.593855,-4.362275,6.296461,4.286694,-0.000219
6,8,136.278,-0.018,6835.723734,-4940218.064,4724548.626,-2173.950,0.000000,0.000000,0.000000,-4940.218064,4724.548626,-2.173950,-5.272584,-5.524681,0.001809,-5716.575293,-3737.292715,1.080727,4.182870,-6.397379,0.002777
14,14,132.013,-0.050,6859.738714,-4591215.713,5096735.969,-5997.853,0.000000,0.000000,0.000000,-4591.215713,5096.735969,-5.997853,-5.666988,-5.095630,-0.001567,-6685.499786,-1553.052955,-4.134110,1.723290,-7.419328,0.005073
5,19,63.351,-0.011,6855.390045,3074755.716,6127172.947,-1274.574,0.000000,0.000000,0.000000,3074.755716,6127.172947,-1.274574,-6.819497,3.414320,0.006405,-1824.691454,6604.300241,2.911005,-7.354035,-2.035513,0.005704
0,18,1.803,0.025,6839.759370,6836373.581,215163.981,2994.037,0.000000,0.000000,0.000000,6836.373581,215.163981,2.994037,-0.235529,7.639741,-0.010393,4595.030905,5077.613720,-4.625452,-5.648975,5.135000,-0.009623
2,18,119.886,0.046,6846.504272,-3411431.946,5936052.825,5448.515,0.000000,0.000000,0.000000,-3411.431946,5936.052825,5.448515,-6.617304,-3.799001,-0.002532,-6640.833081,1674.785008,2.153135,-1.867725,-7.395558,-0.006125
3,5,266.644,-0.040,6915.662549,-404862.033,-6903799.856,-4772.520,0.000000,0.000000,0.000000,-404.862033,-6903.799856,-4.772520,7.585860,-0.436973,-0.000480,6586.721674,-2113.851433,-1.617827,2.331362,7.229699,0.004953
19,15,84.941,-0.036,6842.569797,603365.947,6815914.661,-4277.571,0.000000,0.000000,0.000000,603.365947,6815.914661,-4.277571,-7.600213,0.689063,0.004291,-5426.279007,4187.223369,0.946469,-4.659930,-6.027334,0.006327
18,6,263.342,0.034,6866.858130,-796169.077,-6820545.378,4016.020,0.000000,0.000000,0.000000,-796.169077,-6820.545378,4.016020,7.572794,-0.894727,-0.009059,6449.201547,-2411.406077,-6.984141,2.677886,7.118008,-0.006497
15,20,313.462,0.058,6899.080936,4745687.132,-5007566.496,7013.637,0.000000,0.000000,0.000000,4745.687132,-5007.566496,7.013637,5.516807,5.231405,-0.010529,6820.041788,-1037.435744,-0.331324,1.143835,7.516924,-0.013056
10,16,163.055,0.005,6824.269820,-6527984.741,1988988.029,647.557,0.000000,0.000000,0.000000,-6527.984741,1988.988029,0.647557,-2.220559,-7.309181,-0.004162,-5445.787127,-4100.949425,-2.620440,4.607575,-6.102966,-0.003035
6,7,132.438,-0.019,6836.199446,-4613007.865,5045173.547,-2277.502,0.000000,0.000000,0.000000,-4613.007865,5045.173547,-2.277502,-5.630329,-5.158830,0.001642,-5954.489920,-3345.324724,0.911782,3.744643,-6.663318,0.002852
5,22,74.827,-0.001,6854.178595,1794001.219,6615234.224,-103.983,0.000000,0.000000,0.000000,1794.001219,6615.234224,-0.103983,-7.363578,1.990326,0.006559,-1824.691454,6604.300241,2.911005,-7.354035,-2.035513,0.005704
6,4,120.920,-0.021,6837.639236,-3513456.051,5865912.591,-2525.185,0.000000,0.000000,0.000000,-3513.456051,5865.912591,-2.525185,-6.545649,-3.929893,0.001101,-6503.705809,-2086.441429,0.383449,2.337162,-7.276983,0.002998
8,13,26.950,0.020,6870.274792,6124176.311,3113701.105,2380.082,0.000000,0.000000,0.000000,6124.176311,3113.701105,2.380082,-3.440301,6.795029,-0.003111,-195.816801,6877.334207,-1.525000,-7.602435,-0.212153,-0.003713
10,8,132.280,0.021,6826.196668,-4592311.560,5050507.839,2459.022,0.000000,0.000000,0.000000,-4592.311560,5050.507839,2.459022,-5.649195,-5.138934,-0.003204,-5947.781162,-3333.716659,-2.233585,3.746433,-6.664896,-0.003402
14,15,135.832,-0.051,6860.144952,-4920782.415,4779900.860,-6078.501,0.000000,0.000000,0.000000,-4920.782415,4779.900860,-6.078501,-5.314512,-5.461619,-0.001120,-6685.499786,-1553.052955,-4.134110,1.723290,-7.419328,0.005073
17,18,32.359,-0.014,6911.613711,5838314.809,3699254.160,-1712.025,0.000000,0.000000,0.000000,5838.314809,3699.254160,-1.712025,-4.069115,6.407564,0.004261,1470.025489,6746.278451,1.553833,-7.426237,1.607185,0.004332
15,10,275.588,0.095,6901.022909,671926.135,-6868224.108,11404.130,0.000000,0.000000,0.000000,671.926135,-6868.224108,11.404130,7.564180,0.743993,-0.003570,6820.041788,-1037.435744,-0.331324,1.143835,7.516924,-0.013056
5,12,36.592,-0.031,6858.474768,5506640.229,4088468.614,-3731.244,0.000000,0.000000,0.000000,5506.640229,4088.468614,-3.731244,-4.550178,6.116103,0.005081,-1824.691454,6604.300241,2.911005,-7.354035,-2.035513,0.005704
12,1,187.372,-0.035,6900.303824,-6843267.414,-885362.351,-4180.466,0.000000,0.000000,0.000000,-6843.267414,-885.362351,-4.180466,0.977647,-7.527062,-0.007200,-820.703908,-6834.069261,-7.355365,7.557337,-0.886928,0.002717
19,13,77.271,-0.040,6840.615280,1507270.921,6672490.479,-4752.723,0.000000,0.000000,0.000000,1507.270921,6672.490479,-4.752723,-7.442341,1.697913,0.003616,-5426.279007,4187.223369,0.946469,-4.659930,-6.027334,0.006327
8,9,11.699,0.025,6867.171082,6724514.448,1392456.425,3034.236,0.000000,0.000000,0.000000,6724.514448,1392.456425,3.034236,-1.532515,7.464043,-0.002307,260.425533,6874.907956,-1.299011,-7.600061,0.293008,-0.003817
9,14,181.405,0.046,6891.224509,-6889151.222,-168938.962,5504.420,0.000000,0.000000,0.000000,-6889.151222,-168.938962,5.504420,0.168279,-7.604644,-0.000551,-3245.480799,-6096.598485,2.263908,6.694266,-3.575963,-0.005553
7,15,347.553,-0.109,6844.429598,6683551.939,-1475188.563,-12988.906,0.000000,0.000000,0.000000,6683.551939,-1475.188563,-12.988906,1.637937,7.454492,-0.000222,4827.908673,4844.970439,-7.143105,-5.411608,5.389428,0.012106
7,4,305.415,-0.079,6849.243545,3969095.569,-5581964.468,-9496.662,0.000000,0.000000,0.000000,3969.095569,-5581.964468,-9.496662,6.211895,4.425233,-0.009876,6339.659540,2570.748961,-10.816336,-2.873982,7.074585,0.008026
19,12,73.434,-0.042,6839.636932,1950100.011,6555739.372,-4958.866,0.000000,0.000000,0.000000,1950.100011,6555.739372,-4.958866,-7.313106,2.192372,0.003253,-5426.279007,4187.223369,0.946469,-4.659930,-6.027334,0.006327
5,5,9.857,-0.045,6861.378992,6760084.463,1174627.884,-5389.456,0.000000,0.000000,0.000000,6760.084463,1174.627884,-5.389456,-1.310558,7.506270,0.002672,441.540270,6838.866207,1.070760,-7.613518,0.486044,0.006450
9,22,211.723,0.037,6899.832892,-5869005.114,-3628009.463,4498.690,0.000000,0.000000,0.000000,-5869.005114,-3628.009463,4.498690,3.980269,-6.470861,-0.003540,-3245.480799,-6096.598485,2.263908,6.694266,-3.575963,-0.005553
14,2,86.146,-0.026,6854.317116,460719.751,6838814.987,-3165.257,0.000000,0.000000,0.000000,460.719751,6838.814987,-3.165257,-7.609316,0.519994,-0.005878,-6546.776969,2057.397361,-5.882227,-2.287865,-7.266358,0.002037
5,13,40.414,-0.029,6858.029501,5221589.109,4446072.888,-3418.326,0.000000,0.000000,0.000000,5221.589109,4446.072888,-3.418326,-4.948017,5.799612,0.005346,-1824.691454,6604.300241,2.911005,-7.354035,-2.035513,0.005704
19,18,96.438,-0.029,6845.430751,-767620.626,6802254.701,-3424.414,0.000000,0.000000,0.000000,-767.620626,6802.254701,-3.424414,-7.581803,-0.840011,0.005156,-5426.279007,4187.223369,0.946469,-4.659930,-6.027334,0.006327
9,6,151.011,0.042,6883.167499,-6020819.067,3335821.873,5001.225,0.000000,0.000000,0.000000,-6020.819067,3335.821873,5.001225,-3.703433,-6.654241,0.002600,-4721.020679,-5037.021212,3.502817,5.530107,-5.202837,-0.004711
16,22,273.737,-0.031,6866.792073,447557.964,-6852190.297,-3658.150,0.000000,0.000000,0.000000,447.557964,-6852.190297,-3.658150,7.601244,0.495254,-0.002646,3864.136841,-5676.593855,-4.362275,6.296461,4.286694,-0.000219
13,19,126.274,-0.001,6853.781259,-4054994.496,5525516.913,-122.596,0.000000,0.000000,0.000000,-4054.994496,5525.516913,-0.122596,-6.153766,-4.501188,-0.002240,-6717.534243,1391.471155,-1.440525,-1.551305,-7.457563,-0.001573
11,17,247.642,0.047,6920.098354,-2632358.227,-6399876.507,5664.723,0.000000,0.000000,0.000000,-2632.358227,-6399.876507,5.664723,7.016246,-2.887212,-0.000492,3102.663591,-6184.816493,3.376562,6.780962,3.404905,-0.005013
3,7,274.199,-0.040,6914.823179,506318.224,-6896259.749,-4788.553,0.000000,0.000000,0.000000,506.318224,-6896.259749,-4.788553,7.578508,0.562520,0.000213,6808.666094,-1230.495480,-1.011142,1.362462,7.471605,0.005143
7,6,313.072,-0.089,6848.416353,4676902.117,-5002727.346,-10593.556,0.000000,0.000000,0.000000,4676.902117,-5002.727346,-10.593556,5.567275,5.214390,-0.008378,5939.063255,3394.152800,-9.759326,-3.792680,6.628286,0.009565
4,1,222.755,0.039,6879.761084,-5051593.003,-4670385.312,4661.914,0.000000,0.000000,0.000000,-5051.593003,-4670.385312,4.661914,5.161689,-5.583932,0.005534,3312.032986,-6018.873152,5.972739,6.664629,3.683920,-0.003687
12,2,191.153,-0.038,6900.037174,-6769712.127,-1334724.514,-4603.013,0.000000,0.000000,0.000000,-6769.712127,-1334.724514,-4.603013,1.473313,-7.446225,-0.006880,-365.791031,-6872.213021,-7.176282,7.600870,-0.384020,0.003250
12,12,229.002,-0.062,6893.394332,-4522320.327,-5202638.612,-7466.741,0.000000,0.000000,0.000000,-4522.320327,-5202.638612,-7.466741,5.745000,-4.972251,-0.002313,3163.743133,-6101.044178,-4.699710,6.757280,3.523929,0.006827
11,6,206.173,0.038,6918.247850,-6208901.212,-3051504.290,4541.398,0.000000,0.000000,0.000000,-6208.901212,-3051.504290,4.541398,3.343703,-6.812793,0.003747,1387.080516,-6779.530289,4.449454,7.432889,1.522467,-0.003876
4,5,237.954,0.048,6879.434662,-3650246.944,-5831147.807,5811.045,0.000000,0.000000,0.000000,-3650.246944,-5831.147807,5.811045,6.447528,-4.032148,0.003986,4776.086714,-4933.185118,4.887982,5.463374,5.310412,-0.005300
18,9,274.791,0.019,6869.002584,573714.733,-6845001.282,2316.404,0.000000,0.000000,0.000000,573.714733,-6845.001282,2.316404,7.597535,0.623661,-0.009763,6800.937117,-1091.063400,-8.008314,1.217679,7.504021,-0.004845
18,5,259.524,0.038,6866.244840,-1248437.394,-6751792.471,4550.265,0.000000,0.000000,0.000000,-1248.437394,-6751.792471,4.550265,7.497247,-1.396213,-0.008743,6274.473498,-2832.874312,-6.579238,3.144280,6.925774,-0.006995
0,17,357.961,0.030,6839.502755,6835170.865,-243360.116,3610.453,0.000000,0.000000,0.000000,6835.170865,-243.360116,3.610453,0.275614,7.638686,-0.010146,4595.030905,5077.613720,-4.625452,-5.648975,5.135000,-0.009623
3,4,262.867,-0.039,6916.160315,-858806.668,-6862630.852,-4733.415,0.000000,0.000000,0.000000,-858.806668,-6862.630852,-4.733415,7.540162,-0.934813,-0.000823,6432.668703,-2542.739585,-1.911306,2.801903,7.061402,0.004826
1,15,67.382,0.051,6859.211685,2637924.594,6331674.414,6156.059,0.000000,0.000000,0.000000,2637.924594,6331.674414,6.156059,-7.036654,2.938725,0.011976,-3904.202010,5648.274257,12.398814,-6.270941,-4.325068,0.000728
6,8,136.278,-0.018,6835.723734,-4940218.064,4724548.626,-2173.950,0.000000,0.000000,0.000000,-4940.218064,4724.548626,-2.173950,-5.272584,-5.524681,0.001809,-5716.575293,-3737.292715,1.080727,4.182870,-6.397379,0.002777
19,4,42.702,-0.048,6832.354027,5021059.919,4633571.599,-5750.965,0.000000,0.000000,0.000000,5021.059919,4633.571599,-5.750965,-5.173387,5.625686,-0.000034,-3363.542715,5967.891965,-1.345714,-6.646490,-3.731967,0.006237
18,5,259.524,0.038,6866.244840,-1248437.394,-6751792.471,4550.265,0.000000,0.000000,0.000000,-1248.437394,-6751.792471,4.550265,7.497247,-1.396213,-0.008743,6274.473498,-2832.874312,-6.579238,3.144280,6.925774,-0.006995
7,3,301.587,-0.074,6849.637627,3587800.237,-5834821.863,-8883.343,0.000000,0.000000,0.000000,3587.800237,-5834.821863,-8.883343,6.493214,4.000223,-0.010560,6497.768499,2140.832308,-11.273280,-2.394359,7.250616,0.007200
0,10,331.066,0.061,6839.884063,5986127.675,-3309114.044,7327.957,0.000000,0.000000,0.000000,5986.127675,-3309.114044,7.327957,3.693037,6.691825,-0.007231,4595.030905,5077.613720,-4.625452,-5.648975,5.135000,-0.009623
16,19,262.296,-0.026,6866.517529,-920484.109,-6804539.830,-3112.375,0.000000,0.000000,0.000000,-920.484109,-6804.539830,-3.112375,7.548665,-1.022973,-0.003398,3864.136841,-5676.593855,-4.362275,6.296461,4.286694,-0.000219
1,12,55.915,0.033,6858.131514,3843473.368,5679935.315,3891.932,0.000000,0.000000,0.000000,3843.473368,5679.935315,3.891932,-6.313567,4.278756,0.013097,-3904.202010,5648.274257,12.398814,-6.270941,-4.325068,0.000728
4,12,264.563,0.057,6876.669648,-651524.523,-6845732.603,6809.104,0.000000,0.000000,0.000000,-651.524523,-6845.732603,6.809104,7.574272,-0.711229,0.000680,6122.601371,-3098.357235,3.058770,3.429600,6.808984,-0.006783
2,17,116.054,0.047,6846.299809,-3007065.450,6150556.659,5588.170,0.000000,0.000000,0.000000,-3007.065450,6150.556659,5.588170,-6.856562,-3.348456,-0.002121,-6640.833081,1674.785008,2.153135,-1.867725,-7.395558,-0.006125
12,17,247.961,-0.064,6887.995147,-2584578.283,-6384698.293,-7742.616,0.000000,0.000000,0.000000,-2584.578283,-6384.698293,-7.742616,7.055546,-2.835177,0.000492,3163.743133,-6101.044178,-4.699710,6.757280,3.523929,0.006827
16,20,266.110,-0.028,6866.620673,-465859.630,-6850798.737,-3309.230,0.000000,0.000000,0.000000,-465.859630,-6850.798737,-3.309230,7.599889,-0.518425,-0.003161,3864.136841,-5676.593855,-4.362275,6.296461,4.286694,-0.000219
4,6,241.754,0.050,6879.204973,-3255638.123,-6060053.220,6037.233,0.000000,0.000000,0.000000,-3255.638123,-6060.053220,6.037233,6.701274,-3.595223,0.003551,5093.064293,-4603.865097,4.559400,5.098619,5.662891,-0.005649
6,13,155.488,-0.013,6833.472072,-6217606.758,2835084.558,-1520.500,0.000000,0.000000,0.000000,-6217.606758,2835.084558,-1.520500,-3.163102,-6.953809,0.002507,-5164.717605,-4469.058891,1.403280,5.000945,-5.780411,0.002591
4,9,253.157,0.055,6878.175543,-1992998.379,-6583100.586,6552.776,0.000000,0.000000,0.000000,-1992.998379,-6583.100586,6.552776,7.281682,-2.197081,0.002158,5903.388519,-3499.717137,3.458631,3.874764,6.564746,-0.006541
18,4,255.706,0.042,6865.687058,-1695173.553,-6653121.054,5064.347,0.000000,0.000000,0.000000,-1695.173553,-6653.121054,5.064347,7.388454,-1.891640,-0.008387,6072.160665,-3241.888088,-6.145410,3.597041,6.703007,-0.007461
16,9,224.150,-0.005,6864.976584,-4925736.615,-4781738.386,-555.960,0.000000,0.000000,0.000000,-4925.736615,-4781.738386,-0.555960,5.304959,-5.469211,-0.004806,3478.069587,-5921.032494,-4.339510,6.567697,3.858253,-0.000540
4,8,249.355,0.053,6878.574032,-2425185.721,-6436863.666,6408.921,0.000000,0.000000,0.000000,-2425.185721,-6436.863666,6.408921,7.119276,-2.675679,0.002635,5657.977087,-3885.545836,3.843143,4.302565,6.291473,-0.006271
13,15,110.970,0.003,6850.822021,-2451802.500,6397063.912,413.079,0.000000,0.000000,0.000000,-2451.802500,6397.063912,0.413079,-7.126839,-2.718078,-0.002197,-6717.534243,1391.471155,-1.440525,-1.551305,-7.457563,-0.001573
2,11,93.061,0.049,6845.140506,-365564.304,6835369.531,5887.539,0.000000,0.000000,0.000000,-365.564304,6835.369531,5.887539,-7.621064,-0.404622,0.000480,-6640.833081,1674.785008,2.153135,-1.867725,-7.395558,-0.006125
1,5,29.146,-0.015,6856.550361,5988378.691,3339401.168,-1827.708,0.000000,0.000000,0.000000,5988.378691,3339.401168,-1.827708,-3.713687,6.663648,0.013643,-1843.079580,6611.753858,11.503505,-7.342870,-2.038264,0.005186
12,11,225.213,-0.061,6894.342572,-4856868.293,-4893131.556,-7311.709,0.000000,0.000000,0.000000,-4856.868293,-4893.131556,-7.311709,5.402554,-5.340862,-0.002853,3163.743133,-6101.044178,-4.699710,6.757280,3.523929,0.006827
18,4,255.706,0.042,6865.687058,-1695173.553,-6653121.054,5064.347,0.000000,0.000000,0.000000,-1695.173553,-6653.121054,5.064347,7.388454,-1.891640,-0.008387,6072.160665,-3241.888088,-6.145410,3.597041,6.703007,-0.007461
2,19,123.717,0.044,6846.709548,-3800550.622,5695017.004,5284.507,0.000000,0.000000,0.000000,-3800.550622,5695.017004,5.284507,-6.348492,-4.232527,-0.002932,-6640.833081,1674.785008,2.153135,-1.867725,-7.395558,-0.006125
17,7,350.852,-0.032,6914.587741,6826646.125,-1099277.697,-3853.587,0.000000,0.000000,0.000000,6826.646125,-1099.277697,-3.853587,1.205351,7.490802,0.001943,2769.291951,6326.997233,0.748702,-6.962912,3.036062,0.004584
8,18,45.995,0.011,6874.009724,4775543.164,4944309.395,1333.393,0.000000,0.000000,0.000000,4775.543164,4944.309395,1.333393,-5.467067,5.296813,-0.003802,-195.816801,6877.334207,-1.525000,-7.602435,-0.212153,-0.003713
14,10,116.732,-0.045,6857.990520,-3084855.421,6125003.811,-5414.024,0.000000,0.000000,0.000000,-3084.855421,6125.003811,-5.414024,-6.811641,-3.422187,-0.003269,-6685.499786,-1553.052955,-4.134110,1.723290,-7.419328,0.005073
4,16,279.782,0.056,6874.025549,1167846.519,-6774091.558,6731.347,0.000000,0.000000,0.000000,1167.846519,-6774.091558,6.731347,7.497782,1.305107,-0.001325,6122.601371,-3098.357235,3.058770,3.429600,6.808984,-0.006783
8,12,23.139,0.021,6869.498284,6316895.693,2699412.700,2561.364,0.000000,0.000000,0.000000,6316.895693,2699.412700,2.561364,-2.981284,7.009505,-0.002929,-195.816801,6877.334207,-1.525000,-7.602435,-0.212153,-0.003713
17,12,9.715,-0.025,6913.808595,6814666.500,1166644.909,-3074.009,0.000000,0.000000,0.000000,6814.666500,1166.644909,-3.074009,-1.284632,7.478482,0.003207,1470.025489,6746.278451,1.553833,-7.426237,1.607185,0.004332
11,7,209.944,0.039,6918.489838,-5994975.720,-3453367.217,4756.213,0.000000,0.000000,0.000000,-5994.975720,-3453.367217,4.756213,3.784565,-6.577807,0.003411,1829.729718,-6673.574247,4.207407,7.316761,2.008130,-0.004189
19,16,88.775,-0.034,6843.537214,146342.938,6841971.152,-4010.708,0.000000,0.000000,0.000000,146.342938,6841.971152,-4.010708,-7.628202,0.179199,0.004601,-5426.279007,4187.223369,0.946469,-4.659930,-6.027334,0.006327
19,9,61.917,-0.046,6836.750048,3218375.370,6031847.279,-5440.673,0.000000,0.000000,0.000000,3218.375370,6031.847279,-5.440673,-6.731260,3.609346,0.002082,-5134.803148,4539.267156,0.565026,-5.052338,-5.703091,0.006383
7,5,309.243,-0.084,6848.835848,4332671.714,-5304187.679,-10067.585,0.000000,0.000000,0.000000,4332.671714,-5304.187679,-10.067585,5.902792,4.830560,-0.009148,6153.147039,2989.147854,-10.310932,-3.340789,6.866833,0.008815
14,7,105.266,-0.039,6856.604874,-1805363.454,6614655.766,-4721.446,0.000000,0.000000,0.000000,-1805.363454,6614.655766,-4.721446,-7.357512,-2.000077,-0.004401,-6860.552838,-195.532904,-4.958951,0.215246,-7.613991,0.004061
10,4,116.896,0.026,6826.295045,-3088017.365,6087893.149,3130.509,0.000000,0.000000,0.000000,-3088.017365,6087.893149,3.130509,-6.811091,-3.453897,-0.002358,-6622.080116,-1633.406352,-1.346461,1.839095,-7.418651,-0.003946
12,14,236.582,-0.064,6891.352617,-3795357.692,-5752038.067,-7678.163,0.000000,0.000000,0.000000,-3795.357692,-5752.038067,-7.678163,6.353431,-4.170909,-0.001205,3163.743133,-6101.044178,-4.699710,6.757280,3.523929,0.006827
19,5,46.547,-0.048,6833.172654,4699599.762,4960441.276,-5740.055,0.000000,0.000000,0.000000,4699.599762,4960.441276,-5.740055,-5.537914,5.265909,0.000397,-3754.532466,5730.828001,-0.968797,-6.381671,-4.167205,0.006323
4,17,283.588,0.055,6873.269644,1614803.131,-6680883.355,6637.067,0.000000,0.000000,0.000000,1614.803131,-6680.883355,6.637067,7.395283,1.800716,-0.001817,6122.601371,-3098.357235,3.058770,3.429600,6.808984,-0.006783
14,6,101.443,-0.037,6856.139655,-1360223.136,6719852.990,-4447.102,0.000000,0.000000,0.000000,-1360.223136,6719.852990,-4.447102,-7.474999,-1.505180,-0.004741,-6858.238209,261.402390,-5.191431,-0.292376,-7.611554,0.003685
15,7,264.230,0.098,6901.757498,-693885.021,-6866778.025,11819.222,0.000000,0.000000,0.000000,-693.885021,-6866.778025,11.819222,7.561783,-0.759928,-0.001027,6481.791692,-2361.289025,2.009826,2.602171,7.144307,-0.012872
10,13,151.512,0.012,6825.244434,-5998817.232,3255480.226,1378.462,0.000000,0.000000,0.000000,-5998.817232,3255.480226,1.378462,-3.639060,-6.715324,-0.003932,-5445.787127,-4100.949425,-2.620440,4.607575,-6.102966,-0.003035
15,18,305.885,0.068,6899.380379,4044183.458,-5589808.792,8212.271,0.000000,0.000000,0.000000,4044.183458,-5589.808792,8.212271,6.157875,4.458513,-0.009419,6820.041788,-1037.435744,-0.331324,1.143835,7.516924,-0.013056
2,22,135.209,0.039,6847.321075,-4859431.295,4824076.257,4654.239,0.000000,0.000000,0.000000,-4859.431295,4824.076257,4.654239,-5.377422,-5.412075,-0.004047,-6640.833081,1674.785008,2.153135,-1.867725,-7.395558,-0.006125
13,11,95.654,0.008,6847.835630,-674603.682,6814525.798,919.424,0.000000,0.000000,0.000000,-674.603682,6814.525798,0.919424,-7.594967,-0.739601,-0.001997,-6717.534243,1391.471155,-1.440525,-1.551305,-7.457563,-0.001573
2,16,112.223,0.048,6846.097071,-2589257.302,6337567.294,5702.847,0.000000,0.000000,0.000000,-2589.257302,6337.567294,5.702847,-7.065191,-2.882902,-0.001700,-6640.833081,1674.785008,2.153135,-1.867725,-7.395558,-0.006125
4,9,253.157,0.055,6878.175543,-1992998.379,-6583100.586,6552.776,0.000000,0.000000,0.000000,-1992.998379,-6583.100586,6.552776,7.281682,-2.197081,0.002158,5903.388519,-3499.717137,3.458631,3.874764,6.564746,-0.006541
17,7,350.852,-0.032,6914.587741,6826646.125,-1099277.697,-3853.587,0.000000,0.000000,0.000000,6826.646125,-1099.277697,-3.853587,1.205351,7.490802,0.001943,2769.291951,6326.997233,0.748702,-6.962912,3.036062,0.004584
10,5,120.742,0.025,6826.327186,-3489413.036,5867088.769,2982.063,0.000000,0.000000,0.000000,-3489.413036,5867.088769,2.982063,-6.563737,-3.903482,-0.002588,-6496.847806,-2074.497382,-1.579975,2.333762,-7.278838,-0.003835
3,5,266.644,-0.040,6915.662549,-404862.033,-6903799.856,-4772.520,0.000000,0.000000,0.000000,-404.862033,-6903.799856,-4.772520,7.585860,-0.436973,-0.000480,6586.721674,-2113.851433,-1.617827,2.331362,7.229699,0.004953
5,16,51.880,-0.020,6856.691011,4232673.465,5394319.348,-2394.248,0.000000,0.000000,0.000000,4232.673465,5394.319348,-2.394248,-6.003341,4.701166,0.005995,-1824.691454,6604.300241,2.911005,-7.354035,-2.035513,0.005704
6,6,128.598,-0.020,6836.678703,-4265085.820,5343146.359,-2370.828,0.000000,0.000000,0.000000,-4265.085820,5343.146359,-2.370828,-5.962722,-4.769895,0.001468,-6165.595365,-2938.294907,0.738732,3.289567,-6.899251,0.002914
9,14,181.405,0.046,6891.224509,-6889151.222,-168938.962,5504.420,0.000000,0.000000,0.000000,-6889.151222,-168.938962,5.504420,0.168279,-7.604644,-0.000551,-3245.480799,-6096.598485,2.263908,6.694266,-3.575963,-0.005553
7,8,320.731,-0.096,6847.549499,5301254.943,-4334224.025,-11501.421,0.000000,0.000000,0.000000,5301.254943,-4334.224025,-11.501421,4.823057,5.910778,-0.006730,5432.126832,4156.782970,-8.527574,-4.643658,6.063200,0.010934
8,10,15.513,0.024,6867.942986,6617740.302,1836884.810,2889.171,0.000000,0.000000,0.000000,6617.740302,1836.884810,2.889171,-2.025282,7.344776,-0.002526,-195.816801,6877.334207,-1.525000,-7.602435,-0.212153,-0.003713
5,18,59.527,-0.014,6855.816269,3476777.417,5908826.682,-1655.723,0.000000,0.000000,0.000000,3476.777417,5908.826682,-1.655723,-6.576262,3.861175,0.006296,-1824.691454,6604.300241,2.911005,-7.354035,-2.035513,0.005704
7,10,328.392,-0.102,6846.658444,5830977.566,-3588353.875,-12203.980,0.000000,0.000000,0.000000,5830.977566,-3588.353875,-12.203980,3.992442,6.501903,-0.004962,4827.908673,4844.970439,-7.143105,-5.411608,5.389428,0.012106
8,20,53.607,0.007,6875.373563,4079300.600,5534443.738,866.740,0.000000,0.000000,0.000000,4079.300600,5534.443738,0.866740,-6.119825,4.524354,-0.003964,-195.816801,6877.334207,-1.525000,-7.602435,-0.212153,-0.003713
7,10,328.392,-0.102,6846.658444,5830977.566,-3588353.875,-12203.980,0.000000,0.000000,0.000000,5830.977566,-3588.353875,-12.203980,3.992442,6.501903,-0.004962,4827.908673,4844.970439,-7.143105,-5.411608,5.389428,0.012106
13,5,72.654,0.013,6843.766308,2040366.945,6532536.844,1546.329,0.000000,0.000000,0.000000,2040.366945,6532.536844,1.546329,-7.285179,2.286028,-0.001438,-5890.827818,3510.896996,-0.898068,-3.909334,-6.540637,-0.002010
18,19,312.893,-0.030,6878.365835,4681604.279,-5039294.085,-3612.788,0.000000,0.000000,0.000000,4681.604279,-5039.294085,-3.612788,5.588839,5.168983,-0.009268,6859.019589,-638.757248,-8.281235,0.717725,7.567333,-0.004249
14,11,120.553,-0.047,6858.442217,-3486391.788,5906206.109,-5597.991,0.000000,0.000000,0.000000,-3486.391788,5906.206109,-5.597991,-6.567953,-3.868352,-0.002861,-6685.499786,-1553.052955,-4.134110,1.723290,-7.419328,0.005073
11,19,255.180,0.046,6920.207648,-1770073.509,-6689998.713,5556.830,0.000000,0.000000,0.000000,-1770.073509,-6689.998713,5.556830,7.334417,-1.941185,-0.001303,3102.663591,-6184.816493,3.376562,6.780962,3.404905,-0.005013
14,11,120.553,-0.047,6858.442217,-3486391.788,5906206.109,-5597.991,0.000000,0.000000,0.000000,-3486.391788,5906.206109,-5.597991,-6.567953,-3.868352,-0.002861,-6685.499786,-1553.052955,-4.134110,1.723290,-7.419328,0.005073
12,7,210.068,-0.053,6897.557991,-5969339.199,-3455901.482,-6380.506,0.000000,0.000000,0.000000,-5969.339199,-3455.901482,-6.380506,3.814258,-6.565814,-0.004862,1892.778600,-6610.248288,-5.827359,7.317597,2.115481,0.005661
11,11,225.025,0.045,6919.326711,-4890543.519,-4894858.226,5401.527,0.000000,0.000000,0.000000,-4890.543519,-4894.858226,5.401527,5.365716,-5.365224,0.001936,3102.663591,-6184.816493,3.376562,6.780962,3.404905,-0.005013
0,19,5.644,0.020,6840.091857,6806929.852,672723.573,2364.199,0.000000,0.000000,0.000000,6806.929852,672.723573,2.364199,-0.745550,7.606549,-0.010594,4595.030905,5077.613720,-4.625452,-5.648975,5.135000,-0.009623
11,18,251.411,0.047,6920.162688,-2205990.158,-6559133.132,5622.946,0.000000,0.000000,0.000000,-2205.990158,-6559.133132,5.622946,7.190896,-2.419429,-0.000900,3102.663591,-6184.816493,3.376562,6.780962,3.404905,-0.005013
1,12,55.915,0.033,6858.131514,3843473.368,5679935.315,3891.932,0.000000,0.000000,0.000000,3843.473368,5679.935315,3.891932,-6.313567,4.278756,0.013097,-3904.202010,5648.274257,12.398814,-6.270941,-4.325068,0.000728
1,17,75.025,0.063,6860.036749,1772605.145,6627059.562,7534.273,0.000000,0.000000,0.000000,1772.605145,6627.059562,7.534273,-7.363941,1.977122,0.010960,-3904.202010,5648.274257,12.398814,-6.270941,-4.325068,0.000728
8,17,42.187,0.013,6873.293531,5092779.616,4615815.997,1558.397,0.000000,0.000000,0.000000,5092.779616,4615.815997,1.558397,-5.103570,5.648956,-0.003695,-195.816801,6877.334207,-1.525000,-7.602435,-0.212153,-0.003713
1,3,21.496,-0.029,6856.377521,6379460.445,2512446.076,-3443.726,0.000000,0.000000,0.000000,6379.460445,2512.446076,-3.443726,-2.794657,7.098486,0.013251,-948.204745,6797.021401,10.781034,-7.549655,-1.044887,0.006837
4,19,291.204,0.053,6871.666691,2485369.047,-6406457.941,6361.082,0.000000,0.000000,0.000000,2485.369047,-6406.457941,6.361082,7.092729,2.766412,-0.002776,6122.601371,-3098.357235,3.058770,3.429600,6.808984,-0.006783
15,3,249.090,0.097,6902.764976,-2463582.437,-6448161.762,11652.632,0.000000,0.000000,0.000000,-2463.582437,-6448.161762,11.652632,7.099824,-2.708078,0.002407,5639.195035,-3973.920953,4.993287,4.378471,6.215903,-0.011845
18,10,278.606,0.014,6869.808328,1027961.055,-6792463.437,1725.950,0.000000,0.000000,0.000000,1027.961055,-6792.463437,1.725950,7.538429,1.126925,-0.009912,6859.019589,-638.757248,-8.281235,0.717725,7.567333,-0.004249
6,5,124.759,-0.021,6837.159352,-3898018.075,5617134.240,-2453.512,0.000000,0.000000,0.000000,-3898.018075,5617.134240,-2.453512,-6.268282,-4.359633,0.001287,-6348.942045,-2518.036273,0.562356,2.819699,-7.104113,0.002963
13,18,122.449,0.000,6853.055650,-3677008.546,5783077.026,12.002,0.000000,0.000000,0.000000,-3677.008546,5783.077026,0.012002,-6.441102,-4.080938,-0.002245,-6717.534243,1391.471155,-1.440525,-1.551305,-7.457563,-0.001573
11,20,258.949,0.045,6920.233037,-1326495.285,-6791907.366,5466.662,0.000000,0.000000,0.000000,-1326.495285,-6791.907366,5.466662,7.446190,-1.454546,-0.001701,3102.663591,-6184.816493,3.376562,6.780962,3.404905,-0.005013
12,23,270.756,-0.058,6880.714204,90731.498,-6880112.443,-6965.616,0.000000,0.000000,0.000000,90.731498,-6880.112443,-6.965616,7.610966,0.120848,0.003769,3163.743133,-6101.044178,-4.699710,6.757280,3.523929,0.006827
12,6,206.284,-0.050,6898.199978,-6184982.733,-3054687.320,-6075.082,0.000000,0.000000,0.000000,-6184.982733,-3054.687320,-6.075082,3.371262,-6.803110,-0.005316,1449.870428,-6722.502162,-6.153908,7.440571,1.624981,0.005220
2,19,123.717,0.044,6846.709548,-3800550.622,5695017.004,5284.507,0.000000,0.000000,0.000000,-3800.550622,5695.017004,5.284507,-6.348492,-4.232527,-0.002932,-6640.833081,1674.785008,2.153135,-1.867725,-7.395558,-0.006125
8,20,53.607,0.007,6875.373563,4079300.600,5534443.738,866.740,0.000000,0.000000,0.000000,4079.300600,5534.443738,0.866740,-6.119825,4.524354,-0.003964,-195.816801,6877.334207,-1.525000,-7.602435,-0.212153,-0.003713
5,6,13.675,-0.044,6860.999984,6666498.857,1622062.440,-5217.282,0.000000,0.000000,0.000000,6666.498857,1622.062440,-5.217282,-1.807822,7.402692,0.003065,-15.915300,6852.766962,1.455114,-7.629338,-0.022870,0.006357
17,20,39.911,-0.010,6910.627336,5300753.304,4433822.638,-1187.378,0.000000,0.000000,0.000000,5300.753304,4433.822638,-1.187378,-4.877316,5.817459,0.004471,1470.025489,6746.278451,1.553833,-7.426237,1.607185,0.004332
17,10,2.169,-0.028,6914.243284,6909287.809,261706.679,-3431.122,0.000000,0.000000,0.000000,6909.287809,261.706679,-3.431122,-0.290138,7.581988,0.002736,1470.025489,6746.278451,1.553833,-7.426237,1.607185,0.004332
2,22,135.209,0.039,6847.321075,-4859431.295,4824076.257,4654.239,0.000000,0.000000,0.000000,-4859.431295,4824.076257,4.654239,-5.377422,-5.412075,-0.004047,-6640.833081,1674.785008,2.153135,-1.867725,-7.395558,-0.006125
9,17,192.783,0.044,6894.518421,-6723636.133,-1525474.792,5297.728,0.000000,0.000000,0.000000,-6723.636133,-1525.474792,5.297728,1.664373,-7.418458,-0.001738,-3245.480799,-6096.598485,2.263908,6.694266,-3.575963,-0.005553
9,11,170.016,0.046,6888.009530,-6783690.881,1194229.094,5494.603,0.000000,0.000000,0.000000,-6783.690881,1194.229094,5.494603,-1.336553,-7.491766,0.000660,-3245.480799,-6096.598485,2.263908,6.694266,-3.575963,-0.005553
19,20,104.098,-0.023,6847.241185,-1667871.316,6641002.139,-2776.934,0.000000,0.000000,0.000000,-1667.871316,6641.002139,-2.776934,-7.400031,-1.843392,0.005619,-5426.279007,4187.223369,0.946469,-4.659930,-6.027334,0.006327
10,19,174.601,-0.001,6823.038416,-6792772.371,641947.610,-109.571,0.000000,0.000000,0.000000,-6792.772371,641.947610,-0.109571,-0.711418,-7.607232,-0.004222,-5445.787127,-4100.949425,-2.620440,4.607575,-6.102966,-0.003035
1,16,71.204,0.057,6859.614889,2210175.975,6493796.387,6860.410,0.000000,0.000000,0.000000,2210.175975,6493.796387,6.860410,-7.216347,2.463354,0.011494,-3904.202010,5648.274257,12.398814,-6.270941,-4.325068,0.000728
15,3,249.090,0.097,6902.764976,-2463582.437,-6448161.762,11652.632,0.000000,0.000000,0.000000,-2463.582437,-6448.161762,11.652632,7.099824,-2.708078,0.002407,5639.195035,-3973.920953,4.993287,4.378471,6.215903,-0.011845
8,8,7.884,0.026,6866.407575,6801502.921,941860.385,3165.861,0.000000,0.000000,0.000000,6801.502921,941.860385,3.165861,-1.032792,7.550284,-0.002078,715.520647,6842.197680,-1.067300,-7.564206,0.796946,-0.003904
0,11,334.908,0.058,6839.596770,6194126.929,-2900487.589,6878.009,0.000000,0.000000,0.000000,6194.126929,-2900.487589,6.878009,3.237672,6.923974,-0.007762,4595.030905,5077.613720,-4.625452,-5.648975,5.135000,-0.009623
4,17,283.588,0.055,6873.269644,1614803.131,-6680883.355,6637.067,0.000000,0.000000,0.000000,1614.803131,-6680.883355,6.637067,7.395283,1.800716,-0.001817,6122.601371,-3098.357235,3.058770,3.429600,6.808984,-0.006783
12,8,213.853,-0.055,6896.848033,-5727602.760,-3842009.251,-6658.039,0.000000,0.000000,0.000000,-5727.602760,-3842.009251,-6.658039,4.240709,-6.299743,-0.004386,2327.334599,-6468.826314,-5.475097,7.162263,2.596891,0.006077
6,4,120.920,-0.021,6837.639236,-3513456.051,5865912.591,-2525.185,0.000000,0.000000,0.000000,-3513.456051,5865.912591,-2.525185,-6.545649,-3.929893,0.001101,-6503.705809,-2086.441429,0.383449,2.337162,-7.276983,0.002998
9,1,131.983,0.033,6879.422465,-4601735.843,5113752.534,3962.756,0.000000,0.000000,0.000000,-4601.735843,5113.752534,3.962756,-5.670700,-5.089257,0.004260,-6094.830972,-3232.117902,4.701089,3.544487,-6.720739,-0.003205
5,19,63.351,-0.011,6855.390045,3074755.716,6127172.947,-1274.574,0.000000,0.000000,0.000000,3074.755716,6127.172947,-1.274574,-6.819497,3.414320,0.006405,-1824.691454,6604.300241,2.911005,-7.354035,-2.035513,0.005704
1,17,75.025,0.063,6860.036749,1772605.145,6627059.562,7534.273,0.000000,0.000000,0.000000,1772.605145,6627.059562,7.534273,-7.363941,1.977122,0.010960,-3904.202010,5648.274257,12.398814,-6.270941,-4.325068,0.000728
9,12,173.813,0.046,6889.064483,-6848939.657,742431.500,5522.103,0.000000,0.000000,0.000000,-6848.939657,742.431500,5.522103,-0.837649,-7.562641,0.000257,-3245.480799,-6096.598485,2.263908,6.694266,-3.575963,-0.005553
0,21,13.326,0.009,6840.978105,6656786.475,1576760.636,1075.604,0.000000,0.000000,0.000000,6656.786475,1576.760636,1.075604,-1.753034,7.438226,-0.010851,4595.030905,5077.613720,-4.625452,-5.648975,5.135000,-0.009623
3,3,259.091,-0.039,6916.707318,-1309027.610,-6791705.603,-4673.785,0.000000,0.000000,0.000000,-1309.027610,-6791.705603,-4.673785,7.461784,-1.428488,-0.001164,6250.733867,-2960.606354,-2.196500,3.260419,6.862450,0.004677
11,8,213.715,0.041,6918.719684,-5755082.293,-3840271.521,4950.425,0.000000,0.000000,0.000000,-5755.082293,-3840.271521,4.950425,4.208989,-6.314353,0.003060,2264.457940,-6538.728074,3.947147,7.168951,2.485125,-0.004483
17,1,328.219,-0.035,6914.138353,5877475.957,-3641506.224,-4237.753,0.000000,0.000000,0.000000,5877.475957,-3641.506224,-4.237753,3.999059,6.448256,0.000163,4996.805930,4772.980850,-0.916737,-5.250607,5.483707,0.004547
3,9,281.756,-0.039,6914.203831,1408720.592,-6769172.669,-4721.577,0.000000,0.000000,0.000000,1408.720592,-6769.172669,-4.721577,7.439761,1.552577,0.000902,6912.793348,-325.845373,-0.386959,0.370594,7.584114,0.005245
17,2,331.991,-0.035,6914.317701,6104492.754,-3246989.327,-4218.755,0.000000,0.000000,0.000000,6104.492754,-3246.989327,-4.218755,3.565436,6.697548,0.000470,4671.135420,5091.388875,-0.642111,-5.601157,5.126034,0.004604
1,0,10.021,-0.048,6856.366494,6751764.139,1193067.273,-5744.241,0.000000,0.000000,0.000000,6751.764139,1193.067273,-5.744241,-1.328229,7.512299,0.012225,420.582497,6848.486421,9.343812,-7.608412,0.475121,0.009079
17,4,339.536,-0.034,6914.552305,6478187.209,-2417458.799,-4126.001,0.000000,0.000000,0.000000,6478.187209,-2417.458799,-4.126001,2.653807,7.107945,0.001074,3960.357617,5660.491467,-0.085689,-6.228008,4.345184,0.004657
1,8,40.620,0.005,6857.050156,5204814.566,4464195.533,648.101,0.000000,0.000000,0.000000,5204.814566,4464.195533,0.648101,-4.963453,5.792351,0.013774,-3119.345079,6115.741798,12.201939,-6.790708,-3.454480,0.002549
11,22,266.487,0.043,6920.224753,-424059.072,-6907217.771,5215.834,0.000000,0.000000,0.000000,-424.059072,-6907.217771,5.215834,7.572701,-0.464519,-0.002473,3102.663591,-6184.816493,3.376562,6.780962,3.404905,-0.005013
0,3,304.189,0.079,6843.889426,3845771.955,-5661163.393,9464.865,0.000000,0.000000,0.000000,3845.771955,-5661.163393,9.464865,6.311205,4.303437,-0.002759,6387.475574,2452.572333,-0.232248,-2.728692,7.136854,-0.010914
11,5,202.402,0.036,6917.994766,-6395929.308,-2636422.070,4306.910,0.000000,0.000000,0.000000,-6395.929308,-2636.422070,4.306910,2.888308,-7.018290,0.004067,938.426866,-6856.138908,4.672239,7.516837,1.030235,-0.003547
8,13,26.950,0.020,6870.274792,6124176.311,3113701.105,2380.082,0.000000,0.000000,0.000000,6124.176311,3113.701105,2.380082,-3.440301,6.795029,-0.003111,-195.816801,6877.334207,-1.525000,-7.602435,-0.212153,-0.003713
8,9,11.699,0.025,6867.171082,6724514.448,1392456.425,3034.236,0.000000,0.000000,0.000000,6724.514448,1392.456425,3.034236,-1.532515,7.464043,-0.002307,260.425533,6874.907956,-1.299011,-7.600061,0.293008,-0.003817
10,1,105.358,0.029,6825.973696,-1807823.352,6582224.507,3488.785,0.000000,0.000000,0.000000,-1807.823352,6582.224507,3.488785,-7.365140,-2.020044,-0.001609,-6816.595771,-273.964861,-0.613755,0.315030,-7.634981,-0.004168
11,6,206.173,0.038,6918.247850,-6208901.212,-3051504.290,4541.398,0.000000,0.000000,0.000000,-6208.901212,-3051.504290,4.541398,3.343703,-6.812793,0.003747,1387.080516,-6779.530289,4.449454,7.432889,1.522467,-0.003876
0,18,1.803,0.025,6839.759370,6836373.581,215163.981,2994.037,0.000000,0.000000,0.000000,6836.373581,215.163981,2.994037,-0.235529,7.639741,-0.010393,4595.030905,5077.613720,-4.625452,-5.648975,5.135000,-0.009623
10,17,166.903,0.003,6823.885624,-6646385.341,1546278.357,396.591,0.000000,0.000000,0.000000,-6646.385341,1546.278357,0.396591,-1.724629,-7.442261,-0.004201,-5445.787127,-4100.949425,-2.620440,4.607575,-6.102966,-0.003035
12,20,259.352,-0.062,6884.401879,-1272007.016,-6765865.141,-7502.095,0.000000,0.000000,0.000000,-1272.007016,-6765.865141,-7.502095,7.480594,-1.385666,0.002172,3163.743133,-6101.044178,-4.699710,6.757280,3.523929,0.006827
8,12,23.139,0.021,6869.498284,6316895.693,2699412.700,2561.364,0.000000,0.000000,0.000000,6316.895693,2699.412700,2.561364,-2.981284,7.009505,-0.002929,-195.816801,6877.334207,-1.525000,-7.602435,-0.212153,-0.003713
3,19,319.546,-0.027,6914.642551,5261566.799,-4486444.695,-3230.308,0.000000,0.000000,0.000000,5261.566799,-4486.444695,-3.230308,4.935114,5.779087,0.003888,6920.055730,129.578204,-0.071676,-0.128573,7.591197,0.005261
18,13,290.044,-0.001,6872.448325,2355494.356,-6456174.743,-80.619,0.000000,0.000000,0.000000,2355.494356,-6456.174743,-0.080619,7.163048,2.596929,-0.010094,6859.019589,-638.757248,-8.281235,0.717725,7.567333,-0.004249
19,4,42.702,-0.048,6832.354027,5021059.919,4633571.599,-5750.965,0.000000,0.000000,0.000000,5021.059919,4633.571599,-5.750965,-5.173387,5.625686,-0.000034,-3363.542715,5967.891965,-1.345714,-6.646490,-3.731967,0.006237
4,5,237.954,0.048,6879.434662,-3650246.944,-5831147.807,5811.045,0.000000,0.000000,0.000000,-3650.246944,-5831.147807,5.811045,6.447528,-4.032148,0.003986,4776.086714,-4933.185118,4.887982,5.463374,5.310412,-0.005300
11,17,247.642,0.047,6920.098354,-2632358.227,-6399876.507,5664.723,0.000000,0.000000,0.000000,-2632.358227,-6399.876507,5.664723,7.016246,-2.887212,-0.000492,3102.663591,-6184.816493,3.376562,6.780962,3.404905,-0.005013
2,9,85.395,0.048,6844.800414,549504.033,6822705.083,5777.451,0.000000,0.000000,0.000000,549.504033,6822.705083,5.777451,-7.607325,0.615407,0.001352,-6514.026354,2114.448882,2.515528,-2.357599,-7.254450,-0.005951
1,19,82.666,0.073,6860.928857,875815.324,6804793.548,8778.731,0.000000,0.000000,0.000000,875.815324,6804.793548,8.778731,-7.560398,0.980787,0.009750,-3904.202010,5648.274257,12.398814,-6.270941,-4.325068,0.000728
19,14,81.107,-0.038,6841.594364,1057687.334,6759340.978,-4525.282,0.000000,0.000000,0.000000,1057.687334,6759.340978,-4.525282,-7.538177,1.196059,0.003963,-5426.279007,4187.223369,0.946469,-4.659930,-6.027334,0.006327
5,9,25.132,-0.038,6859.780229,6210389.360,2913353.387,-4565.283,0.000000,0.000000,0.000000,6210.389360,2913.353387,-4.565283,-3.243287,6.897088,0.004155,-1379.709019,6711.615067,2.562555,-7.473199,-1.540327,0.005907
7,13,339.887,-0.108,6845.311317,6427859.436,-2353878.728,-12846.309,0.000000,0.000000,0.000000,6427.859436,-2353.878728,-12.846309,2.617184,7.168516,-0.002151,4827.908673,4844.970439,-7.143105,-5.411608,5.389428,0.012106
2,12,96.894,0.049,6845.321309,-821669.733,6795825.765,5903.180,0.000000,0.000000,0.000000,-821.669733,6795.825765,5.903180,-7.576785,-0.913005,0.000041,-6640.833081,1674.785008,2.153135,-1.867725,-7.395558,-0.006125
16,11,231.781,-0.009,6865.343019,-4247394.770,-5393752.977,-1126.051,0.000000,0.000000,0.000000,-4247.394770,-5393.752977,-1.126051,5.984003,-4.715970,-0.004681,3864.136841,-5676.593855,-4.362275,6.296461,4.286694,-0.000219
11,19,255.180,0.046,6920.207648,-1770073.509,-6689998.713,5556.830,0.000000,0.000000,0.000000,-1770.073509,-6689.998713,5.556830,7.334417,-1.941185,-0.001303,3102.663591,-6184.816493,3.376562,6.780962,3.404905,-0.005013
15,12,283.161,0.090,6900.559296,1571128.122,-6719312.219,10877.529,0.000000,0.000000,0.000000,1571.128122,-6719.312219,10.877529,7.400697,1.734292,-0.005194,6820.041788,-1037.435744,-0.331324,1.143835,7.516924,-0.013056
18,19,312.893,-0.030,6878.365835,4681604.279,-5039294.085,-3612.788,0.000000,0.000000,0.000000,4681.604279,-5039.294085,-3.612788,5.588839,5.168983,-0.009268,6859.019589,-638.757248,-8.281235,0.717725,7.567333,-0.004249
18,15,297.665,-0.011,6874.354578,3191739.635,-6088476.600,-1287.676,0.000000,0.000000,0.000000,3191.739635,-6088.476600,-1.287676,6.753897,3.522216,-0.009994,6859.019589,-638.757248,-8.281235,0.717725,7.567333,-0.004249
5,4,6.040,-0.046,6861.741355,6823650.981,721977.175,-5537.697,0.000000,0.000000,0.000000,6823.650981,721.977175,-5.537697,-0.807555,7.576502,0.002267,897.028063,6794.486463,0.681634,-7.563771,0.992719,0.006516
14,9,112.911,-0.043,6857.532369,-2669600.080,6316562.238,-5205.980,0.000000,0.000000,0.000000,-2669.600080,6316.562238,-5.205980,-7.025081,-2.960712,-0.003663,-6773.990611,-1104.777506,-4.429115,1.225312,-7.517663,0.004757
19,10,65.757,-0.044,6837.699968,2807579.661,6234710.031,-5303.624,0.000000,0.000000,0.000000,2807.579661,6234.710031,-5.303624,-6.956793,3.150249,0.002484,-5426.279007,4187.223369,0.946469,-4.659930,-6.027334,0.006327
4,9,253.157,0.055,6878.175543,-1992998.379,-6583100.586,6552.776,0.000000,0.000000,0.000000,-1992.998379,-6583.100586,6.552776,7.281682,-2.197081,0.002158,5903.388519,-3499.717137,3.458631,3.874764,6.564746,-0.006541
17,11,5.942,-0.027,6914.045935,6876899.931,715728.931,-3259.639,0.000000,0.000000,0.000000,6876.899931,715.728931,-3.259639,-0.789074,7.546613,0.002978,1470.025489,6746.278451,1.553833,-7.426237,1.607185,0.004332
5,3,2.223,-0.047,6862.085467,6856920.926,266120.880,-5661.351,0.000000,0.000000,0.000000,6856.920926,266.120880,-5.661351,-0.301045,7.613086,0.001853,1348.518689,6719.830014,0.289470,-7.480330,1.494893,0.006552
17,12,9.715,-0.025,6913.808595,6814666.500,1166644.909,-3074.009,0.000000,0.000000,0.000000,6814.666500,1166.644909,-3.074009,-1.284632,7.478482,0.003207,1470.025489,6746.278451,1.553833,-7.426237,1.607185,0.004332
8,13,26.950,0.020,6870.274792,6124176.311,3113701.105,2380.082,0.000000,0.000000,0.000000,6124.176311,3113.701105,2.380082,-3.440301,6.795029,-0.003111,-195.816801,6877.334207,-1.525000,-7.602435,-0.212153,-0.003713
0,19,5.644,0.020,6840.091857,6806929.852,672723.573,2364.199,0.000000,0.000000,0.000000,6806.929852,672.723573,2.364199,-0.745550,7.606549,-0.010594,4595.030905,5077.613720,-4.625452,-5.648975,5.135000,-0.009623
8,15,34.570,0.017,6871.808371,5658449.125,3899192.204,1986.785,0.000000,0.000000,0.000000,5658.449125,3899.192204,1.986785,-4.310274,6.277239,-0.003434,-195.816801,6877.334207,-1.525000,-7.602435,-0.212153,-0.003713
2,18,119.886,0.046,6846.504272,-3411431.946,5936052.825,5448.515,0.000000,0.000000,0.000000,-3411.431946,5936.052825,5.448515,-6.617304,-3.799001,-0.002532,-6640.833081,1674.785008,2.153135,-1.867725,-7.395558,-0.006125
10,18,170.752,0.001,6823.474539,-6734782.728,1096588.516,143.835,0.000000,0.000000,0.000000,-6734.782728,1096.588516,0.143835,-1.220827,-7.541764,-0.004221,-5445.787127,-4100.949425,-2.620440,4.607575,-6.102966,-0.003035
18,8,270.975,0.024,6868.240078,116929.341,-6867244.055,2896.606,0.000000,0.000000,0.000000,116.929341,-6867.244055,2.896606,7.623030,0.117463,-0.009570,6713.001568,-1538.580150,-7.700240,1.712464,7.407741,-0.005420
4,11,260.761,0.056,6877.221258,-1104209.804,-6787992.880,6753.316,0.000000,0.000000,0.000000,-1104.209804,-6787.992880,6.753316,7.509694,-1.212701,0.001179,6122.601371,-3098.357235,3.058770,3.429600,6.808984,-0.006783
0,10,331.066,0.061,6839.884063,5986127.675,-3309114.044,7327.957,0.000000,0.000000,0.000000,5986.127675,-3309.114044,7.327957,3.693037,6.691825,-0.007231,4595.030905,5077.613720,-4.625452,-5.648975,5.135000,-0.009623
6,16,167.020,-0.009,6832.294532,-6657712.051,1534639.282,-1041.607,0.000000,0.000000,0.000000,-6657.712051,1534.639282,-1.041607,-1.710325,-7.446849,0.002796,-5164.717605,-4469.058891,1.403280,5.000945,-5.780411,0.002591
7,2,297.760,-0.069,6850.016337,3190490.688,-6061635.526,-8230.373,0.000000,0.000000,0.000000,3190.490688,-6061.635526,-8.230373,6.745505,3.557432,-0.011197,6626.769395,1701.325316,-11.679722,-1.904077,7.394145,0.006343
12,5,202.501,-0.048,6898.771208,-6373598.281,-2640124.268,-5743.111,0.000000,0.000000,0.000000,-6373.598281,-2640.124268,-5.743111,2.913652,-7.010618,-0.005746,1000.567718,-6805.107800,-6.453316,7.530675,1.127571,0.004757
15,19,309.674,0.063,6899.223936,4404554.819,-5310285.261,7629.617,0.000000,0.000000,0.000000,4404.554819,-5310.285261,7.629617,5.850128,4.855551,-0.009996,6820.041788,-1037.435744,-0.331324,1.143835,7.516924,-0.013056
12,15,240.374,-0.064,6890.268048,-3406111.711,-5989502.231,-7733.596,0.000000,0.000000,0.000000,-3406.111711,-5989.502231,-7.733596,6.616716,-3.741638,-0.000642,3163.743133,-6101.044178,-4.699710,6.757280,3.523929,0.006827
15,11,279.374,0.093,6900.787799,1123980.243,-6808628.055,11165.197,0.000000,0.000000,0.000000,1123.980243,-6808.628055,11.165197,7.498809,1.241828,-0.004392,6820.041788,-1037.435744,-0.331324,1.143835,7.516924,-0.013056
7,6,313.072,-0.089,6848.416353,4676902.117,-5002727.346,-10593.556,0.000000,0.000000,0.000000,4676.902117,-5002.727346,-10.593556,5.567275,5.214390,-0.008378,5939.063255,3394.152800,-9.759326,-3.792680,6.628286,0.009565
14,7,105.266,-0.039,6856.604874,-1805363.454,6614655.766,-4721.446,0.000000,0.000000,0.000000,-1805.363454,6614.655766,-4.721446,-7.357512,-2.000077,-0.004401,-6860.552838,-195.532904,-4.958951,0.215246,-7.613991,0.004061
0,12,338.750,0.054,6839.386084,6374356.841,-2478857.790,6397.226,0.000000,0.000000,0.000000,6374.356841,-2478.857790,6.397226,2.767740,7.125105,-0.008258,4595.030905,5077.613720,-4.625452,-5.648975,5.135000,-0.009623
17,14,17.261,-0.022,6913.218216,6601859.137,2051349.540,-2663.583,0.000000,0.000000,0.000000,6601.859137,2051.349540,-2.663583,-2.257064,7.245238,0.003623,1470.025489,6746.278451,1.553833,-7.426237,1.607185,0.004332
6,6,128.598,-0.020,6836.678703,-4265085.820,5343146.359,-2370.828,0.000000,0.000000,0.000000,-4265.085820,5343.146359,-2.370828,-5.962722,-4.769895,0.001468,-6165.595365,-2938.294907,0.738732,3.289567,-6.899251,0.002914
3,17,311.989,-0.030,6914.081636,4625452.815,-5139036.648,-3667.491,0.000000,0.000000,0.000000,4625.452815,-5139.036648,-3.667491,5.651471,5.081676,0.003388,6920.055730,129.578204,-0.071676,-0.128573,7.591197,0.005261
10,6,124.588,0.024,6826.321458,-3875073.638,5619827.489,2820.171,0.000000,0.000000,0.000000,-3875.073638,5619.827489,2.820171,-6.286786,-4.335463,-0.002806,-6342.237412,-2506.207659,-1.806345,2.817995,-7.106074,-0.003708
16,1,193.619,0.014,6863.411183,-6670430.999,-1616094.178,1720.356,0.000000,0.000000,0.000000,-6670.430999,-1616.094178,1.720356,1.791362,-7.407589,-0.004453,-9.171154,-6866.705311,-3.491424,7.617440,-0.011602,-0.002910
3,18,315.768,-0.029,6914.333493,4954259.089,-4823205.633,-3456.399,0.000000,0.000000,0.000000,4954.259089,-4823.205633,-3.456399,5.304781,5.442211,0.003646,6920.055730,129.578204,-0.071676,-0.128573,7.591197,0.005261
0,11,334.908,0.058,6839.596770,6194126.929,-2900487.589,6878.009,0.000000,0.000000,0.000000,6194.126929,-2900.487589,6.878009,3.237672,6.923974,-0.007762,4595.030905,5077.613720,-4.625452,-5.648975,5.135000,-0.009623
18,7,267.159,0.029,6867.524198,-340373.629,-6859083.205,3463.983,0.000000,0.000000,0.000000,-340.373629,-6859.083205,3.463983,7.614777,-0.389418,-0.009335,6595.588193,-1979.340631,-7.358353,2.199914,7.278890,-0.005972
9,19,200.362,0.042,6896.694228,-6465718.809,-2399759.597,5043.469,0.000000,0.000000,0.000000,-6465.718809,-2399.759597,5.043469,2.627825,-7.131740,-0.002493,-3245.480799,-6096.598485,2.263908,6.694266,-3.575963,-0.005553
13,3,64.982,0.014,6842.617616,2893736.872,6200620.924,1704.594,0.000000,0.000000,0.000000,2893.736872,6200.620924,1.704594,-6.916389,3.237726,-0.001195,-5370.745842,4262.244728,-0.649587,-4.745912,-5.963194,-0.002125
9,7,154.814,0.043,6884.063710,-6229622.162,2929524.603,5146.107,0.000000,0.000000,0.000000,-6229.622162,2929.524603,5.146107,-3.254149,-6.884023,0.002228,-4379.165519,-5337.985983,3.212749,5.860905,-4.825701,-0.004955
15,10,275.588,0.095,6901.022909,671926.135,-6868224.108,11404.130,0.000000,0.000000,0.000000,671.926135,-6868.224108,11.404130,7.564180,0.743993,-0.003570,6820.041788,-1037.435744,-0.331324,1.143835,7.516924,-0.013056
11,16,243.873,0.047,6920.014922,-3047331.872,-6212917.406,5681.979,0.000000,0.000000,0.000000,-3047.331872,-6212.917406,5.681979,6.811218,-3.342513,-0.000083,3102.663591,-6184.816493,3.376562,6.780962,3.404905,-0.005013
10,13,151.512,0.012,6825.244434,-5998817.232,3255480.226,1378.462,0.000000,0.000000,0.000000,-5998.817232,3255.480226,1.378462,-3.639060,-6.715324,-0.003932,-5445.787127,-4100.949425,-2.620440,4.607575,-6.102966,-0.003035
5,11,32.772,-0.034,6858.916282,5767207.330,3712685.814,-4027.573,0.000000,0.000000,0.000000,5767.207330,3712.685814,-4.027573,-4.132187,6.405341,0.004793,-1824.691454,6604.300241,2.911005,-7.354035,-2.035513,0.005704
0,16,354.119,0.035,6839.323170,6803323.652,-700793.111,4210.683,0.000000,0.000000,0.000000,6803.323652,-700.793111,4.210683,0.785570,7.603383,-0.009854,4595.030905,5077.613720,-4.625452,-5.648975,5.135000,-0.009623
8,14,30.761,0.018,6871.045958,5904367.092,3514216.414,2188.272,0.000000,0.000000,0.000000,5904.367092,3514.216414,2.188272,-3.883948,6.550574,-0.003280,-195.816801,6877.334207,-1.525000,-7.602435,-0.212153,-0.003713
3,18,315.768,-0.029,6914.333493,4954259.089,-4823205.633,-3456.399,0.000000,0.000000,0.000000,4954.259089,-4823.205633,-3.456399,5.304781,5.442211,0.003646,6920.055730,129.578204,-0.071676,-0.128573,7.591197,0.005261
1,15,67.382,0.051,6859.211685,2637924.594,6331674.414,6156.059,0.000000,0.000000,0.000000,2637.924594,6331.674414,6.156059,-7.036654,2.938725,0.011976,-3904.202010,5648.274257,12.398814,-6.270941,-4.325068,0.000728
17,18,32.359,-0.014,6911.613711,5838314.809,3699254.160,-1712.025,0.000000,0.000000,0.000000,5838.314809,3699.254160,-1.712025,-4.069115,6.407564,0.004261,1470.025489,6746.278451,1.553833,-7.426237,1.607185,0.004332
4,17,283.588,0.055,6873.269644,1614803.131,-6680883.355,6637.067,0.000000,0.000000,0.000000,1614.803131,-6680.883355,6.637067,7.395283,1.800716,-0.001817,6122.601371,-3098.357235,3.058770,3.429600,6.808984,-0.006783
19,8,58.076,-0.047,6835.818215,3614724.374,5801908.955,-5553.301,0.000000,0.000000,0.000000,3614.724374,5801.908955,-5.553301,-6.475413,4.052428,0.001671,-4820.447292,4871.084479,0.181067,-5.422313,-5.353366,0.006411
3,2,255.315,-0.038,6917.301174,-1753574.059,-6691338.614,-4593.895,0.000000,0.000000,0.000000,-1753.574059,-6691.338614,-4.593895,7.351083,-1.915849,-0.001499,6041.699055,-3365.637366,-2.472172,3.704907,6.633696,0.004508
9,9,162.417,0.045,6885.972919,-6564269.432,2080134.865,5367.464,0.000000,0.000000,0.000000,-6564.269432,2080.134865,5.367464,-2.315260,-7.251671,0.001456,-3639.779161,-5868.923109,2.591938,6.444231,-4.010484,-0.005377
19,2,35.009,-0.048,6830.833977,5594881.807,3918872.025,-5695.249,0.000000,0.000000,0.000000,5594.881807,3918.872025,-5.695249,-4.375872,6.268172,-0.000894,-2538.347744,6361.188119,-2.079877,-7.086336,-2.813107,0.005981
11,11,225.025,0.045,6919.326711,-4890543.519,-4894858.226,5401.527,0.000000,0.000000,0.000000,-4890.543519,-4894.858226,5.401527,5.365716,-5.365224,0.001936,3102.663591,-6184.816493,3.376562,6.780962,3.404905,-0.005013
7,1,293.933,-0.063,6850.377988,2778942.676,-6261397.553,-7540.672,0.000000,0.000000,0.000000,2778.942676,-6261.397553,-7.540672,6.967655,3.098838,-0.011784,6726.088551,1254.197922,-12.033851,-1.405338,7.504536,0.005457
4,20,295.013,0.052,6870.826706,2905124.818,-6226433.266,6180.577,0.000000,0.000000,0.000000,2905.124818,-6226.433266,6.180577,6.893963,3.232228,-0.003239,6122.601371,-3098.357235,3.058770,3.429600,6.808984,-0.006783
10,16,163.055,0.005,6824.269820,-6527984.741,1988988.029,647.557,0.000000,0.000000,0.000000,-6527.984741,1988.988029,0.647557,-2.220559,-7.309181,-0.004162,-5445.787127,-4100.949425,-2.620440,4.607575,-6.102966,-0.003035
10,11,143.818,0.015,6825.731607,-5509380.346,4029557.891,1836.475,0.000000,0.000000,0.000000,-5509.380346,4029.557891,1.836475,-4.505918,-6.166580,-0.003690,-5445.787127,-4100.949425,-2.620440,4.607575,-6.102966,-0.003035
1,18,78.846,0.068,6860.475389,1327158.143,6730877.135,8174.660,0.000000,0.000000,0.000000,1327.158143,6730.877135,8.174660,-7.478791,1.482198,0.010378,-3904.202010,5648.274257,12.398814,-6.270941,-4.325068,0.000728
17,8,354.624,-0.031,6914.514773,6884104.506,-647769.859,-3728.741,0.000000,0.000000,0.000000,6884.104506,-647.769859,-3.728741,0.709233,7.554018,0.002217,2345.790989,6495.252943,1.021920,-7.148672,2.570405,0.004520
12,10,221.426,-0.059,6895.236822,-5170156.495,-4562205.813,-7124.672,0.000000,0.000000,0.000000,-5170.156495,-4562.205813,-7.124672,5.036601,-5.685951,-0.003380,3163.743133,-6101.044178,-4.699710,6.757280,3.523929,0.006827
17,5,343.308,-0.034,6914.606547,6623246.086,-1986045.961,-4052.649,0.000000,0.000000,0.000000,6623.246086,-1986.045961,-4.052649,2.179743,7.267282,0.001370,3578.332389,5908.698831,0.193689,-6.501561,3.925376,0.004653
1,6,32.971,-0.008,6856.685491,5752398.843,3731493.328,-1005.688,0.000000,0.000000,0.000000,5752.398843,3731.493328,-1.005688,-4.149387,6.401247,0.013748,-2279.238479,6474.885129,11.788940,-7.190391,-2.522323,0.004325
0,8,323.384,0.068,6840.682939,5490685.492,-4080104.147,8127.443,0.000000,0.000000,0.000000,5490.685492,-4080.104147,8.127443,4.551939,6.138835,-0.006074,5229.875939,4417.927621,-3.432852,-4.915902,5.843484,-0.010224
15,10,275.588,0.095,6901.022909,671926.135,-6868224.108,11404.130,0.000000,0.000000,0.000000,671.926135,-6868.224108,11.404130,7.564180,0.743993,-0.003570,6820.041788,-1037.435744,-0.331324,1.143835,7.516924,-0.013056
17,13,13.488,-0.024,6913.532291,6722854.565,1612497.121,-2875.036,0.000000,0.000000,0.000000,6722.854565,1612.497121,-2.875036,-1.774669,7.377881,0.003423,1470.025489,6746.278451,1.553833,-7.426237,1.607185,0.004332
7,13,339.887,-0.108,6845.311317,6427859.436,-2353878.728,-12846.309,0.000000,0.000000,0.000000,6427.859436,-2353.878728,-12.846309,2.617184,7.168516,-0.002151,4827.908673,4844.970439,-7.143105,-5.411608,5.389428,0.012106
17,10,2.169,-0.028,6914.243284,6909287.809,261706.679,-3431.122,0.000000,0.000000,0.000000,6909.287809,261.706679,-3.431122,-0.290138,7.581988,0.002736,1470.025489,6746.278451,1.553833,-7.426237,1.607185,0.004332
6,5,124.759,-0.021,6837.159352,-3898018.075,5617134.240,-2453.512,0.000000,0.000000,0.000000,-3898.018075,5617.134240,-2.453512,-6.268282,-4.359633,0.001287,-6348.942045,-2518.036273,0.562356,2.819699,-7.104113,0.002963
13,16,114.797,0.002,6851.572728,-2873626.430,6219832.788,280.438,0.000000,0.000000,0.000000,-2873.626430,6219.832788,0.280438,-6.928743,-3.187404,-0.002223,-6717.534243,1391.471155,-1.440525,-1.551305,-7.457563,-0.001573
14,6,101.443,-0.037,6856.139655,-1360223.136,6719852.990,-4447.102,0.000000,0.000000,0.000000,-1360.223136,6719.852990,-4.447102,-7.474999,-1.505180,-0.004741,-6858.238209,261.402390,-5.191431,-0.292376,-7.611554,0.003685
13,5,72.654,0.013,6843.766308,2040366.945,6532536.844,1546.329,0.000000,0.000000,0.000000,2040.366945,6532.536844,1.546329,-7.285179,2.286028,-0.001438,-5890.827818,3510.896996,-0.898068,-3.909334,-6.540637,-0.002010
14,8,109.089,-0.042,6857.069801,-2242470.122,6480023.863,-4974.779,0.000000,0.000000,0.000000,-2242.470122,6480.023863,-4.974779,-7.207313,-2.485973,-0.004041,-6832.428313,-651.600666,-4.704469,0.721889,-7.582647,0.004419
15,17,302.097,0.073,6899.549579,3666148.344,-5844917.792,8759.056,0.000000,0.000000,0.000000,3666.148344,-5844.917792,8.759056,6.438706,4.042030,-0.008801,6820.041788,-1037.435744,-0.331324,1.143835,7.516924,-0.013056
17,4,339.536,-0.034,6914.552305,6478187.209,-2417458.799,-4126.001,0.000000,0.000000,0.000000,6478.187209,-2417.458799,-4.126001,2.653807,7.107945,0.001074,3960.357617,5660.491467,-0.085689,-6.228008,4.345184,0.004657
4,5,237.954,0.048,6879.434662,-3650246.944,-5831147.807,5811.045,0.000000,0.000000,0.000000,-3650.246944,-5831.147807,5.811045,6.447528,-4.032148,0.003986,4776.086714,-4933.185118,4.887982,5.463374,5.310412,-0.005300
11,15,240.104,0.047,6919.912753,-3449114.360,-5999064.130,5674.640,0.000000,0.000000,0.000000,-3449.114360,-5999.064130,5.674640,6.576698,-3.783362,0.000327,3102.663591,-6184.816493,3.376562,6.780962,3.404905,-0.005013
5,5,9.857,-0.045,6861.378992,6760084.463,1174627.884,-5389.456,0.000000,0.000000,0.000000,6760.084463,1174.627884,-5.389456,-1.310558,7.506270,0.002672,441.540270,6838.866207,1.070760,-7.613518,0.486044,0.006450
3,14,300.652,-0.035,6913.678991,3524721.809,-5947711.804,-4201.948,0.000000,0.000000,0.000000,3524.721809,-5947.711804,-4.201948,6.539048,3.874291,0.002531,6920.055730,129.578204,-0.071676,-0.128573,7.591197,0.005261
1,6,32.971,-0.008,6856.685491,5752398.843,3731493.328,-1005.688,0.000000,0.000000,0.000000,5752.398843,3731.493328,-1.005688,-4.149387,6.401247,0.013748,-2279.238479,6474.885129,11.788940,-7.190391,-2.522323,0.004325
18,3,251.886,0.046,6865.187271,-2134396.160,-6524961.183,5555.982,0.000000,0.000000,0.000000,-2134.396160,-6524.961183,5.555982,7.246886,-2.378796,-0.007995,5843.141329,-3636.643271,-5.684554,4.034169,6.450657,-0.007895
9,17,192.783,0.044,6894.518421,-6723636.133,-1525474.792,5297.728,0.000000,0.000000,0.000000,-6723.636133,-1525.474792,5.297728,1.664373,-7.418458,-0.001738,-3245.480799,-6096.598485,2.263908,6.694266,-3.575963,-0.005553
8,16,38.379,0.015,6872.558666,5387518.157,4266931.869,1776.516,0.000000,0.000000,0.000000,5387.518157,4266.931869,1.776516,-4.717410,5.976251,-0.003573,-195.816801,6877.334207,-1.525000,-7.602435,-0.212153,-0.003713
7,12,336.055,-0.106,6845.759087,6256573.807,-2778406.139,-12688.608,0.000000,0.000000,0.000000,6256.573807,-2778.406139,-12.688608,3.090194,6.977131,-0.003103,4827.908673,4844.970439,-7.143105,-5.411608,5.389428,0.012106
16,4,205.070,0.007,6864.001757,-6217356.965,-2908434.578,889.878,0.000000,0.000000,0.000000,-6217.356965,-2908.434578,0.889878,3.225967,-6.903948,-0.004744,1353.053507,-6732.291260,-3.942318,7.468052,1.500102,-0.002083
1,7,36.795,-0.001,6856.852337,5490822.225,4106981.281,-179.192,0.000000,0.000000,0.000000,5490.822225,4106.981281,-0.179192,-4.566595,6.110381,0.013792,-2705.289277,6309.300975,12.022092,-7.006060,-2.995092,0.003444
12,16,244.167,-0.064,6889.147258,-3001929.926,-6200702.098,-7755.118,0.000000,0.000000,0.000000,-3001.929926,-6200.702098,-7.755118,6.851105,-3.295749,-0.000075,3163.743133,-6101.044178,-4.699710,6.757280,3.523929,0.006827
3,16,308.210,-0.032,6913.888079,4276572.609,-5432564.788,-3862.667,0.000000,0.000000,0.000000,4276.572609,-5432.564788,-3.862667,5.973668,4.699051,0.003115,6920.055730,129.578204,-0.071676,-0.128573,7.591197,0.005261
8,17,42.187,0.013,6873.293531,5092779.616,4615815.997,1558.397,0.000000,0.000000,0.000000,5092.779616,4615.815997,1.558397,-5.103570,5.648956,-0.003695,-195.816801,6877.334207,-1.525000,-7.602435,-0.212153,-0.003713
10,2,109.204,0.028,6826.117902,-2245322.872,6446270.189,3384.442,0.000000,0.000000,0.000000,-2245.322872,6446.270189,3.384442,-7.212698,-2.510058,-0.001868,-6782.309246,-731.099746,-0.862255,0.827443,-7.597109,-0.004112
10,14,155.359,0.010,6824.950757,-6203464.148,2845520.006,1139.602,0.000000,0.000000,0.000000,-6203.464148,2845.520006,1.139602,-3.179929,-6.944884,-0.004027,-5445.787127,-4100.949425,-2.620440,4.607575,-6.102966,-0.003035
8,19,49.801,0.009,6874.704087,4437216.807,5250967.728,1102.500,0.000000,0.000000,0.000000,4437.216807,5250.967728,1.102500,-5.806311,4.921390,-0.003892,-195.816801,6877.334207,-1.525000,-7.602435,-0.212153,-0.003713
3,14,300.652,-0.035,6913.678991,3524721.809,-5947711.804,-4201.948,0.000000,0.000000,0.000000,3524.721809,-5947.711804,-4.201948,6.539048,3.874291,0.002531,6920.055730,129.578204,-0.071676,-0.128573,7.591197,0.005261
1,7,36.795,-0.001,6856.852337,5490822.225,4106981.281,-179.192,0.000000,0.000000,0.000000,5490.822225,4106.981281,-0.179192,-4.566595,6.110381,0.013792,-2705.289277,6309.300975,12.022092,-7.006060,-2.995092,0.003444
10,6,124.588,0.024,6826.321458,-3875073.638,5619827.489,2820.171,0.000000,0.000000,0.000000,-3875.073638,5619.827489,2.820171,-6.286786,-4.335463,-0.002806,-6342.237412,-2506.207659,-1.806345,2.817995,-7.106074,-0.003708
18,6,263.342,0.034,6866.858130,-796169.077,-6820545.378,4016.020,0.000000,0.000000,0.000000,-796.169077,-6820.545378,4.016020,7.572794,-0.894727,-0.009059,6449.201547,-2411.406077,-6.984141,2.677886,7.118008,-0.006497
2,17,116.054,0.047,6846.299809,-3007065.450,6150556.659,5588.170,0.000000,0.000000,0.000000,-3007.065450,6150.556659,5.588170,-6.856562,-3.348456,-0.002121,-6640.833081,1674.785008,2.153135,-1.867725,-7.395558,-0.006125
6,19,178.555,-0.004,6831.306434,-6829134.052,172265.563,-520.679,0.000000,0.000000,0.000000,-6829.134052,172.265563,-0.520679,-0.187821,-7.639527,0.002972,-5164.717605,-4469.058891,1.403280,5.000945,-5.780411,0.002591
6,4,120.920,-0.021,6837.639236,-3513456.051,5865912.591,-2525.185,0.000000,0.000000,0.000000,-3513.456051,5865.912591,-2.525185,-6.545649,-3.929893,0.001101,-6503.705809,-2086.441429,0.383449,2.337162,-7.276983,0.002998
3,7,274.199,-0.040,6914.823179,506318.224,-6896259.749,-4788.553,0.000000,0.000000,0.000000,506.318224,-6896.259749,-4.788553,7.578508,0.562520,0.000213,6808.666094,-1230.495480,-1.011142,1.362462,7.471605,0.005143
6,15,163.175,-0.010,6832.668207,-6540198.562,1977664.313,-1206.904,0.000000,0.000000,0.000000,-6540.198562,1977.664313,-1.206904,-2.205310,-7.315121,0.002712,-5164.717605,-4469.058891,1.403280,5.000945,-5.780411,0.002591
3,17,311.989,-0.030,6914.081636,4625452.815,-5139036.648,-3667.491,0.000000,0.000000,0.000000,4625.452815,-5139.036648,-3.667491,5.651471,5.081676,0.003388,6920.055730,129.578204,-0.071676,-0.128573,7.591197,0.005261
12,12,229.002,-0.062,6893.394332,-4522320.327,-5202638.612,-7466.741,0.000000,0.000000,0.000000,-4522.320327,-5202.638612,-7.466741,5.745000,-4.972251,-0.002313,3163.743133,-6101.044178,-4.699710,6.757280,3.523929,0.006827
16,4,205.070,0.007,6864.001757,-6217356.965,-2908434.578,889.878,0.000000,0.000000,0.000000,-6217.356965,-2908.434578,0.889878,3.225967,-6.903948,-0.004744,1353.053507,-6732.291260,-3.942318,7.468052,1.500102,-0.002083
10,7,128.434,0.022,6826.277887,-4243260.034,5347224.240,2645.561,0.000000,0.000000,0.000000,-4243.260034,5347.224240,2.645561,-5.981481,-4.747898,-0.003012,-6158.941125,-2926.582284,-2.024545,3.289598,-6.901123,-0.003563
2,9,85.395,0.048,6844.800414,549504.033,6822705.083,5777.451,0.000000,0.000000,0.000000,549.504033,6822.705083,5.777451,-7.607325,0.615407,0.001352,-6514.026354,2114.448882,2.515528,-2.357599,-7.254450,-0.005951
7,6,313.072,-0.089,6848.416353,4676902.117,-5002727.346,-10593.556,0.000000,0.000000,0.000000,4676.902117,-5002.727346,-10.593556,5.567275,5.214390,-0.008378,5939.063255,3394.152800,-9.759326,-3.792680,6.628286,0.009565
7,7,316.901,-0.093,6847.986931,5000245.932,-4678925.415,-11072.217,0.000000,0.000000,0.000000,5000.245932,-4678.925415,-11.072217,5.206830,5.575002,-0.007571,5698.364492,3783.947341,-9.163986,-4.227622,6.360008,0.010272
12,7,210.068,-0.053,6897.557991,-5969339.199,-3455901.482,-6380.506,0.000000,0.000000,0.000000,-5969.339199,-3455.901482,-6.380506,3.814258,-6.565814,-0.004862,1892.778600,-6610.248288,-5.827359,7.317597,2.115481,0.005661
2,14,104.559,0.049,6845.700387,-1720834.495,6625881.688,5855.316,0.000000,0.000000,0.000000,-1720.834495,6625.881688,5.855316,-7.386950,-1.915144,-0.000837,-6640.833081,1674.785008,2.153135,-1.867725,-7.395558,-0.006125
17,8,354.624,-0.031,6914.514773,6884104.506,-647769.859,-3728.741,0.000000,0.000000,0.000000,6884.104506,-647.769859,-3.728741,0.709233,7.554018,0.002217,2345.790989,6495.252943,1.021920,-7.148672,2.570405,0.004520
5,15,48.058,-0.023,6857.135635,4583190.181,5100457.756,-2748.340,0.000000,0.000000,0.000000,4583.190181,5100.457756,-2.748340,-5.676228,5.090576,0.005804,-1824.691454,6604.300241,2.911005,-7.354035,-2.035513,0.005704
19,4,42.702,-0.048,6832.354027,5021059.919,4633571.599,-5750.965,0.000000,0.000000,0.000000,5021.059919,4633.571599,-5.750965,-5.173387,5.625686,-0.000034,-3363.542715,5967.891965,-1.345714,-6.646490,-3.731967,0.006237
7,17,355.221,-0.108,6843.579409,6819777.388,-570130.785,-12899.329,0.000000,0.000000,0.000000,6819.777388,-570.130785,-12.899329,0.629036,7.607303,0.001713,4827.908673,4844.970439,-7.143105,-5.411608,5.389428,0.012106
0,6,315.704,0.074,6841.768307,4896937.799,-4778045.274,8781.417,0.000000,0.000000,0.000000,4896.937799,-4778.045274,8.781417,5.329008,5.476189,-0.004809,5771.307473,3679.333565,-2.178939,-4.094392,6.448134,-0.010643
9,19,200.362,0.042,6896.694228,-6465718.809,-2399759.597,5043.469,0.000000,0.000000,0.000000,-6465.718809,-2399.759597,5.043469,2.627825,-7.131740,-0.002493,-3245.480799,-6096.598485,2.263908,6.694266,-3.575963,-0.005553
18,12,286.232,0.004,6871.535030,1920822.812,-6597608.136,524.780,0.000000,0.000000,0.000000,1920.822812,-6597.608136,0.524780,7.320678,2.115748,-0.010078,6859.019589,-638.757248,-8.281235,0.717725,7.567333,-0.004249
10,3,113.050,0.027,6826.225179,-2672696.477,6281244.548,3264.837,0.000000,0.000000,0.000000,-2672.696477,6281.244548,3.264837,-7.027737,-2.988725,-0.002118,-6717.375178,-1184.930898,-1.106860,1.336230,-7.524896,-0.004038
4,7,245.554,0.052,6878.917677,-2846684.255,-6262256.643,6236.819,0.000000,0.000000,0.000000,-2846.684255,-6262.256643,6.236819,6.925520,-3.142406,0.003100,5387.465885,-4254.137739,4.210607,4.711116,5.990402,-0.005973
13,4,68.819,0.014,6843.175706,2472585.781,6380859.710,1629.108,0.000000,0.000000,0.000000,2472.585781,6380.859710,1.629108,-7.116735,2.768012,-0.001320,-5643.340162,3895.235676,-0.775553,-4.337215,-6.265892,-0.002072
1,16,71.204,0.057,6859.614889,2210175.975,6493796.387,6860.410,0.000000,0.000000,0.000000,2210.175975,6493.796387,6.860410,-7.216347,2.463354,0.011494,-3904.202010,5648.274257,12.398814,-6.270941,-4.325068,0.000728
6,7,132.438,-0.019,6836.199446,-4613007.865,5045173.547,-2277.502,0.000000,0.000000,0.000000,-4613.007865,5045.173547,-2.277502,-5.630329,-5.158830,0.001642,-5954.489920,-3345.324724,0.911782,3.744643,-6.663318,0.002852
6,19,178.555,-0.004,6831.306434,-6829134.052,172265.563,-520.679,0.000000,0.000000,0.000000,-6829.134052,172.265563,-0.520679,-0.187821,-7.639527,0.002972,-5164.717605,-4469.058891,1.403280,5.000945,-5.780411,0.002591
14,15,135.832,-0.051,6860.144952,-4920782.415,4779900.860,-6078.501,0.000000,0.000000,0.000000,-4920.782415,4779.900860,-6.078501,-5.314512,-5.461619,-0.001120,-6685.499786,-1553.052955,-4.134110,1.723290,-7.419328,0.005073
14,17,143.469,-0.051,6860.907635,-5512963.129,4084024.141,-6158.544,0.000000,0.000000,0.000000,-5512.963129,4084.024141,-6.158544,-4.540587,-6.119107,-0.000212,-6685.499786,-1553.052955,-4.134110,1.723290,-7.419328,0.005073
14,12,124.374,-0.048,6858.885453,-3872426.518,5661147.355,-5757.067,0.000000,0.000000,0.000000,-3872.426518,5661.147355,-5.757067,-6.295113,-4.297232,-0.002440,-6685.499786,-1553.052955,-4.134110,1.723290,-7.419328,0.005073
11,15,240.104,0.047,6919.912753,-3449114.360,-5999064.130,5674.640,0.000000,0.000000,0.000000,-3449.114360,-5999.064130,5.674640,6.576698,-3.783362,0.000327,3102.663591,-6184.816493,3.376562,6.780962,3.404905,-0.005013
5,6,13.675,-0.044,6860.999984,6666498.857,1622062.440,-5217.282,0.000000,0.000000,0.000000,6666.498857,1622.062440,-5.217282,-1.807822,7.402692,0.003065,-15.915300,6852.766962,1.455114,-7.629338,-0.022870,0.006357
11,4,198.630,0.034,6917.731683,-6555246.751,-2209917.471,4053.762,0.000000,0.000000,0.000000,-6555.246751,-2209.917471,4.053762,2.420347,-7.193400,0.004369,485.711075,-6903.069653,4.874799,7.568245,0.533561,-0.003202
0,6,315.704,0.074,6841.768307,4896937.799,-4778045.274,8781.417,0.000000,0.000000,0.000000,4896.937799,-4778.045274,8.781417,5.329008,5.476189,-0.004809,5771.307473,3679.333565,-2.178939,-4.094392,6.448134,-0.010643
15,11,279.374,0.093,6900.787799,1123980.243,-6808628.055,11165.197,0.000000,0.000000,0.000000,1123.980243,-6808.628055,11.165197,7.498809,1.241828,-0.004392,6820.041788,-1037.435744,-0.331324,1.143835,7.516924,-0.013056
7,16,351.387,-0.109,6843.999596,6766803.828,-1024952.737,-12973.142,0.000000,0.000000,0.000000,6766.803828,-1024.952737,-12.973142,1.136075,7.547777,0.000747,4827.908673,4844.970439,-7.143105,-5.411608,5.389428,0.012106
4,21,298.823,0.050,6869.965953,3312032.986,-6018873.152,5972.739,0.000000,0.000000,0.000000,3312.032986,-6018.873152,5.972739,6.664629,3.683920,-0.003687,6122.601371,-3098.357235,3.058770,3.429600,6.808984,-0.006783
2,11,93.061,0.049,6845.140506,-365564.304,6835369.531,5887.539,0.000000,0.000000,0.000000,-365.564304,6835.369531,5.887539,-7.621064,-0.404622,0.000480,-6640.833081,1674.785008,2.153135,-1.867725,-7.395558,-0.006125
16,19,262.296,-0.026,6866.517529,-920484.109,-6804539.830,-3112.375,0.000000,0.000000,0.000000,-920.484109,-6804.539830,-3.112375,7.548665,-1.022973,-0.003398,3864.136841,-5676.593855,-4.362275,6.296461,4.286694,-0.000219
19,4,42.702,-0.048,6832.354027,5021059.919,4633571.599,-5750.965,0.000000,0.000000,0.000000,5021.059919,4633.571599,-5.750965,-5.173387,5.625686,-0.000034,-3363.542715,5967.891965,-1.345714,-6.646490,-3.731967,0.006237
8,3,348.797,0.030,6862.832447,6732065.785,-1333321.597,3604.033,0.000000,0.000000,0.000000,6732.065785,-1333.321597,3.604033,1.492078,7.477141,-0.000815,2904.251234,6233.879781,0.140751,-6.892933,3.221591,-0.004076
1,5,29.146,-0.015,6856.550361,5988378.691,3339401.168,-1827.708,0.000000,0.000000,0.000000,5988.378691,3339.401168,-1.827708,-3.713687,6.663648,0.013643,-1843.079580,6611.753858,11.503505,-7.342870,-2.038264,0.005186
13,6,76.489,0.012,6844.386770,1599017.397,6654980.954,1456.630,0.000000,0.000000,0.000000,1599.017397,6654.980954,1.456630,-7.420981,1.793943,-0.001550,-6112.114520,3110.942611,-1.016589,-3.464174,-6.786225,-0.001939
12,11,225.213,-0.061,6894.342572,-4856868.293,-4893131.556,-7311.709,0.000000,0.000000,0.000000,-4856.868293,-4893.131556,-7.311709,5.402554,-5.340862,-0.002853,3163.743133,-6101.044178,-4.699710,6.757280,3.523929,0.006827
2,18,119.886,0.046,6846.504272,-3411431.946,5936052.825,5448.515,0.000000,0.000000,0.000000,-3411.431946,5936.052825,5.448515,-6.617304,-3.799001,-0.002532,-6640.833081,1674.785008,2.153135,-1.867725,-7.395558,-0.006125
13,9,87.990,0.010,6846.398892,240100.065,6842187.400,1150.191,0.000000,0.000000,0.000000,240.100065,6842.187400,1.150191,-7.627379,0.279368,-0.001843,-6609.600897,1835.502096,-1.343029,-2.045156,-7.337984,-0.001676
16,18,258.482,-0.024,6866.403346,-1371030.202,-6728132.184,-2901.729,0.000000,0.000000,0.000000,-1371.030202,-6728.132184,-2.901729,7.463992,-1.523012,-0.003621,3864.136841,-5676.593855,-4.362275,6.296461,4.286694,-0.000219
15,16,298.310,0.077,6899.730798,3272101.791,-6074499.903,9267.587,0.000000,0.000000,0.000000,3272.101791,-6074.499903,9.267587,6.691396,3.607927,-0.008144,6820.041788,-1037.435744,-0.331324,1.143835,7.516924,-0.013056
18,18,309.087,-0.025,6877.349162,4336201.039,-5338097.297,-3049.126,0.000000,0.000000,0.000000,4336.201039,-5338.097297,-3.049126,5.920397,4.787436,-0.009513,6859.019589,-638.757248,-8.281235,0.717725,7.567333,-0.004249
4,6,241.754,0.050,6879.204973,-3255638.123,-6060053.220,6037.233,0.000000,0.000000,0.000000,-3255.638123,-6060.053220,6.037233,6.701274,-3.595223,0.003551,5093.064293,-4603.865097,4.559400,5.098619,5.662891,-0.005649
2,12,96.894,0.049,6845.321309,-821669.733,6795825.765,5903.180,0.000000,0.000000,0.000000,-821.669733,6795.825765,5.903180,-7.576785,-0.913005,0.000041,-6640.833081,1674.785008,2.153135,-1.867725,-7.395558,-0.006125
9,18,196.573,0.043,6895.611533,-6609134.497,-1966919.613,5181.933,0.000000,0.000000,0.000000,-6609.134497,-1966.919613,5.181933,2.150918,-7.291014,-0.002120,-3245.480799,-6096.598485,2.263908,6.694266,-3.575963,-0.005553
15,10,275.588,0.095,6901.022909,671926.135,-6868224.108,11404.130,0.000000,0.000000,0.000000,671.926135,-6868.224108,11.404130,7.564180,0.743993,-0.003570,6820.041788,-1037.435744,-0.331324,1.143835,7.516924,-0.013056
3,20,323.324,-0.025,6915.007463,5546045.472,-4130217.778,-2990.201,0.000000,0.000000,0.000000,5546.045472,-4130.217778,-2.990201,4.544090,6.090842,0.004113,6920.055730,129.578204,-0.071676,-0.128573,7.591197,0.005261
17,0,324.446,-0.035,6913.918615,5624952.113,-4020219.693,-4238.360,0.000000,0.000000,0.000000,5624.952113,-4020.219693,-4.238360,4.415364,6.170956,-0.000143,5300.753304,4433.822638,-1.187378,-4.877316,5.817459,0.004471
4,12,264.563,0.057,6876.669648,-651524.523,-6845732.603,6809.104,0.000000,0.000000,0.000000,-651.524523,-6845.732603,6.809104,7.574272,-0.711229,0.000680,6122.601371,-3098.357235,3.058770,3.429600,6.808984,-0.006783
2,10,89.228,0.049,6844.966615,92176.012,6844343.458,5845.568,0.000000,0.000000,0.000000,92.176012,6844.343458,5.845568,-7.631260,0.105610,0.000918,-6640.833081,1674.785008,2.153135,-1.867725,-7.395558,-0.006125
12,16,244.167,-0.064,6889.147258,-3001929.926,-6200702.098,-7755.118,0.000000,0.000000,0.000000,-3001.929926,-6200.702098,-7.755118,6.851105,-3.295749,-0.000075,3163.743133,-6101.044178,-4.699710,6.757280,3.523929,0.006827
2,16,112.223,0.048,6846.097071,-2589257.302,6337567.294,5702.847,0.000000,0.000000,0.000000,-2589.257302,6337.567294,5.702847,-7.065191,-2.882902,-0.001700,-6640.833081,1674.785008,2.153135,-1.867725,-7.395558,-0.006125
16,3,201.253,0.010,6863.803619,-6396982.725,-2488053.608,1172.314,0.000000,0.000000,0.000000,-6396.982725,-2488.053608,1.172314,2.759338,-7.103574,-0.004667,902.304344,-6807.319055,-3.808670,7.551373,0.999899,-0.002370
14,4,93.796,-0.032,6855.216618,-453787.739,6840179.590,-3840.340,0.000000,0.000000,0.000000,-453.787739,6840.179590,-3.840340,-7.609836,-0.497218,-0.005357,-6762.460806,1169.770816,-5.586356,-1.301576,-7.505512,0.002887
17,19,36.135,-0.012,6911.134218,5581661.469,4075393.149,-1452.858,0.000000,0.000000,0.000000,5581.661469,4075.393149,-1.452858,-4.482913,6.125853,0.004375,1470.025489,6746.278451,1.553833,-7.426237,1.607185,0.004332
10,19,174.601,-0.001,6823.038416,-6792772.371,641947.610,-109.571,0.000000,0.000000,0.000000,-6792.772371,641.947610,-0.109571,-0.711418,-7.607232,-0.004222,-5445.787127,-4100.949425,-2.620440,4.607575,-6.102966,-0.003035
14,0,78.494,-0.020,6853.457168,1367026.484,6715735.836,-2433.841,0.000000,0.000000,0.000000,1367.026484,6715.735836,-2.433841,-7.473343,1.528340,-0.006294,-6214.988774,2908.536212,-6.073780,-3.233789,-6.898272,0.001151
9,12,173.813,0.046,6889.064483,-6848939.657,742431.500,5522.103,0.000000,0.000000,0.000000,-6848.939657,742.431500,5.522103,-0.837649,-7.562641,0.000257,-3245.480799,-6096.598485,2.263908,6.694266,-3.575963,-0.005553
18,9,274.791,0.019,6869.002584,573714.733,-6845001.282,2316.404,0.000000,0.000000,0.000000,573.714733,-6845.001282,2.316404,7.597535,0.623661,-0.009763,6800.937117,-1091.063400,-8.008314,1.217679,7.504021,-0.004845
5,22,74.827,-0.001,6854.178595,1794001.219,6615234.224,-103.983,0.000000,0.000000,0.000000,1794.001219,6615.234224,-0.103983,-7.363578,1.990326,0.006559,-1824.691454,6604.300241,2.911005,-7.354035,-2.035513,0.005704
1,11,52.091,0.026,6857.819952,4213460.227,5410770.537,3098.040,0.000000,0.000000,0.000000,4213.460227,5410.770537,3.098040,-6.014751,4.690087,0.013356,-3904.202010,5648.274257,12.398814,-6.270941,-4.325068,0.000728
8,13,26.950,0.020,6870.274792,6124176.311,3113701.105,2380.082,0.000000,0.000000,0.000000,6124.176311,3113.701105,2.380082,-3.440301,6.795029,-0.003111,-195.816801,6877.334207,-1.525000,-7.602435,-0.212153,-0.003713
13,15,110.970,0.003,6850.822021,-2451802.500,6397063.912,413.079,0.000000,0.000000,0.000000,-2451.802500,6397.063912,0.413079,-7.126839,-2.718078,-0.002197,-6717.534243,1391.471155,-1.440525,-1.551305,-7.457563,-0.001573
9,8,158.616,0.044,6885.000227,-6411034.338,2510346.409,5268.363,0.000000,0.000000,0.000000,-6411.034338,2510.346409,5.268363,-2.790740,-7.083451,0.001846,-4018.225341,-5615.687244,2.908680,6.166048,-4.427670,-0.005177
9,15,185.199,0.045,6892.320096,-6863965.961,-624514.048,5459.336,0.000000,0.000000,0.000000,-6863.965961,-624.514048,5.459336,0.670883,-7.575649,-0.000951,-3245.480799,-6096.598485,2.263908,6.694266,-3.575963,-0.005553
14,20,154.921,-0.051,6861.902451,-6214988.774,2908536.212,-6073.780,0.000000,0.000000,0.000000,-6214.988774,2908.536212,-6.073780,-3.233789,-6.898272,0.001151,-6685.499786,-1553.052955,-4.134110,1.723290,-7.419328,0.005073
2,5,70.061,0.044,6844.226809,2333995.722,6433962.777,5251.314,0.000000,0.000000,0.000000,2333.995722,6433.962777,5.251314,-7.174584,2.604843,0.003007,-5723.486199,3759.723808,3.837370,-4.191039,-6.374358,-0.004999
7,12,336.055,-0.106,6845.759087,6256573.807,-2778406.139,-12688.608,0.000000,0.000000,0.000000,6256.573807,-2778.406139,-12.688608,3.090194,6.977131,-0.003103,4827.908673,4844.970439,-7.143105,-5.411608,5.389428,0.012106
9,4,143.403,0.039,6881.511633,-5524788.876,4102668.479,4646.191,0.000000,0.000000,0.000000,-5524.788876,4102.668479,4.646191,-4.551707,-6.107714,0.003309,-5341.574872,-4370.612127,4.035935,4.797322,-5.887915,-0.004162
18,11,282.420,0.009,6870.653727,1477659.478,-6709873.608,1127.859,0.000000,0.000000,0.000000,1477.659478,-6709.873608,1.127859,7.445998,1.625023,-0.010017,6859.019589,-638.757248,-8.281235,0.717725,7.567333,-0.004249
11,21,262.718,0.044,6920.238747,-877175.532,-6864418.312,5352.832,0.000000,0.000000,0.000000,-877.175532,-6864.418312,5.352832,7.525733,-0.961614,-0.002092,3102.663591,-6184.816493,3.376562,6.780962,3.404905,-0.005013
10,9,136.126,0.019,6826.078166,-4920653.435,4731015.513,2261.392,0.000000,0.000000,0.000000,-4920.653435,4731.015513,2.261392,-5.291418,-5.506811,-0.003381,-5709.706184,-3725.765136,-2.432518,4.186425,-6.398447,-0.003226
3,4,262.867,-0.039,6916.160315,-858806.668,-6862630.852,-4733.415,0.000000,0.000000,0.000000,-858.806668,-6862.630852,-4.733415,7.540162,-0.934813,-0.000823,6432.668703,-2542.739585,-1.911306,2.801903,7.061402,0.004826
14,6,101.443,-0.037,6856.139655,-1360223.136,6719852.990,-4447.102,0.000000,0.000000,0.000000,-1360.223136,6719.852990,-4.447102,-7.474999,-1.505180,-0.004741,-6858.238209,261.402390,-5.191431,-0.292376,-7.611554,0.003685
3,22,330.879,-0.020,6915.898240,6041699.055,-3365637.366,-2472.172,0.000000,0.000000,0.000000,6041.699055,-3365.637366,-2.472172,3.704907,6.633696,0.004508,6920.055730,129.578204,-0.071676,-0.128573,7.591197,0.005261
6,15,163.175,-0.010,6832.668207,-6540198.562,1977664.313,-1206.904,0.000000,0.000000,0.000000,-6540.198562,1977.664313,-1.206904,-2.205310,-7.315121,0.002712,-5164.717605,-4469.058891,1.403280,5.000945,-5.780411,0.002591
11,1,187.314,0.026,6916.894007,-6860616.941,-880538.300,3193.683,0.000000,0.000000,0.000000,-6860.616941,-880.538300,3.193683,0.961527,-7.529443,0.005157,-877.175532,-6864.418312,5.352832,7.525733,-0.961614,-0.002092
10,15,159.207,0.008,6824.625398,-6380120.386,2422720.555,895.600,0.000000,0.000000,0.000000,-6380.120386,2422.720555,0.895600,-2.706387,-7.143136,-0.004103,-5445.787127,-4100.949425,-2.620440,4.607575,-6.102966,-0.003035
12,6,206.284,-0.050,6898.199978,-6184982.733,-3054687.320,-6075.082,0.000000,0.000000,0.000000,-6184.982733,-3054.687320,-6.075082,3.371262,-6.803110,-0.005316,1449.870428,-6722.502162,-6.153908,7.440571,1.624981,0.005220
6,9,140.119,-0.017,6835.253703,-5245242.664,4382706.737,-2060.635,0.000000,0.000000,0.000000,-5245.242664,4382.706737,-2.060635,-4.891084,-5.865795,0.001967,-5452.922193,-4112.433808,1.244805,4.602269,-6.102633,0.002690
18,3,251.886,0.046,6865.187271,-2134396.160,-6524961.183,5555.982,0.000000,0.000000,0.000000,-2134.396160,-6524.961183,5.555982,7.246886,-2.378796,-0.007995,5843.141329,-3636.643271,-5.684554,4.034169,6.450657,-0.007895
19,18,96.438,-0.029,6845.430751,-767620.626,6802254.701,-3424.414,0.000000,0.000000,0.000000,-767.620626,6802.254701,-3.424414,-7.581803,-0.840011,0.005156,-5426.279007,4187.223369,0.946469,-4.659930,-6.027334,0.006327
12,20,259.352,-0.062,6884.401879,-1272007.016,-6765865.141,-7502.095,0.000000,0.000000,0.000000,-1272.007016,-6765.865141,-7.502095,7.480594,-1.385666,0.002172,3163.743133,-6101.044178,-4.699710,6.757280,3.523929,0.006827
9,22,211.723,0.037,6899.832892,-5869005.114,-3628009.463,4498.690,0.000000,0.000000,0.000000,-5869.005114,-3628.009463,4.498690,3.980269,-6.470861,-0.003540,-3245.480799,-6096.598485,2.263908,6.694266,-3.575963,-0.005553
17,6,347.080,-0.033,6914.618376,6739567.245,-1546015.829,-3961.713,0.000000,0.000000,0.000000,6739.567245,-1546.015829,-3.961713,1.696228,7.395085,0.001660,3180.734986,6131.192568,0.472223,-6.746890,3.488372,0.004628
9,13,177.610,0.046,6890.137714,-6884139.885,287376.461,5525.377,0.000000,0.000000,0.000000,-6884.139885,287.376461,5.525377,-0.335302,-7.600312,-0.000148,-3245.480799,-6096.598485,2.263908,6.694266,-3.575963,-0.005553
18,17,305.281,-0.021,6876.338762,3971676.205,-5613360.561,-2472.018,0.000000,0.000000,0.000000,3971.676205,-5613.360561,-2.472018,6.225987,4.384604,-0.009716,6859.019589,-638.757248,-8.281235,0.717725,7.567333,-0.004249
4,10,256.958,0.056,6877.723958,-1552025.554,-6700317.833,6667.745,0.000000,0.000000,0.000000,-1552.025554,-6700.317833,6.667745,7.412016,-1.708709,0.001672,6122.601371,-3098.357235,3.058770,3.429600,6.808984,-0.006783
11,3,194.858,0.031,6917.459737,-6686160.056,-1773837.255,3783.049,0.000000,0.000000,0.000000,-6686.160056,-1773.837255,3.783049,1.941844,-7.337361,0.004652,30.892863,-6920.120313,5.056259,7.586893,0.034591,-0.002844
1,15,67.382,0.051,6859.211685,2637924.594,6331674.414,6156.059,0.000000,0.000000,0.000000,2637.924594,6331.674414,6.156059,-7.036654,2.938725,0.011976,-3904.202010,5648.274257,12.398814,-6.270941,-4.325068,0.000728
0,7,319.544,0.071,6841.190917,5205472.032,-4439018.167,8473.411,0.000000,0.000000,0.000000,5205.472032,-4439.018167,8.473411,4.951612,5.820511,-0.005454,5512.918934,4057.703788,-2.812184,-4.515323,6.159524,-0.010457
12,10,221.426,-0.059,6895.236822,-5170156.495,-4562205.813,-7124.672,0.000000,0.000000,0.000000,-5170.156495,-4562.205813,-7.124672,5.036601,-5.685951,-0.003380,3163.743133,-6101.044178,-4.699710,6.757280,3.523929,0.006827
15,9,271.801,0.096,6901.263599,216939.322,-6897843.300,11593.288,0.000000,0.000000,0.000000,216.939322,-6897.843300,11.593288,7.596531,0.242963,-0.002733,6736.562002,-1485.856116,0.452173,1.637812,7.424980,-0.013051
16,6,212.703,0.003,6864.397483,-5776294.576,-3708688.944,314.434,0.000000,0.000000,0.000000,-5776.294576,-3708.688944,0.314434,4.114174,-6.413910,-0.004833,2234.600045,-6493.230302,-4.156706,7.202684,2.478356,-0.001484
4,6,241.754,0.050,6879.204973,-3255638.123,-6060053.220,6037.233,0.000000,0.000000,0.000000,-3255.638123,-6060.053220,6.037233,6.701274,-3.595223,0.003551,5093.064293,-4603.865097,4.559400,5.098619,5.662891,-0.005649
3,0,247.766,-0.036,6918.618911,-2617977.071,-6404175.556,-4374.825,0.000000,0.000000,0.000000,-2617.977071,-6404.175556,-4.374825,7.034846,-2.863196,-0.002147,5546.045472,-4130.217778,-2.990201,4.544090,6.090842,0.004113
16,5,208.886,0.005,6864.200005,-6010153.793,-3315915.066,603.494,0.000000,0.000000,0.000000,-6010.153793,-3315.915066,0.603494,3.678246,-6.673718,-0.004799,1797.808768,-6627.440002,-4.058501,7.351651,1.993648,-0.001788
8,20,53.607,0.007,6875.373563,4079300.600,5534443.738,866.740,0.000000,0.000000,0.000000,4079.300600,5534.443738,0.866740,-6.119825,4.524354,-0.003964,-195.816801,6877.334207,-1.525000,-7.602435,-0.212153,-0.003713
5,7,17.494,-0.042,6860.606013,6543304.842,2062292.752,-5021.936,0.000000,0.000000,0.000000,6543.304842,2062.292752,-5.021936,-2.297139,7.266216,0.003444,-473.299882,6836.122511,1.832983,-7.611151,-0.531750,0.006234
17,8,354.624,-0.031,6914.514773,6884104.506,-647769.859,-3728.741,0.000000,0.000000,0.000000,6884.104506,-647.769859,-3.728741,0.709233,7.554018,0.002217,2345.790989,6495.252943,1.021920,-7.148672,2.570405,0.004520
16,10,227.966,-0.007,6865.162320,-4596755.106,-5099048.486,-842.874,0.000000,0.000000,0.000000,-4596.755106,-5099.048486,-0.842874,5.657035,-5.103889,-0.004754,3864.136841,-5676.593855,-4.362275,6.296461,4.286694,-0.000219
17,6,347.080,-0.033,6914.618376,6739567.245,-1546015.829,-3961.713,0.000000,0.000000,0.000000,6739.567245,-1546.015829,-3.961713,1.696228,7.395085,0.001660,3180.734986,6131.192568,0.472223,-6.746890,3.488372,0.004628
14,17,143.469,-0.051,6860.907635,-5512963.129,4084024.141,-6158.544,0.000000,0.000000,0.000000,-5512.963129,4084.024141,-6.158544,-4.540587,-6.119107,-0.000212,-6685.499786,-1553.052955,-4.134110,1.723290,-7.419328,0.005073
10,11,143.818,0.015,6825.731607,-5509380.346,4029557.891,1836.475,0.000000,0.000000,0.000000,-5509.380346,4029.557891,1.836475,-4.505918,-6.166580,-0.003690,-5445.787127,-4100.949425,-2.620440,4.607575,-6.102966,-0.003035
0,16,354.119,0.035,6839.323170,6803323.652,-700793.111,4210.683,0.000000,0.000000,0.000000,6803.323652,-700.793111,4.210683,0.785570,7.603383,-0.009854,4595.030905,5077.613720,-4.625452,-5.648975,5.135000,-0.009623
7,12,336.055,-0.106,6845.759087,6256573.807,-2778406.139,-12688.608,0.000000,0.000000,0.000000,6256.573807,-2778.406139,-12.688608,3.090194,6.977131,-0.003103,4827.908673,4844.970439,-7.143105,-5.411608,5.389428,0.012106
10,0,101.511,0.030,6825.793210,-1362170.437,6688492.495,3577.392,0.000000,0.000000,0.000000,-1362.170437,6688.492495,3.577392,-7.484375,-1.520884,-0.001343,-6820.086571,184.407805,-0.362481,-0.198696,-7.638356,-0.004205
4,7,245.554,0.052,6878.917677,-2846684.255,-6262256.643,6236.819,0.000000,0.000000,0.000000,-2846.684255,-6262.256643,6.236819,6.925520,-3.142406,0.003100,5387.465885,-4254.137739,4.210607,4.711116,5.990402,-0.005973
13,15,110.970,0.003,6850.822021,-2451802.500,6397063.912,413.079,0.000000,0.000000,0.000000,-2451.802500,6397.063912,0.413079,-7.126839,-2.718078,-0.002197,-6717.534243,1391.471155,-1.440525,-1.551305,-7.457563,-0.001573
18,19,312.893,-0.030,6878.365835,4681604.279,-5039294.085,-3612.788,0.000000,0.000000,0.000000,4681.604279,-5039.294085,-3.612788,5.588839,5.168983,-0.009268,6859.019589,-638.757248,-8.281235,0.717725,7.567333,-0.004249
1,13,59.738,0.039,6858.468342,3456394.768,5923841.778,4668.518,0.000000,0.000000,0.000000,3456.394768,5923.841778,4.668518,-6.584266,3.848457,0.012780,-3904.202010,5648.274257,12.398814,-6.270941,-4.325068,0.000728
19,16,88.775,-0.034,6843.537214,146342.938,6841971.152,-4010.708,0.000000,0.000000,0.000000,146.342938,6841.971152,-4.010708,-7.628202,0.179199,0.004601,-5426.279007,4187.223369,0.946469,-4.659930,-6.027334,0.006327
19,6,50.391,-0.048,6834.025481,4357010.918,5265009.744,-5703.338,0.000000,0.000000,0.000000,4357.010918,5265.009744,-5.703338,-5.877415,4.882594,0.000826,-4128.775343,5468.201826,-0.587558,-6.088470,-4.583727,0.006381
16,8,220.335,-0.002,6864.786635,-5232879.051,-4443227.692,-266.581,0.000000,0.000000,0.000000,-5232.879051,-4443.227692,-0.266581,4.929334,-5.810314,-0.004836,3076.595324,-6139.242392,-4.297522,6.809838,3.412725,-0.000859
2,19,123.717,0.044,6846.709548,-3800550.622,5695017.004,5284.507,0.000000,0.000000,0.000000,-3800.550622,5695.017004,5.284507,-6.348492,-4.232527,-0.002932,-6640.833081,1674.785008,2.153135,-1.867725,-7.395558,-0.006125
8,20,53.607,0.007,6875.373563,4079300.600,5534443.738,866.740,0.000000,0.000000,0.000000,4079.300600,5534.443738,0.866740,-6.119825,4.524354,-0.003964,-195.816801,6877.334207,-1.525000,-7.602435,-0.212153,-0.003713
0,9,327.225,0.065,6840.246665,5751294.946,-3702907.088,7745.056,0.000000,0.000000,0.000000,5751.294946,-3702.907088,7.745056,4.131785,6.429714,-0.006667,4923.453590,4758.401973,-4.038174,-5.294346,5.501458,-0.009946
5,14,44.235,-0.026,6857.582461,4913316.872,4783904.783,-3090.206,0.000000,0.000000,0.000000,4913.316872,4783.904783,-3.090206,-5.323927,5.457266,0.005587,-1824.691454,6604.300241,2.911005,-7.354035,-2.035513,0.005704
5,1,354.589,-0.049,6862.712930,6832133.415,-647107.210,-5832.829,0.000000,0.000000,0.000000,6832.133415,-647.107210,-5.832829,0.713513,7.584852,0.001001,2231.492178,6481.169939,-0.496973,-7.214045,2.476811,0.006536
4,12,264.563,0.057,6876.669648,-651524.523,-6845732.603,6809.104,0.000000,0.000000,0.000000,-651.524523,-6845.732603,6.809104,7.574272,-0.711229,0.000680,6122.601371,-3098.357235,3.058770,3.429600,6.808984,-0.006783
13,3,64.982,0.014,6842.617616,2893736.872,6200620.924,1704.594,0.000000,0.000000,0.000000,2893.736872,6200.620924,1.704594,-6.916389,3.237726,-0.001195,-5370.745842,4262.244728,-0.649587,-4.745912,-5.963194,-0.002125
5,4,6.040,-0.046,6861.741355,6823650.981,721977.175,-5537.697,0.000000,0.000000,0.000000,6823.650981,721.977175,-5.537697,-0.807555,7.576502,0.002267,897.028063,6794.486463,0.681634,-7.563771,0.992719,0.006516
2,21,131.379,0.041,6847.118863,-4526169.966,5137781.457,4886.478,0.000000,0.000000,0.000000,-4526.169966,5137.781457,4.886478,-5.727158,-5.040866,-0.003691,-6640.833081,1674.785008,2.153135,-1.867725,-7.395558,-0.006125
10,8,132.280,0.021,6826.196668,-4592311.560,5050507.839,2459.022,0.000000,0.000000,0.000000,-4592.311560,5050.507839,2.459022,-5.649195,-5.138934,-0.003204,-5947.781162,-3333.716659,-2.233585,3.746433,-6.664896,-0.003402
15,11,279.374,0.093,6900.787799,1123980.243,-6808628.055,11165.197,0.000000,0.000000,0.000000,1123.980243,-6808.628055,11.165197,7.498809,1.241828,-0.004392,6820.041788,-1037.435744,-0.331324,1.143835,7.516924,-0.013056
6,5,124.759,-0.021,6837.159352,-3898018.075,5617134.240,-2453.512,0.000000,0.000000,0.000000,-3898.018075,5617.134240,-2.453512,-6.268282,-4.359633,0.001287,-6348.942045,-2518.036273,0.562356,2.819699,-7.104113,0.002963
9,4,143.403,0.039,6881.511633,-5524788.876,4102668.479,4646.191,0.000000,0.000000,0.000000,-5524.788876,4102.668479,4.646191,-4.551707,-6.107714,0.003309,-5341.574872,-4370.612127,4.035935,4.797322,-5.887915,-0.004162
0,6,315.704,0.074,6841.768307,4896937.799,-4778045.274,8781.417,0.000000,0.000000,0.000000,4896.937799,-4778.045274,8.781417,5.329008,5.476189,-0.004809,5771.307473,3679.333565,-2.178939,-4.094392,6.448134,-0.010643
12,16,244.167,-0.064,6889.147258,-3001929.926,-6200702.098,-7755.118,0.000000,0.000000,0.000000,-3001.929926,-6200.702098,-7.755118,6.851105,-3.295749,-0.000075,3163.743133,-6101.044178,-4.699710,6.757280,3.523929,0.006827
2,4,66.227,0.042,6844.109420,2758928.315,6263395.462,5059.297,0.000000,0.000000,0.000000,2758.928315,6263.395462,5.059297,-6.984552,3.078619,0.003391,-5459.427707,4133.503084,4.128510,-4.607640,-6.080309,-0.004702
2,7,77.729,0.047,6844.494021,1454751.333,6688106.310,5564.110,0.000000,0.000000,0.000000,1454.751333,6688.106310,5.564110,-7.457618,1.624582,0.002199,-6173.841560,2963.528265,3.205046,-3.303726,-6.875786,-0.005524
18,8,270.975,0.024,6868.240078,116929.341,-6867244.055,2896.606,0.000000,0.000000,0.000000,116.929341,-6867.244055,2.896606,7.623030,0.117463,-0.009570,6713.001568,-1538.580150,-7.700240,1.712464,7.407741,-0.005420
14,13,128.193,-0.049,6859.318259,-4241246.500,5390922.037,-5890.551,0.000000,0.000000,0.000000,-4241.246500,5390.922037,-5.890551,-5.994342,-4.706929,-0.002008,-6685.499786,-1553.052955,-4.134110,1.723290,-7.419328,0.005073
14,11,120.553,-0.047,6858.442217,-3486391.788,5906206.109,-5597.991,0.000000,0.000000,0.000000,-3486.391788,5906.206109,-5.597991,-6.567953,-3.868352,-0.002861,-6685.499786,-1553.052955,-4.134110,1.723290,-7.419328,0.005073
7,4,305.415,-0.079,6849.243545,3969095.569,-5581964.468,-9496.662,0.000000,0.000000,0.000000,3969.095569,-5581.964468,-9.496662,6.211895,4.425233,-0.009876,6339.659540,2570.748961,-10.816336,-2.873982,7.074585,0.008026
6,3,117.082,-0.022,6838.116202,-3113128.971,6088370.432,-2585.527,0.000000,0.000000,0.000000,-3113.128971,6088.370432,-2.585527,-6.793590,-3.482612,0.000910,-6629.191657,-1645.453967,0.202815,1.844136,-7.417083,0.003020
13,20,130.098,-0.002,6854.491975,-4414913.836,5243338.249,-256.648,0.000000,0.000000,0.000000,-4414.913836,5243.338249,-0.256648,-5.839108,-4.901255,-0.002226,-6717.534243,1391.471155,-1.440525,-1.551305,-7.457563,-0.001573
18,2,248.067,0.050,6864.747707,-2564156.401,-6367874.587,6022.986,0.000000,0.000000,0.000000,-2564.156401,-6367.874587,6.022986,7.073157,-2.855505,-0.007566,5588.411789,-4015.396816,-5.198685,4.453732,6.169810,-0.008295
1,8,40.620,0.005,6857.050156,5204814.566,4464195.533,648.101,0.000000,0.000000,0.000000,5204.814566,4464.195533,0.648101,-4.963453,5.792351,0.013774,-3119.345079,6115.741798,12.201939,-6.790708,-3.454480,0.002549
4,3,230.354,0.044,6879.717447,-4389551.645,-5297388.091,5282.975,0.000000,0.000000,0.000000,-4389.551645,-5297.388091,5.282975,5.856125,-4.850759,0.004802,4080.149910,-5524.896606,5.478821,6.118353,4.536979,-0.004533
11,4,198.630,0.034,6917.731683,-6555246.751,-2209917.471,4053.762,0.000000,0.000000,0.000000,-6555.246751,-2209.917471,4.053762,2.420347,-7.193400,0.004369,485.711075,-6903.069653,4.874799,7.568245,0.533561,-0.003202
1,18,78.846,0.068,6860.475389,1327158.143,6730877.135,8174.660,0.000000,0.000000,0.000000,1327.158143,6730.877135,8.174660,-7.478791,1.482198,0.010378,-3904.202010,5648.274257,12.398814,-6.270941,-4.325068,0.000728
2,3,62.393,0.041,6844.003560,3171516.560,6064803.704,4844.644,0.000000,0.000000,0.000000,3171.516560,6064.803704,4.844644,-6.763259,3.538642,0.003761,-5170.980541,4488.816899,4.401206,-5.003692,-5.759071,-0.004384
9,3,139.597,0.037,6880.759300,-5239726.095,4459831.757,4437.586,0.000000,0.000000,0.000000,-5239.726095,4459.831757,4.437586,-4.946921,-5.793344,0.003642,-5617.550196,-4008.058224,4.276646,4.398482,-6.192842,-0.003859
16,0,189.802,0.017,6863.218627,-6763035.447,-1168382.444,1983.528,0.000000,0.000000,0.000000,-6763.035447,-1168.382444,1.983528,1.294305,-7.510619,-0.004316,-465.859630,-6850.798737,-3.309230,7.599889,-0.518425,-0.003161
8,10,15.513,0.024,6867.942986,6617740.302,1836884.810,2889.171,0.000000,0.000000,0.000000,6617.740302,1836.884810,2.889171,-2.025282,7.344776,-0.002526,-195.816801,6877.334207,-1.525000,-7.602435,-0.212153,-0.003713
15,7,264.230,0.098,6901.757498,-693885.021,-6866778.025,11819.222,0.000000,0.000000,0.000000,-693.885021,-6866.778025,11.819222,7.561783,-0.759928,-0.001027,6481.791692,-2361.289025,2.009826,2.602171,7.144307,-0.012872
8,15,34.570,0.017,6871.808371,5658449.125,3899192.204,1986.785,0.000000,0.000000,0.000000,5658.449125,3899.192204,1.986785,-4.310274,6.277239,-0.003434,-195.816801,6877.334207,-1.525000,-7.602435,-0.212153,-0.003713
12,21,263.152,-0.061,6883.175987,-820703.908,-6834069.261,-7355.365,0.000000,0.000000,0.000000,-820.703908,-6834.069261,-7.355365,7.557337,-0.886928,0.002717,3163.743133,-6101.044178,-4.699710,6.757280,3.523929,0.006827
2,18,119.886,0.046,6846.504272,-3411431.946,5936052.825,5448.515,0.000000,0.000000,0.000000,-3411.431946,5936.052825,5.448515,-6.617304,-3.799001,-0.002532,-6640.833081,1674.785008,2.153135,-1.867725,-7.395558,-0.006125
3,6,270.421,-0.040,6915.216188,50838.388,-6915027.653,-4790.928,0.000000,0.000000,0.000000,50.838388,-6915.027653,-4.790928,7.598664,0.062864,-0.000134,6712.232663,-1675.803317,-1.317338,1.850850,7.366626,0.005059
12,19,255.554,-0.063,6885.617247,-1717718.235,-6667916.536,-7615.844,0.000000,0.000000,0.000000,-1717.718235,-6667.916536,-7.615844,7.371015,-1.878049,0.001618,3163.743133,-6101.044178,-4.699710,6.757280,3.523929,0.006827
7,18,359.056,-0.107,6843.170922,6842229.975,-112757.354,-12767.788,0.000000,0.000000,0.000000,6842.229975,-112.757354,-12.767788,0.119089,7.632792,0.002671,4827.908673,4844.970439,-7.143105,-5.411608,5.389428,0.012106
5,13,40.414,-0.029,6858.029501,5221589.109,4446072.888,-3418.326,0.000000,0.000000,0.000000,5221.589109,4446.072888,-3.418326,-4.948017,5.799612,0.005346,-1824.691454,6604.300241,2.911005,-7.354035,-2.035513,0.005704
19,11,69.596,-0.043,6838.663705,2384186.461,6409598.251,-5142.778,0.000000,0.000000,0.000000,2384.186461,6409.598251,-5.142778,-7.151024,2.677213,0.002875,-5426.279007,4187.223369,0.946469,-4.659930,-6.027334,0.006327
9,10,166.217,0.045,6886.977495,-6688666.168,1640784.654,5442.984,0.000000,0.000000,0.000000,-6688.666168,1640.784654,5.442984,-1.829816,-7.387966,0.001060,-3245.480799,-6096.598485,2.263908,6.694266,-3.575963,-0.005553
7,18,359.056,-0.107,6843.170922,6842229.975,-112757.354,-12767.788,0.000000,0.000000,0.000000,6842.229975,-112.757354,-12.767788,0.119089,7.632792,0.002671,4827.908673,4844.970439,-7.143105,-5.411608,5.389428,0.012106
0,14,346.434,0.045,6839.197988,6648395.101,-1604195.458,5351.896,0.000000,0.000000,0.000000,6648.395101,-1604.195458,5.351896,1.792720,7.430804,-0.009138,4595.030905,5077.613720,-4.625452,-5.648975,5.135000,-0.009623
5,23,78.653,0.002,6853.803189,1348518.689,6719830.014,289.470,0.000000,0.000000,0.000000,1348.518689,6719.830014,0.289470,-7.480330,1.494893,0.006552,-1824.691454,6604.300241,2.911005,-7.354035,-2.035513,0.005704
6,17,170.864,-0.007,6831.941969,-6745282.041,1084712.167,-871.625,0.000000,0.000000,0.000000,-6745.282041,1084.712167,-0.871625,-1.207568,-7.545103,0.002868,-5164.717605,-4469.058891,1.403280,5.000945,-5.780411,0.002591
18,21,320.500,-0.039,6880.400056,5309082.202,-4376474.507,-4689.932,0.000000,0.000000,0.000000,5309.082202,-4376.474507,-4.689932,4.853868,5.861674,-0.008658,6859.019589,-638.757248,-8.281235,0.717725,7.567333,-0.004249
1,2,17.671,-0.035,6856.340583,6532819.890,2081262.255,-4230.531,0.000000,0.000000,0.000000,6532.819890,2081.262255,-4.230531,-2.315428,7.268978,0.012966,-493.456518,6844.585300,10.347181,-7.603015,-0.539972,0.007619
8,7,4.068,0.027,6865.655852,6848354.670,487091.177,3283.459,0.000000,0.000000,0.000000,6848.354670,487.091177,3.283459,-0.528328,7.603094,-0.001840,1167.463381,6779.343135,-0.830886,-7.495018,1.297450,-0.003974
0,1,296.517,0.081,6845.595112,3056313.773,-6125440.741,9710.418,0.000000,0.000000,0.000000,3056.313773,-6125.440741,9.710418,6.826738,3.423085,-0.001327,6656.786475,1576.760636,1.075604,-1.753034,7.438226,-0.010851
8,16,38.379,0.015,6872.558666,5387518.157,4266931.869,1776.516,0.000000,0.000000,0.000000,5387.518157,4266.931869,1.776516,-4.717410,5.976251,-0.003573,-195.816801,6877.334207,-1.525000,-7.602435,-0.212153,-0.003713
11,14,236.334,0.047,6919.792288,-3835965.812,-5759241.249,5642.736,0.000000,0.000000,0.000000,-3835.965812,-5759.241249,5.642736,6.313696,-4.207854,0.000736,3102.663591,-6184.816493,3.376562,6.780962,3.404905,-0.005013
4,4,234.154,0.046,6879.605736,-4028773.582,-5576551.587,5559.256,0.000000,0.000000,0.000000,-4028.773582,-5576.551587,5.559256,6.165398,-4.451271,0.004404,4437.946574,-5240.646678,5.194906,5.803781,4.934548,-0.004927
9,13,177.610,0.046,6890.137714,-6884139.885,287376.461,5525.377,0.000000,0.000000,0.000000,-6884.139885,287.376461,5.525377,-0.335302,-7.600312,-0.000148,-3245.480799,-6096.598485,2.263908,6.694266,-3.575963,-0.005553
1,23,97.942,0.090,6862.849874,-948204.745,6797021.401,10781.034,0.000000,0.000000,0.000000,-948.204745,6797.021401,10.781034,-7.549655,-1.044887,0.006837,-3904.202010,5648.274257,12.398814,-6.270941,-4.325068,0.000728
11,7,209.944,0.039,6918.489838,-5994975.720,-3453367.217,4756.213,0.000000,0.000000,0.000000,-5994.975720,-3453.367217,4.756213,3.784565,-6.577807,0.003411,1829.729718,-6673.574247,4.207407,7.316761,2.008130,-0.004189
4,23,306.446,0.046,6868.197421,4080149.910,-5524896.606,5478.821,0.000000,0.000000,0.000000,4080.149910,-5524.896606,5.478821,6.118353,4.536979,-0.004533,6122.601371,-3098.357235,3.058770,3.429600,6.808984,-0.006783
8,11,19.326,0.023,6868.719867,6481663.297,2273179.725,2731.312,0.000000,0.000000,0.000000,6481.663297,2273.179725,2.731312,-2.508917,7.193031,-0.002734,-195.816801,6877.334207,-1.525000,-7.602435,-0.212153,-0.003713
4,12,264.563,0.057,6876.669648,-651524.523,-6845732.603,6809.104,0.000000,0.000000,0.000000,-651.524523,-6845.732603,6.809104,7.574272,-0.711229,0.000680,6122.601371,-3098.357235,3.058770,3.429600,6.808984,-0.006783
9,21,207.937,0.039,6898.809521,-6094830.972,-3232117.902,4701.089,0.000000,0.000000,0.000000,-6094.830972,-3232.117902,4.701089,3.544487,-6.720739,-0.003205,-3245.480799,-6096.598485,2.263908,6.694266,-3.575963,-0.005553
8,10,15.513,0.024,6867.942986,6617740.302,1836884.810,2889.171,0.000000,0.000000,0.000000,6617.740302,1836.884810,2.889171,-2.025282,7.344776,-0.002526,-195.816801,6877.334207,-1.525000,-7.602435,-0.212153,-0.003713
2,16,112.223,0.048,6846.097071,-2589257.302,6337567.294,5702.847,0.000000,0.000000,0.000000,-2589.257302,6337.567294,5.702847,-7.065191,-2.882902,-0.001700,-6640.833081,1674.785008,2.153135,-1.867725,-7.395558,-0.006125
15,21,317.250,0.053,6898.952003,5066089.050,-4682973.408,6367.020,0.000000,0.000000,0.000000,5066.089050,-4682.973408,6.367020,5.159366,5.584429,-0.011017,6820.041788,-1037.435744,-0.331324,1.143835,7.516924,-0.013056
5,5,9.857,-0.045,6861.378992,6760084.463,1174627.884,-5389.456,0.000000,0.000000,0.000000,6760.084463,1174.627884,-5.389456,-1.310558,7.506270,0.002672,441.540270,6838.866207,1.070760,-7.613518,0.486044,0.006450
19,23,115.580,-0.014,6849.731015,-2957545.425,6178328.017,-1716.626,0.000000,0.000000,0.000000,-2957.545425,6178.328017,-1.716626,-6.881733,-3.279935,0.006123,-5426.279007,4187.223369,0.946469,-4.659930,-6.027334,0.006327
5,7,17.494,-0.042,6860.606013,6543304.842,2062292.752,-5021.936,0.000000,0.000000,0.000000,6543.304842,2062.292752,-5.021936,-2.297139,7.266216,0.003444,-473.299882,6836.122511,1.832983,-7.611151,-0.531750,0.006234
14,18,147.287,-0.051,6861.260698,-5772954.212,3708080.382,-6157.591,0.000000,0.000000,0.000000,-5772.954212,3708.080382,-6.157591,-4.122586,-6.407707,0.000244,-6685.499786,-1553.052955,-4.134110,1.723290,-7.419328,0.005073
19,15,84.941,-0.036,6842.569797,603365.947,6815914.661,-4277.571,0.000000,0.000000,0.000000,603.365947,6815.914661,-4.277571,-7.600213,0.689063,0.004291,-5426.279007,4187.223369,0.946469,-4.659930,-6.027334,0.006327
8,14,30.761,0.018,6871.045958,5904367.092,3514216.414,2188.272,0.000000,0.000000,0.000000,5904.367092,3514.216414,2.188272,-3.883948,6.550574,-0.003280,-195.816801,6877.334207,-1.525000,-7.602435,-0.212153,-0.003713
18,11,282.420,0.009,6870.653727,1477659.478,-6709873.608,1127.859,0.000000,0.000000,0.000000,1477.659478,-6709.873608,1.127859,7.445998,1.625023,-0.010017,6859.019589,-638.757248,-8.281235,0.717725,7.567333,-0.004249
3,19,319.546,-0.027,6914.642551,5261566.799,-4486444.695,-3230.308,0.000000,0.000000,0.000000,5261.566799,-4486.444695,-3.230308,4.935114,5.779087,0.003888,6920.055730,129.578204,-0.071676,-0.128573,7.591197,0.005261
5,17,55.704,-0.017,6856.250569,3863322.474,5664177.540,-2029.501,0.000000,0.000000,0.000000,3863.322474,5664.177540,-2.029501,-6.303802,4.290759,0.006159,-1824.691454,6604.300241,2.911005,-7.354035,-2.035513,0.005704
16,21,269.923,-0.029,6866.712323,-9171.154,-6866705.311,-3491.424,0.000000,0.000000,0.000000,-9.171154,-6866.705311,-3.491424,7.617440,-0.011602,-0.002910,3864.136841,-5676.593855,-4.362275,6.296461,4.286694,-0.000219
0,13,342.592,0.049,6839.252956,6526006.778,-2046113.846,5887.761,0.000000,0.000000,0.000000,6526.006778,-2046.113846,5.887761,2.285364,7.294305,-0.008718,4595.030905,5077.613720,-4.625452,-5.648975,5.135000,-0.009623
18,1,244.247,0.054,6864.370327,-2982546.874,-6182552.253,6463.284,0.000000,0.000000,0.000000,-2982.546874,-6182.552253,6.463284,6.868032,-3.319636,-0.007105,5309.082202,-4376.474507,-4.689932,4.853868,5.861674,-0.008658
13,10,91.822,0.009,6847.109823,-217738.231,6843646.829,1037.124,0.000000,0.000000,0.000000,-217.738231,6843.646829,1.037124,-7.628214,-0.230712,-0.001924,-6717.534243,1391.471155,-1.440525,-1.551305,-7.457563,-0.001573
12,13,232.791,-0.063,6892.396230,-4167968.853,-5489362.789,-7589.076,0.000000,0.000000,0.000000,-4167.968853,-5489.362789,-7.589076,6.062428,-4.581705,-0.001763,3163.743133,-6101.044178,-4.699710,6.757280,3.523929,0.006827
13,8,84.157,0.011,6845.706019,696865.048,6810144.523,1258.116,0.000000,0.000000,0.000000,696.865048,6810.144523,1.258116,-7.592446,0.788356,-0.001753,-6472.295520,2271.376289,-1.239564,-2.530011,-7.185770,-0.001772
17,23,51.243,-0.003,6908.964867,4325152.715,5387657.134,-364.693,0.000000,0.000000,0.000000,4325.152715,5387.657134,-0.364693,-5.927434,4.745980,0.004640,1470.025489,6746.278451,1.553833,-7.426237,1.607185,0.004332
10,19,174.601,-0.001,6823.038416,-6792772.371,641947.610,-109.571,0.000000,0.000000,0.000000,-6792.772371,641.947610,-0.109571,-0.711418,-7.607232,-0.004222,-5445.787127,-4100.949425,-2.620440,4.607575,-6.102966,-0.003035
11,10,221.255,0.044,6919.139027,-5201665.672,-4562579.457,5273.781,0.000000,0.000000,0.000000,-5201.665672,-4562.579457,5.273781,5.001275,-5.706743,0.002321,3102.663591,-6184.816493,3.376562,6.780962,3.404905,-0.005013
13,17,118.624,0.001,6852.318379,-3282634.876,6014862.876,146.547,0.000000,0.000000,0.000000,-3282.634876,6014.862876,0.146547,-6.699818,-3.642363,-0.002239,-6717.534243,1391.471155,-1.440525,-1.551305,-7.457563,-0.001573
17,9,358.397,-0.030,6914.399788,6911692.134,-193451.302,-3587.716,0.000000,0.000000,0.000000,6911.692134,-193.451302,-3.587716,0.210018,7.584458,0.002482,1912.073273,6635.219241,1.290688,-7.303344,2.093422,0.004436
1,8,40.620,0.005,6857.050156,5204814.566,4464195.533,648.101,0.000000,0.000000,0.000000,5204.814566,4464.195533,0.648101,-4.963453,5.792351,0.013774,-3119.345079,6115.741798,12.201939,-6.790708,-3.454480,0.002549
19,20,104.098,-0.023,6847.241185,-1667871.316,6641002.139,-2776.934,0.000000,0.000000,0.000000,-1667.871316,6641.002139,-2.776934,-7.400031,-1.843392,0.005619,-5426.279007,4187.223369,0.946469,-4.659930,-6.027334,0.006327
4,20,295.013,0.052,6870.826706,2905124.818,-6226433.266,6180.577,0.000000,0.000000,0.000000,2905.124818,-6226.433266,6.180577,6.893963,3.232228,-0.003239,6122.601371,-3098.357235,3.058770,3.429600,6.808984,-0.006783
6,11,147.803,-0.015,6834.339101,-5783341.802,3641585.545,-1806.787,0.000000,0.000000,0.000000,-5783.341802,3641.585545,-1.806787,-4.063741,-6.467756,0.002257,-5164.717605,-4469.058891,1.403280,5.000945,-5.780411,0.002591
19,0,27.313,-0.046,6829.492764,6068098.691,3133706.916,-5537.125,0.000000,0.000000,0.000000,6068.098691,3133.706916,-5.537125,-3.499148,6.798317,-0.001738,-1667.871316,6641.002139,-2.776934,-7.400031,-1.843392,0.005619
10,4,116.896,0.026,6826.295045,-3088017.365,6087893.149,3130.509,0.000000,0.000000,0.000000,-3088.017365,6087.893149,3.130509,-6.811091,-3.453897,-0.002358,-6622.080116,-1633.406352,-1.346461,1.839095,-7.418651,-0.003946
17,6,347.080,-0.033,6914.618376,6739567.245,-1546015.829,-3961.713,0.000000,0.000000,0.000000,6739.567245,-1546.015829,-3.961713,1.696228,7.395085,0.001660,3180.734986,6131.192568,0.472223,-6.746890,3.488372,0.004628
13,21,133.921,-0.003,6855.184639,-4755169.081,4937805.513,-389.557,0.000000,0.000000,0.000000,-4755.169081,4937.805513,-0.389557,-5.498542,-5.279371,-0.002202,-6717.534243,1391.471155,-1.440525,-1.551305,-7.457563,-0.001573
6,22,190.093,0.000,6830.547753,-6724836.864,-1197059.631,21.268,0.000000,0.000000,0.000000,-6724.836864,-1197.059631,0.021268,1.342849,-7.523787,0.003029,-5164.717605,-4469.058891,1.403280,5.000945,-5.780411,0.002591
19,10,65.757,-0.044,6837.699968,2807579.661,6234710.031,-5303.624,0.000000,0.000000,0.000000,2807.579661,6234.710031,-5.303624,-6.956793,3.150249,0.002484,-5426.279007,4187.223369,0.946469,-4.659930,-6.027334,0.006327
13,7,80.324,0.011,6845.034308,1150514.112,6747652.192,1360.415,0.000000,0.000000,0.000000,1150.514112,6747.652192,1.360415,-7.523551,1.293970,-0.001656,-6306.222663,2697.154799,-1.130590,-3.003718,-7.001583,-0.001859
13,6,76.489,0.012,6844.386770,1599017.397,6654980.954,1456.630,0.000000,0.000000,0.000000,1599.017397,6654.980954,1.456630,-7.420981,1.793943,-0.001550,-6112.114520,3110.942611,-1.016589,-3.464174,-6.786225,-0.001939
14,19,151.104,-0.051,6861.592794,-6007308.384,3315669.478,-6129.293,0.000000,0.000000,0.000000,-6007.308384,3315.669478,-6.129293,-3.686340,-6.667810,0.000699,-6685.499786,-1553.052955,-4.134110,1.723290,-7.419328,0.005073
6,17,170.864,-0.007,6831.941969,-6745282.041,1084712.167,-871.625,0.000000,0.000000,0.000000,-6745.282041,1084.712167,-0.871625,-1.207568,-7.545103,0.002868,-5164.717605,-4469.058891,1.403280,5.000945,-5.780411,0.002591
12,7,210.068,-0.053,6897.557991,-5969339.199,-3455901.482,-6380.506,0.000000,0.000000,0.000000,-5969.339199,-3455.901482,-6.380506,3.814258,-6.565814,-0.004862,1892.778600,-6610.248288,-5.827359,7.317597,2.115481,0.005661
11,12,228.795,0.046,6919.498633,-4558245.082,-5205942.065,5505.885,0.000000,0.000000,0.000000,-4558.245082,-5205.942065,5.505885,5.706897,-5.000501,0.001542,3102.663591,-6184.816493,3.376562,6.780962,3.404905,-0.005013
4,14,272.171,0.057,6875.429589,260458.304,-6870491.019,6830.451,0.000000,0.000000,0.000000,260.458304,-6870.491019,6.830451,7.603077,0.299287,-0.000325,6122.601371,-3098.357235,3.058770,3.429600,6.808984,-0.006783
0,9,327.225,0.065,6840.246665,5751294.946,-3702907.088,7745.056,0.000000,0.000000,0.000000,5751.294946,-3702.907088,7.745056,4.131785,6.429714,-0.006667,4923.453590,4758.401973,-4.038174,-5.294346,5.501458,-0.009946
12,20,259.352,-0.062,6884.401879,-1272007.016,-6765865.141,-7502.095,0.000000,0.000000,0.000000,-1272.007016,-6765.865141,-7.502095,7.480594,-1.385666,0.002172,3163.743133,-6101.044178,-4.699710,6.757280,3.523929,0.006827
18,17,305.281,-0.021,6876.338762,3971676.205,-5613360.561,-2472.018,0.000000,0.000000,0.000000,3971.676205,-5613.360561,-2.472018,6.225987,4.384604,-0.009716,6859.019589,-638.757248,-8.281235,0.717725,7.567333,-0.004249
14,14,132.013,-0.050,6859.738714,-4591215.713,5096735.969,-5997.853,0.000000,0.000000,0.000000,-4591.215713,5096.735969,-5.997853,-5.666988,-5.095630,-0.001567,-6685.499786,-1553.052955,-4.134110,1.723290,-7.419328,0.005073
14,9,112.911,-0.043,6857.532369,-2669600.080,6316562.238,-5205.980,0.000000,0.000000,0.000000,-2669.600080,6316.562238,-5.205980,-7.025081,-2.960712,-0.003663,-6773.990611,-1104.777506,-4.429115,1.225312,-7.517663,0.004757
17,7,350.852,-0.032,6914.587741,6826646.125,-1099277.697,-3853.587,0.000000,0.000000,0.000000,6826.646125,-1099.277697,-3.853587,1.205351,7.490802,0.001943,2769.291951,6326.997233,0.748702,-6.962912,3.036062,0.004584
19,21,107.926,-0.020,6848.105083,-2107816.757,6515646.232,-2433.841,0.000000,0.000000,0.000000,-2107.816757,6515.646232,-2.433841,-7.259367,-2.333551,0.005813,-5426.279007,4187.223369,0.946469,-4.659930,-6.027334,0.006327
17,16,24.809,-0.018,6912.482347,6274527.297,2900467.984,-2206.952,0.000000,0.000000,0.000000,6274.527297,2900.467984,-2.206952,-3.190616,6.886222,0.003976,1470.025489,6746.278451,1.553833,-7.426237,1.607185,0.004332
13,5,72.654,0.013,6843.766308,2040366.945,6532536.844,1546.329,0.000000,0.000000,0.000000,2040.366945,6532.536844,1.546329,-7.285179,2.286028,-0.001438,-5890.827818,3510.896996,-0.898068,-3.909334,-6.540637,-0.002010
18,5,259.524,0.038,6866.244840,-1248437.394,-6751792.471,4550.265,0.000000,0.000000,0.000000,-1248.437394,-6751.792471,4.550265,7.497247,-1.396213,-0.008743,6274.473498,-2832.874312,-6.579238,3.144280,6.925774,-0.006995
3,8,277.977,-0.039,6914.485235,959601.348,-6847572.461,-4765.404,0.000000,0.000000,0.000000,959.601348,-6847.572461,-4.765404,7.525466,1.059815,0.000559,6875.613137,-779.858615,-0.700567,0.868327,7.544199,0.005205
14,10,116.732,-0.045,6857.990520,-3084855.421,6125003.811,-5414.024,0.000000,0.000000,0.000000,-3084.855421,6125.003811,-5.414024,-6.811641,-3.422187,-0.003269,-6685.499786,-1553.052955,-4.134110,1.723290,-7.419328,0.005073
16,19,262.296,-0.026,6866.517529,-920484.109,-6804539.830,-3112.375,0.000000,0.000000,0.000000,-920.484109,-6804.539830,-3.112375,7.548665,-1.022973,-0.003398,3864.136841,-5676.593855,-4.362275,6.296461,4.286694,-0.000219
18,2,248.067,0.050,6864.747707,-2564156.401,-6367874.587,6022.986,0.000000,0.000000,0.000000,-2564.156401,-6367.874587,6.022986,7.073157,-2.855505,-0.007566,5588.411789,-4015.396816,-5.198685,4.453732,6.169810,-0.008295
9,20,204.150,0.041,6897.761777,-6294029.794,-2822106.065,4882.950,0.000000,0.000000,0.000000,-6294.029794,-2822.106065,4.882950,3.093021,-6.941362,-0.002855,-3245.480799,-6096.598485,2.263908,6.694266,-3.575963,-0.005553
12,5,202.501,-0.048,6898.771208,-6373598.281,-2640124.268,-5743.111,0.000000,0.000000,0.000000,-6373.598281,-2640.124268,-5.743111,2.913652,-7.010618,-0.005746,1000.567718,-6805.107800,-6.453316,7.530675,1.127571,0.004757
17,10,2.169,-0.028,6914.243284,6909287.809,261706.679,-3431.122,0.000000,0.000000,0.000000,6909.287809,261.706679,-3.431122,-0.290138,7.581988,0.002736,1470.025489,6746.278451,1.553833,-7.426237,1.607185,0.004332
0,20,9.485,0.014,6840.498714,6746976.113,1127267.941,1723.764,0.000000,0.000000,0.000000,6746.976113,1127.267941,1.723764,-1.252147,7.539273,-0.010746,4595.030905,5077.613720,-4.625452,-5.648975,5.135000,-0.009623
3,18,315.768,-0.029,6914.333493,4954259.089,-4823205.633,-3456.399,0.000000,0.000000,0.000000,4954.259089,-4823.205633,-3.456399,5.304781,5.442211,0.003646,6920.055730,129.578204,-0.071676,-0.128573,7.591197,0.005261
11,6,206.173,0.038,6918.247850,-6208901.212,-3051504.290,4541.398,0.000000,0.000000,0.000000,-6208.901212,-3051.504290,4.541398,3.343703,-6.812793,0.003747,1387.080516,-6779.530289,4.449454,7.432889,1.522467,-0.003876
6,18,174.710,-0.006,6831.612107,-6802509.992,629905.786,-697.722,0.000000,0.000000,0.000000,-6802.509992,629.905786,-0.697722,-0.699303,-7.609428,0.002927,-5164.717605,-4469.058891,1.403280,5.000945,-5.780411,0.002591
7,13,339.887,-0.108,6845.311317,6427859.436,-2353878.728,-12846.309,0.000000,0.000000,0.000000,6427.859436,-2353.878728,-12.846309,2.617184,7.168516,-0.002151,4827.908673,4844.970439,-7.143105,-5.411608,5.389428,0.012106
17,17,28.584,-0.016,6912.063737,6069603.320,3307043.510,-1963.754,0.000000,0.000000,0.000000,6069.603320,3307.043510,-1.963754,-3.637725,6.661383,0.004127,1470.025489,6746.278451,1.553833,-7.426237,1.607185,0.004332
13,7,80.324,0.011,6845.034308,1150514.112,6747652.192,1360.415,0.000000,0.000000,0.000000,1150.514112,6747.652192,1.360415,-7.523551,1.293970,-0.001656,-6306.222663,2697.154799,-1.130590,-3.003718,-7.001583,-0.001859
4,14,272.171,0.057,6875.429589,260458.304,-6870491.019,6830.451,0.000000,0.000000,0.000000,260.458304,-6870.491019,6.830451,7.603077,0.299287,-0.000325,6122.601371,-3098.357235,3.058770,3.429600,6.808984,-0.006783
8,9,11.699,0.025,6867.171082,6724514.448,1392456.425,3034.236,0.000000,0.000000,0.000000,6724.514448,1392.456425,3.034236,-1.532515,7.464043,-0.002307,260.425533,6874.907956,-1.299011,-7.600061,0.293008,-0.003817
5,15,48.058,-0.023,6857.135635,4583190.181,5100457.756,-2748.340,0.000000,0.000000,0.000000,4583.190181,5100.457756,-2.748340,-5.676228,5.090576,0.005804,-1824.691454,6604.300241,2.911005,-7.354035,-2.035513,0.005704
8,22,61.216,0.003,6876.626184,3311118.603,6026979.436,384.801,0.000000,0.000000,0.000000,3311.118603,6026.979436,0.384801,-6.664318,3.672571,-0.004056,-195.816801,6877.334207,-1.525000,-7.602435,-0.212153,-0.003713
7,16,351.387,-0.109,6843.999596,6766803.828,-1024952.737,-12973.142,0.000000,0.000000,0.000000,6766.803828,-1024.952737,-12.973142,1.136075,7.547777,0.000747,4827.908673,4844.970439,-7.143105,-5.411608,5.389428,0.012106
8,23,65.020,0.001,6877.203819,2904251.234,6233879.781,140.751,0.000000,0.000000,0.000000,2904.251234,6233.879781,0.140751,-6.892933,3.221591,-0.004076,-195.816801,6877.334207,-1.525000,-7.602435,-0.212153,-0.003713
1,14,63.560,0.045,6858.828935,3053948.000,6141409.166,5424.346,0.000000,0.000000,0.000000,3053.948000,6141.409166,5.424346,-6.825650,3.401114,0.012405,-3904.202010,5648.274257,12.398814,-6.270941,-4.325068,0.000728
11,2,191.086,0.029,6917.180109,-6788098.559,-1330070.068,3495.942,0.000000,0.000000,0.000000,-6788.098559,-1330.070068,3.495942,1.454869,-7.449539,0.004915,-424.059072,-6907.217771,5.215834,7.572701,-0.464519,-0.002473
11,8,213.715,0.041,6918.719684,-5755082.293,-3840271.521,4950.425,0.000000,0.000000,0.000000,-5755.082293,-3840.271521,4.950425,4.208989,-6.314353,0.003060,2264.457940,-6538.728074,3.947147,7.168951,2.485125,-0.004483
17,19,36.135,-0.012,6911.134218,5581661.469,4075393.149,-1452.858,0.000000,0.000000,0.000000,5581.661469,4075.393149,-1.452858,-4.482913,6.125853,0.004375,1470.025489,6746.278451,1.553833,-7.426237,1.607185,0.004332
4,15,275.976,0.057,6874.746588,715732.370,-6837384.122,6795.900,0.000000,0.000000,0.000000,715.732370,-6837.384122,6.795900,7.567141,0.803895,-0.000826,6122.601371,-3098.357235,3.058770,3.429600,6.808984,-0.006783
5,18,59.527,-0.014,6855.816269,3476777.417,5908826.682,-1655.723,0.000000,0.000000,0.000000,3476.777417,5908.826682,-1.655723,-6.576262,3.861175,0.006296,-1824.691454,6604.300241,2.911005,-7.354035,-2.035513,0.005704
12,12,229.002,-0.062,6893.394332,-4522320.327,-5202638.612,-7466.741,0.000000,0.000000,0.000000,-4522.320327,-5202.638612,-7.466741,5.745000,-4.972251,-0.002313,3163.743133,-6101.044178,-4.699710,6.757280,3.523929,0.006827
1,17,75.025,0.063,6860.036749,1772605.145,6627059.562,7534.273,0.000000,0.000000,0.000000,1772.605145,6627.059562,7.534273,-7.363941,1.977122,0.010960,-3904.202010,5648.274257,12.398814,-6.270941,-4.325068,0.000728
5,21,71.001,-0.004,6854.569379,2231492.178,6481169.939,-496.973,0.000000,0.000000,0.000000,2231.492178,6481.169939,-0.496973,-7.214045,2.476811,0.006536,-1824.691454,6604.300241,2.911005,-7.354035,-2.035513,0.005704
0,3,304.189,0.079,6843.889426,3845771.955,-5661163.393,9464.865,0.000000,0.000000,0.000000,3845.771955,-5661.163393,9.464865,6.311205,4.303437,-0.002759,6387.475574,2452.572333,-0.232248,-2.728692,7.136854,-0.010914
19,4,42.702,-0.048,6832.354027,5021059.919,4633571.599,-5750.965,0.000000,0.000000,0.000000,5021.059919,4633.571599,-5.750965,-5.173387,5.625686,-0.000034,-3363.542715,5967.891965,-1.345714,-6.646490,-3.731967,0.006237
8,17,42.187,0.013,6873.293531,5092779.616,4615815.997,1558.397,0.000000,0.000000,0.000000,5092.779616,4615.815997,1.558397,-5.103570,5.648956,-0.003695,-195.816801,6877.334207,-1.525000,-7.602435,-0.212153,-0.003713
2,2,58.559,0.039,6843.909703,3569913.747,5839074.809,4608.313,0.000000,0.000000,0.000000,3569.913747,5839.074809,4.608313,-6.511693,3.982852,0.004114,-4859.431295,4824.076257,4.654239,-5.377422,-5.412075,-0.004047
17,4,339.536,-0.034,6914.552305,6478187.209,-2417458.799,-4126.001,0.000000,0.000000,0.000000,6478.187209,-2417.458799,-4.126001,2.653807,7.107945,0.001074,3960.357617,5660.491467,-0.085689,-6.228008,4.345184,0.004657
4,2,226.554,0.042,6879.769305,-4730992.674,-4994888.304,4983.421,0.000000,0.000000,0.000000,-4730.992674,-4994.888304,4.983421,5.521066,-5.228864,0.005179,3704.288556,-5784.685514,5.738478,6.405719,4.119483,-0.004119
1,21,90.305,0.082,6861.872150,-36518.039,6861767.882,9867.401,0.000000,0.000000,0.000000,-36.518039,6861.767882,9.867401,-7.622634,-0.032551,0.008368,-3904.202010,5648.274257,12.398814,-6.270941,-4.325068,0.000728
4,21,298.823,0.050,6869.965953,3312032.986,-6018873.152,5972.739,0.000000,0.000000,0.000000,3312.032986,-6018.873152,5.972739,6.664629,3.683920,-0.003687,6122.601371,-3098.357235,3.058770,3.429600,6.808984,-0.006783
12,20,259.352,-0.062,6884.401879,-1272007.016,-6765865.141,-7502.095,0.000000,0.000000,0.000000,-1272.007016,-6765.865141,-7.502095,7.480594,-1.385666,0.002172,3163.743133,-6101.044178,-4.699710,6.757280,3.523929,0.006827
5,13,40.414,-0.029,6858.029501,5221589.109,4446072.888,-3418.326,0.000000,0.000000,0.000000,5221.589109,4446.072888,-3.418326,-4.948017,5.799612,0.005346,-1824.691454,6604.300241,2.911005,-7.354035,-2.035513,0.005704
10,10,139.972,0.017,6825.922913,-5226803.799,4390186.948,2053.565,0.000000,0.000000,0.000000,-5226.803799,4390.186948,2.053565,-4.909755,-5.849875,-0.003544,-5445.787127,-4100.949425,-2.620440,4.607575,-6.102966,-0.003035
2,9,85.395,0.048,6844.800414,549504.033,6822705.083,5777.451,0.000000,0.000000,0.000000,549.504033,6822.705083,5.777451,-7.607325,0.615407,0.001352,-6514.026354,2114.448882,2.515528,-2.357599,-7.254450,-0.005951
11,18,251.411,0.047,6920.162688,-2205990.158,-6559133.132,5622.946,0.000000,0.000000,0.000000,-2205.990158,-6559.133132,5.622946,7.190896,-2.419429,-0.000900,3102.663591,-6184.816493,3.376562,6.780962,3.404905,-0.005013
17,3,335.764,-0.035,6914.455884,6305019.352,-2838382.226,-4181.450,0.000000,0.000000,0.000000,6305.019352,-2838.382226,-4.181450,3.116371,6.917761,0.000774,4325.152715,5387.657134,-0.364693,-5.927434,4.745980,0.004640
3,20,323.324,-0.025,6915.007463,5546045.472,-4130217.778,-2990.201,0.000000,0.000000,0.000000,5546.045472,-4130.217778,-2.990201,4.544090,6.090842,0.004113,6920.055730,129.578204,-0.071676,-0.128573,7.591197,0.005261
7,17,355.221,-0.108,6843.579409,6819777.388,-570130.785,-12899.329,0.000000,0.000000,0.000000,6819.777388,-570.130785,-12.899329,0.629036,7.607303,0.001713,4827.908673,4844.970439,-7.143105,-5.411608,5.389428,0.012106
16,18,258.482,-0.024,6866.403346,-1371030.202,-6728132.184,-2901.729,0.000000,0.000000,0.000000,-1371.030202,-6728.132184,-2.901729,7.463992,-1.523012,-0.003621,3864.136841,-5676.593855,-4.362275,6.296461,4.286694,-0.000219
3,8,277.977,-0.039,6914.485235,959601.348,-6847572.461,-4765.404,0.000000,0.000000,0.000000,959.601348,-6847.572461,-4.765404,7.525466,1.059815,0.000559,6875.613137,-779.858615,-0.700567,0.868327,7.544199,0.005205
3,14,300.652,-0.035,6913.678991,3524721.809,-5947711.804,-4201.948,0.000000,0.000000,0.000000,3524.721809,-5947.711804,-4.201948,6.539048,3.874291,0.002531,6920.055730,129.578204,-0.071676,-0.128573,7.591197,0.005261
17,15,21.035,-0.020,6912.867729,6452201.551,2481295.917,-2440.567,0.000000,0.000000,0.000000,6452.201551,2481.295917,-2.440567,-2.729729,7.081118,0.003808,1470.025489,6746.278451,1.553833,-7.426237,1.607185,0.004332
1,13,59.738,0.039,6858.468342,3456394.768,5923841.778,4668.518,0.000000,0.000000,0.000000,3456.394768,5923.841778,4.668518,-6.584266,3.848457,0.012780,-3904.202010,5648.274257,12.398814,-6.270941,-4.325068,0.000728
2,0,50.891,0.034,6843.759624,4317073.202,5310358.572,4074.937,0.000000,0.000000,0.000000,4317.073202,5310.358572,4.074937,-5.922373,4.815943,0.004763,-4172.683787,5428.528823,5.096881,-6.051332,-4.647098,-0.003319
3,13,296.872,-0.036,6913.664372,3125013.039,-6167092.482,-4344.579,0.000000,0.000000,0.000000,3125.013039,-6167.092482,-4.344579,6.779759,3.435753,0.002222,6920.055730,129.578204,-0.071676,-0.128573,7.591197,0.005261
15,9,271.801,0.096,6901.263599,216939.322,-6897843.300,11593.288,0.000000,0.000000,0.000000,216.939322,-6897.843300,11.593288,7.596531,0.242963,-0.002733,6736.562002,-1485.856116,0.452173,1.637812,7.424980,-0.013051
7,16,351.387,-0.109,6843.999596,6766803.828,-1024952.737,-12973.142,0.000000,0.000000,0.000000,6766.803828,-1024.952737,-12.973142,1.136075,7.547777,0.000747,4827.908673,4844.970439,-7.143105,-5.411608,5.389428,0.012106
19,18,96.438,-0.029,6845.430751,-767620.626,6802254.701,-3424.414,0.000000,0.000000,0.000000,-767.620626,6802.254701,-3.424414,-7.581803,-0.840011,0.005156,-5426.279007,4187.223369,0.946469,-4.659930,-6.027334,0.006327
